seed,N,pair,c,gamma_learn,gamma_oper,delta_gamma,delta_class,sign_change,route_interaction_count,route_interaction_l1
0,25,photo-art_painting,0.0,0.0407312112722605,0.0086458221437715,-0.032085389128489,ABSORB,False,1,1
0,25,photo-art_painting,0.02,0.0407312112722605,0.0136458221437715,-0.027085389128489002,ABSORB,False,1,1
0,25,photo-art_painting,0.05,0.0407312112722605,0.0268920101925758,-0.013839201079684702,ABSORB,False,2,2
0,25,photo-art_painting,0.1,0.0407312112722605,0.0308993079460568,-0.009831903326203702,ABSORB,False,0,0
0,25,photo-art_painting,0.15,0.0407312112722605,0.0348878797025712,-0.005843331569689303,ABSORB,False,1,1
0,25,photo-cartoon,0.0,0.0826236661530928,0.006432889314185,-0.0761907768389078,ABSORB,False,1,1
0,25,photo-cartoon,0.02,0.0826236661530928,0.0085348805870435,-0.0740887855660493,ABSORB,False,0,0
0,25,photo-cartoon,0.05,0.0826236661530928,0.0145049029718807,-0.0681187631812121,ABSORB,False,2,2
0,25,photo-cartoon,0.1,0.0826236661530928,0.0486042906913352,-0.0340193754617576,ABSORB,False,1,2
0,25,photo-cartoon,0.15,0.0826236661530928,0.0736042906913351,-0.009019375461757698,ABSORB,False,1,2
0,25,photo-sketch,0.0,0.1345307687296913,0.0086949933586695,-0.1258357753710218,ABSORB,False,2,3
0,25,photo-sketch,0.02,0.1345307687296913,0.0198212066011332,-0.1147095621285581,ABSORB,False,2,2
0,25,photo-sketch,0.05,0.1345307687296913,0.0384455393382175,-0.09608522939147379,ABSORB,False,3,3
0,25,photo-sketch,0.1,0.1345307687296913,0.0858168541067884,-0.04871391462290291,ABSORB,False,3,4
0,25,photo-sketch,0.15,0.1345307687296913,0.1255046364164195,-0.00902613231327179,ABSORB,False,2,2
0,25,art_painting-cartoon,0.0,0.0522517105769787,0.0070082661001442,-0.0452434444768345,ABSORB,False,1,1
0,25,art_painting-cartoon,0.02,0.0522517105769787,0.0091102573730027,-0.043141453203976,ABSORB,False,0,0
0,25,art_painting-cartoon,0.05,0.0522517105769787,0.0151347290534553,-0.0371169815235234,ABSORB,False,2,3
0,25,art_painting-cartoon,0.1,0.0522517105769787,0.0365756666849104,-0.015676043892068302,ABSORB,False,1,1
0,25,art_painting-cartoon,0.15,0.0522517105769787,0.0490756666849103,-0.0031760438920684017,ABSORB,False,1,1
0,25,art_painting-sketch,0.0,0.0691880514101574,0.0103435756760733,-0.05884447573408409,ABSORB,False,2,3
0,25,art_painting-sketch,0.02,0.0691880514101574,0.0214697889185371,-0.0477182624916203,ABSORB,False,2,2
0,25,art_painting-sketch,0.05,0.0691880514101574,0.0371491226394035,-0.03203892877075389,ABSORB,False,2,2
0,25,art_painting-sketch,0.1,0.0691880514101574,0.0497162654185955,-0.019471785991561893,ABSORB,False,1,1
0,25,art_painting-sketch,0.15,0.0691880514101574,0.0660052506665749,-0.0031828007435825006,ABSORB,False,1,1
0,25,cartoon-sketch,0.0,0.0994786770436038,0.0132946376794123,-0.0861840393641915,ABSORB,False,1,1
0,25,cartoon-sketch,0.02,0.0994786770436038,0.0145868762183319,-0.0848918008252719,ABSORB,False,0,0
0,25,cartoon-sketch,0.05,0.0994786770436038,0.0228280176629049,-0.0766506593806989,ABSORB,False,1,2
0,25,cartoon-sketch,0.1,0.0994786770436038,0.0609656265000849,-0.038513050543518904,ABSORB,False,2,3
0,25,cartoon-sketch,0.15,0.0994786770436038,0.0931198324079528,-0.0063588446356510064,ABSORB,False,2,2
0,50,photo-art_painting,0.0,0.1176674511734499,0.0110976250697075,-0.1065698261037424,ABSORB,False,2,2
0,50,photo-art_painting,0.02,0.1176674511734499,0.0210976250697075,-0.0965698261037424,ABSORB,False,2,2
0,50,photo-art_painting,0.05,0.1176674511734499,0.040900705167805,-0.0767667460056449,ABSORB,False,4,4
0,50,photo-art_painting,0.1,0.1176674511734499,0.0685736327326919,-0.049093818440758,ABSORB,False,2,2
0,50,photo-art_painting,0.15,0.1176674511734499,0.0856976476955565,-0.031969803477893396,ABSORB,False,1,1
0,50,photo-cartoon,0.0,0.14000531301585,0.01679040624083,-0.12321490677502,ABSORB,False,2,3
0,50,photo-cartoon,0.02,0.14000531301585,0.03179040624083,-0.10821490677502,ABSORB,False,2,3
0,50,photo-cartoon,0.05,0.14000531301585,0.0576827687952051,-0.08232254422064492,ABSORB,False,4,5
0,50,photo-cartoon,0.1,0.14000531301585,0.0848184117113239,-0.05518690130452611,ABSORB,False,1,1
0,50,photo-cartoon,0.15,0.14000531301585,0.0973184117113239,-0.04268690130452611,ABSORB,False,1,1
0,50,photo-sketch,0.0,0.2935787999377314,0.0157351517221595,-0.2778436482155719,ABSORB,False,2,2
0,50,photo-sketch,0.02,0.2935787999377314,0.0257351517221595,-0.2678436482155719,ABSORB,False,2,2
0,50,photo-sketch,0.05,0.2935787999377314,0.0506070437683523,-0.2429717561693791,ABSORB,False,4,5
0,50,photo-sketch,0.1,0.2935787999377314,0.1088817453084074,-0.184697054629324,ABSORB,False,4,5
0,50,photo-sketch,0.15,0.2935787999377314,0.1713817453084074,-0.12219705462932398,ABSORB,False,4,5
0,50,art_painting-cartoon,0.0,0.060002357796417,0.0108587549733579,-0.0491436028230591,ABSORB,False,2,2
0,50,art_painting-cartoon,0.02,0.060002357796417,0.0208587549733579,-0.0391436028230591,ABSORB,False,2,2
0,50,art_painting-cartoon,0.05,0.060002357796417,0.0393508546169824,-0.0206515031794346,ABSORB,False,4,4
0,50,art_painting-cartoon,0.1,0.060002357796417,0.0606420410444037,0.0006396832479866957,AMPLIFY,False,1,1
0,50,art_painting-cartoon,0.15,0.060002357796417,0.0652660560072684,0.005263698210851396,AMPLIFY,False,0,0
0,50,art_painting-sketch,0.0,0.2459396726282047,0.0101048267982649,-0.2358348458299398,ABSORB,False,2,2
0,50,art_painting-sketch,0.02,0.2459396726282047,0.0220572204492731,-0.2238824521789316,ABSORB,False,2,3
0,50,art_painting-sketch,0.05,0.2459396726282047,0.0480493200928975,-0.1978903525353072,ABSORB,False,4,5
0,50,art_painting-sketch,0.1,0.2459396726282047,0.0996564127719286,-0.1462832598562761,ABSORB,False,4,5
0,50,art_painting-sketch,0.15,0.2459396726282047,0.1542804277347934,-0.09165924489341132,ABSORB,False,3,4
0,50,cartoon-sketch,0.0,0.1917397901060225,0.0157351517221595,-0.176004638383863,ABSORB,False,2,2
0,50,cartoon-sketch,0.02,0.1917397901060225,0.0289814451076469,-0.1627583449983756,ABSORB,False,2,3
0,50,cartoon-sketch,0.05,0.1917397901060225,0.0553372407474155,-0.136402549358607,ABSORB,False,3,5
0,50,cartoon-sketch,0.1,0.1917397901060225,0.0977334734610172,-0.09400631664500529,ABSORB,False,1,1
0,50,cartoon-sketch,0.15,0.1917397901060225,0.1150949296957762,-0.07664486041024629,ABSORB,False,2,2
0,100,photo-art_painting,0.0,0.1281162129175034,0.0137132615311524,-0.11440295138635101,ABSORB,False,1,1
0,100,photo-art_painting,0.02,0.1281162129175034,0.019833581877149,-0.10828263104035442,ABSORB,False,2,2
0,100,photo-art_painting,0.05,0.1281162129175034,0.036994417337928,-0.09112179557957542,ABSORB,False,4,4
0,100,photo-art_painting,0.1,0.1281162129175034,0.0737344613399592,-0.05438175157754421,ABSORB,False,2,2
0,100,photo-art_painting,0.15,0.1281162129175034,0.0941063700773384,-0.03400984284016502,ABSORB,False,1,1
0,100,photo-cartoon,0.0,0.2248046479260899,0.0201025467555854,-0.2047021011705045,ABSORB,False,2,3
0,100,photo-cartoon,0.02,0.2248046479260899,0.0351025467555854,-0.1897021011705045,ABSORB,False,2,3
0,100,photo-cartoon,0.05,0.2248046479260899,0.0601856493808223,-0.1646189985452676,ABSORB,False,4,6
0,100,photo-cartoon,0.1,0.2248046479260899,0.1123519476427686,-0.1124527002833213,ABSORB,False,4,5
0,100,photo-cartoon,0.15,0.2248046479260899,0.1653706544198863,-0.0594339935062036,ABSORB,False,2,3
0,100,photo-sketch,0.0,0.4432242531574253,0.0171824889707536,-0.4260417641866717,ABSORB,False,2,3
0,100,photo-sketch,0.02,0.4432242531574253,0.0321824889707537,-0.4110417641866716,ABSORB,False,2,3
0,100,photo-sketch,0.05,0.4432242531574253,0.0568433244315328,-0.3863809287258925,ABSORB,False,4,5
0,100,photo-sketch,0.1,0.4432242531574253,0.1079909519901803,-0.33523330116724503,ABSORB,False,4,5
0,100,photo-sketch,0.15,0.4432242531574253,0.1704909519901803,-0.27273330116724503,ABSORB,False,4,5
0,100,art_painting-cartoon,0.0,0.1568191795508114,0.0137132615311524,-0.143105918019659,ABSORB,False,1,1
0,100,art_painting-cartoon,0.02,0.1568191795508114,0.0187132615311524,-0.138105918019659,ABSORB,False,1,1
0,100,art_painting-cartoon,0.05,0.1568191795508114,0.0332858470964693,-0.1235333324543421,ABSORB,False,3,3
0,100,art_painting-cartoon,0.1,0.1568191795508114,0.0807054690066095,-0.07611371054420189,ABSORB,False,4,4
0,100,art_painting-cartoon,0.15,0.1568191795508114,0.1233454662270541,-0.0334737133237573,ABSORB,False,1,2
0,100,art_painting-sketch,0.0,0.3705041963072324,0.0137132615311524,-0.35679093477608004,ABSORB,False,1,1
0,100,art_painting-sketch,0.02,0.3705041963072324,0.0187132615311524,-0.35179093477608003,ABSORB,False,1,1
0,100,art_painting-sketch,0.05,0.3705041963072324,0.0298375942682366,-0.3406666020389958,ABSORB,False,2,2
0,100,art_painting-sketch,0.1,0.3705041963072324,0.0724987993551598,-0.2980053969520726,ABSORB,False,2,3
0,100,art_painting-sketch,0.15,0.3705041963072324,0.1253791858602945,-0.2451250104469379,ABSORB,False,4,4
0,100,cartoon-sketch,0.0,0.3975415756132191,0.0157351517221595,-0.3818064238910596,ABSORB,False,2,2
0,100,cartoon-sketch,0.02,0.3975415756132191,0.0257351517221595,-0.3718064238910596,ABSORB,False,2,2
0,100,cartoon-sketch,0.05,0.3975415756132191,0.0505420079349839,-0.3469995676782352,ABSORB,False,3,4
0,100,cartoon-sketch,0.1,0.3975415756132191,0.1068547495469782,-0.2906868260662409,ABSORB,False,4,5
0,100,cartoon-sketch,0.15,0.3975415756132191,0.1598734563240959,-0.23766811928912324,ABSORB,False,2,3
1,25,photo-art_painting,0.0,-0.0116986667458973,0.0125046198692082,0.0242032866151055,AMPLIFY,True,1,1
1,25,photo-art_painting,0.02,-0.0116986667458973,0.0159475287513948,0.027646195497292102,AMPLIFY,True,0,0
1,25,photo-art_painting,0.05,-0.0116986667458973,-0.0025174562877975,0.0091812104580998,ABSORB,False,2,2
1,25,photo-art_painting,0.1,-0.0116986667458973,-0.0089352345316808,0.0027634322142165,ABSORB,False,1,1
1,25,photo-art_painting,0.15,-0.0116986667458973,0.0003470293049119,0.0120456960508092,ABSORB,True,0,0
1,25,photo-cartoon,0.0,0.1616544222495773,0.0125046198692082,-0.1491498023803691,ABSORB,False,1,1
1,25,photo-cartoon,0.02,0.1616544222495773,0.0187162847290153,-0.142938137520562,ABSORB,False,1,2
1,25,photo-cartoon,0.05,0.1616544222495773,0.030024189463128,-0.1316302327864493,ABSORB,False,2,2
1,25,photo-cartoon,0.1,0.1616544222495773,0.0550408903441692,-0.1066135319054081,ABSORB,False,2,2
1,25,photo-cartoon,0.15,0.1616544222495773,0.0898130182448142,-0.07184140400476309,ABSORB,False,2,2
1,25,photo-sketch,0.0,0.0674597872475468,0.0073442800172798,-0.060115507230267,ABSORB,False,0,0
1,25,photo-sketch,0.02,0.0674597872475468,0.0090072941794585,-0.05845249306808829,ABSORB,False,1,1
1,25,photo-sketch,0.05,0.0674597872475468,0.0085179944495145,-0.0589417927980323,ABSORB,False,1,1
1,25,photo-sketch,0.1,0.0674597872475468,0.030122747034267,-0.0373370402132798,ABSORB,False,3,3
1,25,photo-sketch,0.15,0.0674597872475468,0.0562360842032853,-0.011223703044261499,ABSORB,False,2,2
1,25,art_painting-cartoon,0.0,0.144166928986688,0.0125046198692082,-0.1316623091174798,ABSORB,False,1,1
1,25,art_painting-cartoon,0.02,0.144166928986688,0.0192171892461046,-0.1249497397405834,ABSORB,False,1,1
1,25,art_painting-cartoon,0.05,0.144166928986688,0.0189434240649895,-0.1252235049216985,ABSORB,False,1,1
1,25,art_painting-cartoon,0.1,0.144166928986688,0.041681315117398,-0.10248561386929,ABSORB,False,3,3
1,25,art_painting-cartoon,0.15,0.144166928986688,0.080623570777319,-0.063543358209369,ABSORB,False,2,2
1,25,art_painting-sketch,0.0,0.0704704254791864,0.0153763757936664,-0.05509404968552,ABSORB,False,1,1
1,25,art_painting-sketch,0.02,0.0704704254791864,0.018819284675853,-0.0516511408033334,ABSORB,False,0,0
1,25,art_painting-sketch,0.05,0.0704704254791864,0.0110455194947377,-0.0594249059844487,ABSORB,False,0,0
1,25,art_painting-sketch,0.1,0.0704704254791864,0.034307120233054,-0.0361633052461324,ABSORB,False,3,4
1,25,art_painting-sketch,0.15,0.0704704254791864,0.0697027212386651,-0.0007677042405213053,ABSORB,False,2,2
1,25,cartoon-sketch,0.0,0.1796584225716831,0.0081848656681842,-0.1714735569034989,ABSORB,False,1,1
1,25,cartoon-sketch,0.02,0.1796584225716831,0.0131848656681841,-0.166473556903499,ABSORB,False,1,1
1,25,cartoon-sketch,0.05,0.1796584225716831,0.0244948764185506,-0.1551635461531325,ABSORB,False,3,3
1,25,cartoon-sketch,0.1,0.1796584225716831,0.0668995767892263,-0.1127588457824568,ABSORB,False,3,4
1,25,cartoon-sketch,0.15,0.1796584225716831,0.1153473601217929,-0.0643110624498902,ABSORB,False,3,4
1,50,photo-art_painting,0.0,0.0968050919370183,0.0125046198692082,-0.0843004720678101,ABSORB,False,1,1
1,50,photo-art_painting,0.02,0.0968050919370183,0.0175046198692081,-0.07930047206781021,ABSORB,False,1,1
1,50,photo-art_painting,0.05,0.0968050919370183,0.0288348912052832,-0.0679702007317351,ABSORB,False,3,3
1,50,photo-art_painting,0.1,0.0968050919370183,0.0522602596370203,-0.044544832299998005,ABSORB,False,2,2
1,50,photo-art_painting,0.15,0.0968050919370183,0.0667895508505079,-0.030015541086510403,ABSORB,False,1,1
1,50,photo-cartoon,0.0,0.1317042364154211,0.0101820204985183,-0.12152221591690279,ABSORB,False,0,0
1,50,photo-cartoon,0.02,0.1317042364154211,0.0101820204985183,-0.12152221591690279,ABSORB,False,0,0
1,50,photo-cartoon,0.05,0.1317042364154211,0.0124851781407471,-0.119219058274674,ABSORB,False,3,3
1,50,photo-cartoon,0.1,0.1317042364154211,0.057032062659327,-0.07467217375609408,ABSORB,False,4,4
1,50,photo-cartoon,0.15,0.1317042364154211,0.0988714863744885,-0.032832750040932585,ABSORB,False,2,2
1,50,photo-sketch,0.0,0.3060253138396805,0.0125046198692082,-0.2935206939704723,ABSORB,False,1,1
1,50,photo-sketch,0.02,0.3060253138396805,0.018207586323294,-0.2878177275163865,ABSORB,False,1,2
1,50,photo-sketch,0.05,0.3060253138396805,0.0331031002404444,-0.27292221359923613,ABSORB,False,3,4
1,50,photo-sketch,0.1,0.3060253138396805,0.0902126867964062,-0.2158126270432743,ABSORB,False,4,5
1,50,photo-sketch,0.15,0.3060253138396805,0.144585325217832,-0.16143998862184852,ABSORB,False,3,4
1,50,art_painting-cartoon,0.0,0.1304215610134218,0.0101820204985183,-0.12023954051490351,ABSORB,False,0,0
1,50,art_painting-cartoon,0.02,0.1304215610134218,0.0101820204985183,-0.12023954051490351,ABSORB,False,0,0
1,50,art_painting-cartoon,0.05,0.1304215610134218,0.0203252785181471,-0.11009628249527471,ABSORB,False,2,2
1,50,art_painting-cartoon,0.1,0.1304215610134218,0.0559343440347295,-0.07448721697869232,ABSORB,False,4,4
1,50,art_painting-cartoon,0.15,0.1304215610134218,0.0941097825340405,-0.036311778479381315,ABSORB,False,2,2
1,50,art_painting-sketch,0.0,0.257649974501255,0.0125046198692082,-0.24514535463204679,ABSORB,False,1,1
1,50,art_painting-sketch,0.02,0.257649974501255,0.0175046198692081,-0.2401453546320469,ABSORB,False,1,1
1,50,art_painting-sketch,0.05,0.257649974501255,0.0328987279484503,-0.22475124655280468,ABSORB,False,2,3
1,50,art_painting-sketch,0.1,0.257649974501255,0.0700931821040775,-0.18755679239717749,ABSORB,False,4,5
1,50,art_painting-sketch,0.15,0.257649974501255,0.1208018353096529,-0.1368481391916021,ABSORB,False,3,4
1,50,cartoon-sketch,0.0,0.1851011836948535,0.0101820204985183,-0.17491916319633521,ABSORB,False,0,0
1,50,cartoon-sketch,0.02,0.1851011836948535,0.0101820204985183,-0.17491916319633521,ABSORB,False,0,0
1,50,cartoon-sketch,0.05,0.1851011836948535,0.0178827745484437,-0.1672184091464098,ABSORB,False,3,3
1,50,cartoon-sketch,0.1,0.1851011836948535,0.0616066106609167,-0.12349457303393681,ABSORB,False,3,3
1,50,cartoon-sketch,0.15,0.1851011836948535,0.0990733959546527,-0.08602778774020081,ABSORB,False,2,2
1,100,photo-art_painting,0.0,0.1415233781986825,0.0125046198692082,-0.1290187583294743,ABSORB,False,1,1
1,100,photo-art_painting,0.02,0.1415233781986825,0.0175046198692081,-0.1240187583294744,ABSORB,False,1,1
1,100,photo-art_painting,0.05,0.1415233781986825,0.0293910954169365,-0.11213228278174599,ABSORB,False,2,2
1,100,photo-art_painting,0.1,0.1415233781986825,0.0605094641559229,-0.0810139140427596,ABSORB,False,3,3
1,100,photo-art_painting,0.15,0.1415233781986825,0.0875908082161345,-0.05393256998254799,ABSORB,False,1,1
1,100,photo-cartoon,0.0,0.1641266120972984,0.0107369034686555,-0.1533897086286429,ABSORB,False,0,0
1,100,photo-cartoon,0.02,0.1641266120972984,0.0116852664315926,-0.1524413456657058,ABSORB,False,1,1
1,100,photo-cartoon,0.05,0.1641266120972984,0.0255462975901226,-0.13858031450717578,ABSORB,False,3,3
1,100,photo-cartoon,0.1,0.1641266120972984,0.0777548697375654,-0.086371742359733,ABSORB,False,4,5
1,100,photo-cartoon,0.15,0.1641266120972984,0.1174468400558288,-0.0466797720414696,ABSORB,False,1,1
1,100,photo-sketch,0.0,0.4347904434181256,0.0125046198692082,-0.4222858235489174,ABSORB,False,1,1
1,100,photo-sketch,0.02,0.4347904434181256,0.0175046198692081,-0.4172858235489175,ABSORB,False,1,1
1,100,photo-sketch,0.05,0.4347904434181256,0.0362694709416295,-0.3985209724764961,ABSORB,False,3,4
1,100,photo-sketch,0.1,0.4347904434181256,0.0942285983100186,-0.340561845108107,ABSORB,False,4,7
1,100,photo-sketch,0.15,0.4347904434181256,0.1713099423702302,-0.26348050104789544,ABSORB,False,4,5
1,100,art_painting-cartoon,0.0,0.1169598087371877,0.0107369034686555,-0.1062229052685322,ABSORB,False,0,0
1,100,art_painting-cartoon,0.02,0.1169598087371877,0.0107369034686555,-0.1062229052685322,ABSORB,False,0,0
1,100,art_painting-cartoon,0.05,0.1169598087371877,0.0160613354043935,-0.1008984733327942,ABSORB,False,2,2
1,100,art_painting-cartoon,0.1,0.1169598087371877,0.0511476943748419,-0.0658121143623458,ABSORB,False,3,3
1,100,art_painting-cartoon,0.15,0.1169598087371877,0.0762583206328938,-0.0407014881042939,ABSORB,False,1,1
1,100,art_painting-sketch,0.0,0.3966063011465132,0.0125046198692082,-0.384101681277305,ABSORB,False,1,1
1,100,art_painting-sketch,0.02,0.3966063011465132,0.0175046198692081,-0.3791016812773051,ABSORB,False,1,1
1,100,art_painting-sketch,0.05,0.3966063011465132,0.0321550277345377,-0.3644512734119755,ABSORB,False,2,3
1,100,art_painting-sketch,0.1,0.3966063011465132,0.0815445740319561,-0.3150617271145571,ABSORB,False,4,5
1,100,art_painting-sketch,0.15,0.3966063011465132,0.1440445740319561,-0.25256172711455704,ABSORB,False,4,5
1,100,cartoon-sketch,0.0,0.3019624928024441,0.0107369034686555,-0.29122558933378856,ABSORB,False,0,0
1,100,cartoon-sketch,0.02,0.3019624928024441,0.0123919009566488,-0.28957059184579526,ABSORB,False,1,1
1,100,cartoon-sketch,0.05,0.3019624928024441,0.0237019117070155,-0.27826058109542856,ABSORB,False,3,3
1,100,cartoon-sketch,0.1,0.3019624928024441,0.0674909917350448,-0.23447150106739928,ABSORB,False,4,4
1,100,cartoon-sketch,0.15,0.3019624928024441,0.1105078629637356,-0.19145462983870848,ABSORB,False,3,3
2,25,photo-art_painting,0.0,0.017583885869091,0.007917374824679,-0.009666511044412001,ABSORB,False,0,0
2,25,photo-art_painting,0.02,0.017583885869091,0.0094320417469417,-0.008151844122149301,ABSORB,False,1,1
2,25,photo-art_painting,0.05,0.017583885869091,0.0028352230834817,-0.0147486627856093,ABSORB,False,1,1
2,25,photo-art_painting,0.1,0.017583885869091,0.0006736708736042,-0.0169102149954868,ABSORB,False,0,0
2,25,photo-art_painting,0.15,0.017583885869091,0.0098213001120441,-0.0077625857570469015,ABSORB,False,1,1
2,25,photo-cartoon,0.0,0.0458745107039062,0.0137027138330573,-0.032171796870848895,ABSORB,False,2,2
2,25,photo-cartoon,0.02,0.0458745107039062,0.0196712723183559,-0.026203238385550297,ABSORB,False,1,1
2,25,photo-cartoon,0.05,0.0458745107039062,0.0258394558367104,-0.020035054867195798,ABSORB,False,0,0
2,25,photo-cartoon,0.1,0.0458745107039062,0.0258394558367104,-0.020035054867195798,ABSORB,False,0,0
2,25,photo-cartoon,0.15,0.0458745107039062,0.0308566990432086,-0.015017811660697596,ABSORB,False,1,1
2,25,photo-sketch,0.0,0.0892583863773222,0.0202446652638637,-0.06901372111345849,ABSORB,False,2,2
2,25,photo-sketch,0.02,0.0892583863773222,0.0302446652638638,-0.0590137211134584,ABSORB,False,2,2
2,25,photo-sketch,0.05,0.0892583863773222,0.0407240680171622,-0.04853431836016,ABSORB,False,2,2
2,25,photo-sketch,0.1,0.0892583863773222,0.0600956794201048,-0.0291627069572174,ABSORB,False,3,3
2,25,photo-sketch,0.15,0.0892583863773222,0.0742405747166246,-0.0150178116606976,ABSORB,False,1,1
2,25,art_painting-cartoon,0.0,0.0397062613496379,0.0136687582768399,-0.026037503072798,ABSORB,False,1,1
2,25,art_painting-cartoon,0.02,0.0397062613496379,0.0175864006102371,-0.022119860739400803,ABSORB,False,1,1
2,25,art_painting-cartoon,0.05,0.0397062613496379,0.0195161840178531,-0.020190077331784802,ABSORB,False,0,0
2,25,art_painting-cartoon,0.1,0.0397062613496379,0.0195161840178531,-0.020190077331784802,ABSORB,False,0,0
2,25,art_painting-cartoon,0.15,0.0397062613496379,0.0295052189166765,-0.010201042432961403,ABSORB,False,1,1
2,25,art_painting-sketch,0.0,0.0824658103365979,0.0130486495575337,-0.06941716077906421,ABSORB,False,1,1
2,25,art_painting-sketch,0.02,0.0824658103365979,0.0180486495575338,-0.0644171607790641,ABSORB,False,1,1
2,25,art_painting-sketch,0.05,0.0824658103365979,0.024631804015708,-0.057834006320889905,ABSORB,False,2,2
2,25,art_painting-sketch,0.1,0.0824658103365979,0.0472265117569046,-0.0352392985796933,ABSORB,False,2,2
2,25,art_painting-sketch,0.15,0.0824658103365979,0.0722647679036365,-0.010201042432961396,ABSORB,False,1,1
2,25,cartoon-sketch,0.0,0.0346907579466013,0.0070307633948735,-0.0276599945517278,ABSORB,False,1,1
2,25,cartoon-sketch,0.02,0.0346907579466013,0.007999321880172,-0.0266914360664293,ABSORB,False,0,0
2,25,cartoon-sketch,0.05,0.0346907579466013,0.0091041544942214,-0.0255866034523799,ABSORB,False,0,0
2,25,cartoon-sketch,0.1,0.0346907579466013,0.0158013155878061,-0.0188894423587952,ABSORB,False,2,2
2,25,cartoon-sketch,0.15,0.0346907579466013,0.0346907579466013,0.0,PRESERVE,False,0,0
2,50,photo-art_painting,0.0,0.0616904623868145,0.0188649089664717,-0.0428255534203428,ABSORB,False,1,1
2,50,photo-art_painting,0.02,0.0616904623868145,0.0198871878570171,-0.0418032745297974,ABSORB,False,2,2
2,50,photo-art_painting,0.05,0.0616904623868145,0.0216109714528935,-0.040079490933921,ABSORB,False,0,0
2,50,photo-art_painting,0.1,0.0616904623868145,0.0276266985182102,-0.034063763868604297,ABSORB,False,1,1
2,50,photo-art_painting,0.15,0.0616904623868145,0.0442021789940154,-0.0174882833927991,ABSORB,False,1,1
2,50,photo-cartoon,0.0,0.1397676345110592,0.0158930279796148,-0.1238746065314444,ABSORB,False,2,2
2,50,photo-cartoon,0.02,0.1397676345110592,0.0238967702133572,-0.11587086429770199,ABSORB,False,3,4
2,50,photo-cartoon,0.05,0.1397676345110592,0.0397672011688186,-0.1000004333422406,ABSORB,False,3,3
2,50,photo-cartoon,0.1,0.1397676345110592,0.0772672011688185,-0.0625004333422407,ABSORB,False,3,3
2,50,photo-cartoon,0.15,0.1397676345110592,0.0923858792691082,-0.047381755241951,ABSORB,False,1,1
2,50,photo-sketch,0.0,0.256409382009629,0.0309684075419731,-0.22544097446765587,ABSORB,False,2,3
2,50,photo-sketch,0.02,0.256409382009629,0.0419906864325185,-0.2144186955771105,ABSORB,False,3,4
2,50,photo-sketch,0.05,0.256409382009629,0.061302702303012,-0.195106679706617,ABSORB,False,3,4
2,50,photo-sketch,0.1,0.256409382009629,0.1021875914437949,-0.15422179056583407,ABSORB,False,3,3
2,50,photo-sketch,0.15,0.256409382009629,0.1391973968349372,-0.11721198517469178,ABSORB,False,3,3
2,50,art_painting-cartoon,0.0,0.0927016348850046,0.0204070702222552,-0.0722945646627494,ABSORB,False,2,2
2,50,art_painting-cartoon,0.02,0.0927016348850046,0.0304070702222554,-0.0622945646627492,ABSORB,False,2,2
2,50,art_painting-cartoon,0.05,0.0927016348850046,0.0467238641299866,-0.045977770755018,ABSORB,False,2,2
2,50,art_painting-cartoon,0.1,0.0927016348850046,0.0717238641299866,-0.020977770755018,ABSORB,False,2,2
2,50,art_painting-cartoon,0.15,0.0927016348850046,0.0855858163933301,-0.007115818491674503,ABSORB,False,1,1
2,50,art_painting-sketch,0.0,0.178716231782526,0.0136904187606617,-0.16502581302186428,ABSORB,False,1,1
2,50,art_painting-sketch,0.02,0.178716231782526,0.0201727577691487,-0.1585434740133773,ABSORB,False,2,3
2,50,art_painting-sketch,0.05,0.178716231782526,0.038953019252188,-0.139763212530338,ABSORB,False,2,2
2,50,art_painting-sketch,0.1,0.178716231782526,0.0666120241695499,-0.1121042076129761,ABSORB,False,2,2
2,50,art_painting-sketch,0.15,0.178716231782526,0.1017701833581108,-0.07694604842441519,ABSORB,False,3,3
2,50,cartoon-sketch,0.0,0.1642735155477657,0.0212008940618551,-0.1430726214859106,ABSORB,False,2,3
2,50,cartoon-sketch,0.02,0.1642735155477657,0.0362008940618552,-0.1280726214859105,ABSORB,False,2,3
2,50,cartoon-sketch,0.05,0.1642735155477657,0.0568055177921895,-0.1074679977555762,ABSORB,False,3,3
2,50,cartoon-sketch,0.1,0.1642735155477657,0.0887428979935636,-0.07553061755420211,ABSORB,False,2,3
2,50,cartoon-sketch,0.15,0.1642735155477657,0.1095022260053185,-0.0547712895424472,ABSORB,False,3,3
2,100,photo-art_painting,0.0,0.033682392571068,0.013989956624099,-0.019692435946968997,ABSORB,False,1,1
2,100,photo-art_painting,0.02,0.033682392571068,0.0179730902310212,-0.015709302340046798,ABSORB,False,1,1
2,100,photo-art_painting,0.05,0.033682392571068,0.0205235654369697,-0.013158827134098296,ABSORB,False,0,0
2,100,photo-art_painting,0.1,0.033682392571068,0.0247292520950938,-0.008953140475974196,ABSORB,False,0,0
2,100,photo-art_painting,0.15,0.033682392571068,0.0298406151938125,-0.0038417773772554953,ABSORB,False,0,0
2,100,photo-cartoon,0.0,0.1590278240040434,0.0202561382444155,-0.1387716857596279,ABSORB,False,3,3
2,100,photo-cartoon,0.02,0.1590278240040434,0.0328206472201555,-0.12620717678388788,ABSORB,False,2,3
2,100,photo-cartoon,0.05,0.1590278240040434,0.0532910880736645,-0.10573673593037888,ABSORB,False,3,3
2,100,photo-cartoon,0.1,0.1590278240040434,0.0863858028882332,-0.07264202111581018,ABSORB,False,2,2
2,100,photo-cartoon,0.15,0.1590278240040434,0.1055723819107412,-0.05345544209330219,ABSORB,False,1,2
2,100,photo-sketch,0.0,0.4087040729956916,0.0220282983779711,-0.3866757746177205,ABSORB,False,2,2
2,100,photo-sketch,0.02,0.4087040729956916,0.0304474233489103,-0.3782566496467813,ABSORB,False,2,3
2,100,photo-sketch,0.05,0.4087040729956916,0.0545493859730404,-0.35415468702265124,ABSORB,False,3,4
2,100,photo-sketch,0.1,0.4087040729956916,0.1046191716333579,-0.3040849013623337,ABSORB,False,4,4
2,100,photo-sketch,0.15,0.4087040729956916,0.163766800871798,-0.2449372721238936,ABSORB,False,4,5
2,100,art_painting-cartoon,0.0,0.0912410570796763,0.0115842109349997,-0.0796568461446766,ABSORB,False,2,2
2,100,art_painting-cartoon,0.02,0.0912410570796763,0.0251692606057224,-0.06607179647395389,ABSORB,False,2,3
2,100,art_painting-cartoon,0.05,0.0912410570796763,0.0390882140410498,-0.052152843038626495,ABSORB,False,1,1
2,100,art_painting-cartoon,0.1,0.0912410570796763,0.0596119945580768,-0.03162906252159949,ABSORB,False,2,2
2,100,art_painting-cartoon,0.15,0.0912410570796763,0.0665277607837214,-0.024713296295954895,ABSORB,False,0,0
2,100,art_painting-sketch,0.0,0.3493052737868475,0.0090004740291373,-0.3403047997577102,ABSORB,False,1,1
2,100,art_painting-sketch,0.02,0.3493052737868475,0.0183600412194805,-0.330945232567367,ABSORB,False,1,2
2,100,art_painting-sketch,0.05,0.3493052737868475,0.0331345314471616,-0.3161707423396859,ABSORB,False,2,2
2,100,art_painting-sketch,0.1,0.3493052737868475,0.074969073021017,-0.2743362007658305,ABSORB,False,4,4
2,100,art_painting-sketch,0.15,0.3493052737868475,0.1300804361197358,-0.2192248376671117,ABSORB,False,4,4
2,100,cartoon-sketch,0.0,0.3893234733035465,0.0187321665618285,-0.370591306741718,ABSORB,False,2,3
2,100,cartoon-sketch,0.02,0.3893234733035465,0.0337321665618286,-0.3555913067417179,ABSORB,False,2,3
2,100,cartoon-sketch,0.05,0.3893234733035465,0.0542026074153375,-0.335120865888209,ABSORB,False,3,3
2,100,cartoon-sketch,0.1,0.3893234733035465,0.0963882125046845,-0.292935260798862,ABSORB,False,4,4
2,100,cartoon-sketch,0.15,0.3893234733035465,0.1423556279999144,-0.24696784530363208,ABSORB,False,4,5
3,25,photo-art_painting,0.0,-0.0021950100768659,0.0247222808099946,0.026917290886860498,AMPLIFY,True,1,1
3,25,photo-art_painting,0.02,-0.0021950100768659,0.026466597974151,0.0286616080510169,AMPLIFY,True,2,2
3,25,photo-art_painting,0.05,-0.0021950100768659,0.012149069062419,0.0143440791392849,AMPLIFY,True,1,1
3,25,photo-art_painting,0.1,-0.0021950100768659,0.0044439924033801,0.006639002480246001,AMPLIFY,True,1,1
3,25,photo-art_painting,0.15,-0.0021950100768659,-0.0021950100768659,0.0,PRESERVE,False,0,0
3,25,photo-cartoon,0.0,0.026640597383867,0.0080151114538885,-0.0186254859299785,ABSORB,False,1,1
3,25,photo-cartoon,0.02,0.026640597383867,0.0111678424346903,-0.015472754949176699,ABSORB,False,3,3
3,25,photo-cartoon,0.05,0.026640597383867,0.0093658022891808,-0.0172747950946862,ABSORB,False,3,3
3,25,photo-cartoon,0.1,0.026640597383867,0.0190938102799425,-0.0075467871039245,ABSORB,False,2,2
3,25,photo-cartoon,0.15,0.026640597383867,0.026640597383867,0.0,PRESERVE,False,0,0
3,25,photo-sketch,0.0,0.1195790376846728,0.0265047823197427,-0.09307425536493011,ABSORB,False,2,2
3,25,photo-sketch,0.02,0.1195790376846728,0.0346575133005444,-0.0849215243841284,ABSORB,False,4,4
3,25,photo-sketch,0.05,0.1195790376846728,0.0422032275483384,-0.0773758101363344,ABSORB,False,3,3
3,25,photo-sketch,0.1,0.1195790376846728,0.0523038058448145,-0.06727523183985831,ABSORB,False,1,1
3,25,photo-sketch,0.15,0.1195790376846728,0.0725266933763655,-0.047052344308307306,ABSORB,False,2,2
3,25,art_painting-cartoon,0.0,-0.0038854746125094,0.0049946916627084,0.0088801662752178,AMPLIFY,True,2,2
3,25,art_painting-cartoon,0.02,-0.0038854746125094,-0.0060334415278727,-0.0021479669153633,AMPLIFY,False,2,2
3,25,art_painting-cartoon,0.05,-0.0038854746125094,-0.0168276787629967,-0.012942204150487299,AMPLIFY,False,2,2
3,25,art_painting-cartoon,0.1,-0.0038854746125094,-0.0030311731229091,0.0008543014896003,ABSORB,False,2,2
3,25,art_painting-cartoon,0.15,-0.0038854746125094,-0.0038854746125094,0.0,PRESERVE,False,0,0
3,25,art_painting-sketch,0.0,0.079712594613475,0.0234843625285626,-0.0562282320849124,ABSORB,False,1,1
3,25,art_painting-sketch,0.02,0.079712594613475,0.0172524803736314,-0.0624601142398436,ABSORB,False,3,3
3,25,art_painting-sketch,0.05,0.079712594613475,0.012105957754779,-0.067606636858696,ABSORB,False,1,1
3,25,art_painting-sketch,0.1,0.079712594613475,0.0079308272450298,-0.0717817673684452,ABSORB,False,1,1
3,25,art_painting-sketch,0.15,0.079712594613475,0.0326602503051677,-0.047052344308307306,ABSORB,False,2,2
3,25,cartoon-sketch,0.0,-0.0053274550222267,0.0080151114538885,0.0133425664761152,AMPLIFY,True,1,1
3,25,cartoon-sketch,0.02,-0.0053274550222267,0.0130151114538885,0.0183425664761152,AMPLIFY,True,1,1
3,25,cartoon-sketch,0.05,-0.0053274550222267,0.0228685888350361,0.0281960438572628,AMPLIFY,True,3,3
3,25,cartoon-sketch,0.1,-0.0053274550222267,0.0298192091179698,0.0351466641401965,AMPLIFY,True,2,2
3,25,cartoon-sketch,0.15,-0.0053274550222267,0.0261668657506676,0.031494320772894296,AMPLIFY,True,1,1
3,50,photo-art_painting,0.0,0.0717259603768251,0.0262698378908526,-0.0454561224859725,ABSORB,False,3,3
3,50,photo-art_painting,0.02,0.0717259603768251,0.0304632683397538,-0.04126269203707131,ABSORB,False,4,4
3,50,photo-art_painting,0.05,0.0717259603768251,0.0337570768020781,-0.037968883574747,ABSORB,False,3,4
3,50,photo-art_painting,0.1,0.0717259603768251,0.0453218207145837,-0.026404139662241408,ABSORB,False,1,1
3,50,photo-art_painting,0.15,0.0717259603768251,0.0578218207145838,-0.013904139662241306,ABSORB,False,1,1
3,50,photo-cartoon,0.0,0.1743765588028093,0.0221178782456986,-0.1522586805571107,ABSORB,False,1,2
3,50,photo-cartoon,0.02,0.1743765588028093,0.0317721054915219,-0.1426044533112874,ABSORB,False,3,4
3,50,photo-cartoon,0.05,0.1743765588028093,0.0504847389677572,-0.1238918198350521,ABSORB,False,3,4
3,50,photo-cartoon,0.1,0.1743765588028093,0.1031513351715933,-0.071225223631216,ABSORB,False,2,3
3,50,photo-cartoon,0.15,0.1743765588028093,0.1406513351715933,-0.033725223631215995,ABSORB,False,2,3
3,50,photo-sketch,0.0,0.3142384560378607,0.0276120274463271,-0.2866264285915336,ABSORB,False,3,4
3,50,photo-sketch,0.02,0.3142384560378607,0.0412682188145985,-0.2729702372232622,ABSORB,False,4,6
3,50,photo-sketch,0.05,0.3142384560378607,0.064141605469965,-0.2500968505678957,ABSORB,False,4,6
3,50,photo-sketch,0.1,0.3142384560378607,0.1233461706818316,-0.19089228535602912,ABSORB,False,3,3
3,50,photo-sketch,0.15,0.3142384560378607,0.1602537242228119,-0.15398473181504882,ABSORB,False,3,3
3,50,art_painting-cartoon,0.0,0.1095282538556028,0.0212262430503329,-0.0883020108052699,ABSORB,False,1,1
3,50,art_painting-cartoon,0.02,0.1095282538556028,0.0262262430503329,-0.0833020108052699,ABSORB,False,1,1
3,50,art_painting-cartoon,0.05,0.1095282538556028,0.0336951908678985,-0.0758330629877043,ABSORB,False,4,4
3,50,art_painting-cartoon,0.1,0.1095282538556028,0.0595000075448555,-0.0500282463107473,ABSORB,False,2,3
3,50,art_painting-cartoon,0.15,0.1095282538556028,0.0970000075448555,-0.01252824631074731,ABSORB,False,2,3
3,50,art_painting-sketch,0.0,0.2790771161536605,0.0265047823197427,-0.2525723338339178,ABSORB,False,2,2
3,50,art_painting-sketch,0.02,0.2790771161536605,0.0365047823197426,-0.24257233383391788,ABSORB,False,2,2
3,50,art_painting-sketch,0.05,0.2790771161536605,0.0601810829881281,-0.21889603316553238,ABSORB,False,3,5
3,50,art_painting-sketch,0.1,0.2790771161536605,0.1046706253993986,-0.1744064907542619,ABSORB,False,4,4
3,50,art_painting-sketch,0.15,0.2790771161536605,0.1462893616590803,-0.1327877544945802,ABSORB,False,3,3
3,50,cartoon-sketch,0.0,0.2436675708960836,0.0241682257585754,-0.21949934513750818,ABSORB,False,1,2
3,50,cartoon-sketch,0.02,0.2436675708960836,0.0357298220744816,-0.207937748821602,ABSORB,False,2,3
3,50,cartoon-sketch,0.05,0.2436675708960836,0.0608014099730199,-0.18286616092306368,ABSORB,False,3,4
3,50,cartoon-sketch,0.1,0.2436675708960836,0.1136464296631262,-0.13002114123295738,ABSORB,False,3,3
3,50,cartoon-sketch,0.15,0.2436675708960836,0.1427651659228076,-0.10090240497327599,ABSORB,False,2,2
3,100,photo-art_painting,0.0,0.1164236382482979,0.0261311289622724,-0.0902925092860255,ABSORB,False,3,3
3,100,photo-art_painting,0.02,0.1164236382482979,0.0396347489246562,-0.0767888893236417,ABSORB,False,4,4
3,100,photo-art_painting,0.05,0.1164236382482979,0.0545326305247547,-0.06189100772354321,ABSORB,False,3,3
3,100,photo-art_painting,0.1,0.1164236382482979,0.0779402654044236,-0.038483372843874306,ABSORB,False,2,3
3,100,photo-art_painting,0.15,0.1164236382482979,0.0996373611552382,-0.0167862770930597,ABSORB,False,1,2
3,100,photo-cartoon,0.0,0.1924903753973155,0.0269394036039124,-0.1655509717934031,ABSORB,False,2,2
3,100,photo-cartoon,0.02,0.1924903753973155,0.0370553473367342,-0.1554350280605813,ABSORB,False,3,3
3,100,photo-cartoon,0.05,0.1924903753973155,0.0616433168075402,-0.1308470585897753,ABSORB,False,3,3
3,100,photo-cartoon,0.1,0.1924903753973155,0.119669030418419,-0.0728213449788965,ABSORB,False,4,4
3,100,photo-cartoon,0.15,0.1924903753973155,0.1554700446189273,-0.037020330778388205,ABSORB,False,2,2
3,100,photo-sketch,0.0,0.4702276214489974,0.0217777759069176,-0.4484498455420798,ABSORB,False,3,4
3,100,photo-sketch,0.02,0.4702276214489974,0.0340239149812784,-0.436203706467719,ABSORB,False,2,3
3,100,photo-sketch,0.05,0.4702276214489974,0.0586118844520845,-0.4116157369969129,ABSORB,False,4,5
3,100,photo-sketch,0.1,0.4702276214489974,0.1175761199934599,-0.3526515014555375,ABSORB,False,3,5
3,100,photo-sketch,0.15,0.4702276214489974,0.1800395656853511,-0.29018805576364626,ABSORB,False,4,5
3,100,art_painting-cartoon,0.0,0.1784519560933153,0.025960296093432,-0.1524916599998833,ABSORB,False,1,1
3,100,art_painting-cartoon,0.02,0.1784519560933153,0.0330037842875595,-0.1454481718057558,ABSORB,False,3,3
3,100,art_painting-cartoon,0.05,0.1784519560933153,0.0420626174648998,-0.13638933862841549,ABSORB,False,3,3
3,100,art_painting-cartoon,0.1,0.1784519560933153,0.0918367342117471,-0.0866152218815682,ABSORB,False,4,4
3,100,art_painting-cartoon,0.15,0.1784519560933153,0.1320461068942118,-0.04640584919910348,ABSORB,False,2,2
3,100,art_painting-sketch,0.0,0.4661200766180581,0.0265047823197427,-0.4396152942983154,ABSORB,False,2,2
3,100,art_painting-sketch,0.02,0.4661200766180581,0.0356135281740092,-0.4305065484440489,ABSORB,False,3,4
3,100,art_painting-sketch,0.05,0.4661200766180581,0.0509950282018403,-0.4151250484162178,ABSORB,False,3,4
3,100,art_painting-sketch,0.1,0.4661200766180581,0.1047497778919983,-0.3613702987260598,ABSORB,False,4,5
3,100,art_painting-sketch,0.15,0.4661200766180581,0.1665465024336965,-0.2995735741843616,ABSORB,False,4,5
3,100,cartoon-sketch,0.0,0.4259627815883785,0.0286246329475171,-0.3973381486408614,ABSORB,False,2,2
3,100,cartoon-sketch,0.02,0.4259627815883785,0.038624632947517,-0.3873381486408615,ABSORB,False,2,2
3,100,cartoon-sketch,0.05,0.4259627815883785,0.0561962208460555,-0.369766560742323,ABSORB,False,3,3
3,100,cartoon-sketch,0.1,0.4259627815883785,0.1093044022515609,-0.3166583793368176,ABSORB,False,4,4
3,100,cartoon-sketch,0.15,0.4259627815883785,0.1574878452188907,-0.2684749363694878,ABSORB,False,3,3
4,25,photo-art_painting,0.0,-0.025404638726012,0.0,0.025404638726012,ABSORB,False,0,0
4,25,photo-art_painting,0.02,-0.025404638726012,-0.0042780493729455,0.0211265893530665,ABSORB,False,3,4
4,25,photo-art_painting,0.05,-0.025404638726012,-0.0126485688488505,0.012756069877161502,ABSORB,False,3,3
4,25,photo-art_painting,0.1,-0.025404638726012,-0.008160613999082,0.01724402472693,ABSORB,False,1,1
4,25,photo-art_painting,0.15,-0.025404638726012,-0.0017338927979894,0.0236707459280226,ABSORB,False,1,1
4,25,photo-cartoon,0.0,0.043579182196883,0.0,-0.043579182196883,ABSORB,False,0,0
4,25,photo-cartoon,0.02,0.043579182196883,0.0009417614548822,-0.042637420742000796,ABSORB,False,2,3
4,25,photo-cartoon,0.05,0.043579182196883,0.0019467606508589,-0.0416324215460241,ABSORB,False,3,3
4,25,photo-cartoon,0.1,0.043579182196883,0.0263213177186955,-0.017257864478187498,ABSORB,False,2,2
4,25,photo-cartoon,0.15,0.043579182196883,0.043579182196883,0.0,PRESERVE,False,0,0
4,25,photo-sketch,0.0,0.051308026071735,0.0,-0.051308026071735,ABSORB,False,0,0
4,25,photo-sketch,0.02,0.051308026071735,-0.0017539247181486,-0.0530619507898836,ABSORB,True,2,2
4,25,photo-sketch,0.05,0.051308026071735,-0.0036423550335052,-0.0549503811052402,ABSORB,True,2,2
4,25,photo-sketch,0.1,0.051308026071735,0.0211474225971118,-0.0301606034746232,ABSORB,False,3,3
4,25,photo-sketch,0.15,0.051308026071735,0.045746196222999,-0.005561829848736002,ABSORB,False,1,1
4,25,art_painting-cartoon,0.0,0.0544602218118391,0.0,-0.0544602218118391,ABSORB,False,0,0
4,25,art_painting-cartoon,0.02,0.0544602218118391,-0.0002966884946914,-0.0547569103065305,ABSORB,True,2,2
4,25,art_painting-cartoon,0.05,0.0544602218118391,0.0040676472404421,-0.050392574571397,ABSORB,False,2,2
4,25,art_painting-cartoon,0.1,0.0544602218118391,0.0312854918153322,-0.023174729996506896,ABSORB,False,2,3
4,25,art_painting-cartoon,0.15,0.0544602218118391,0.0544602218118391,0.0,PRESERVE,False,0,0
4,25,art_painting-sketch,0.0,0.010604470541789,0.0,-0.010604470541789,ABSORB,False,0,0
4,25,art_painting-sketch,0.02,0.010604470541789,-0.0025096256519554,-0.013114096193744401,ABSORB,True,3,3
4,25,art_painting-sketch,0.05,0.010604470541789,-0.0033588094068781,-0.0139632799486671,ABSORB,True,2,2
4,25,art_painting-sketch,0.1,0.010604470541789,0.006276056649438,-0.004328413892351,ABSORB,False,2,2
4,25,art_painting-sketch,0.15,0.010604470541789,0.0165475751899997,0.005943104648210698,AMPLIFY,False,2,2
4,25,cartoon-sketch,0.0,0.0038502312220263,0.0,-0.0038502312220263,ABSORB,False,0,0
4,25,cartoon-sketch,0.02,0.0038502312220263,1.4499002841450448e-05,-0.0038357322191848496,ABSORB,False,1,1
4,25,cartoon-sketch,0.05,0.0038502312220263,0.0047682697138027,0.0009180384917763995,AMPLIFY,False,0,0
4,25,cartoon-sketch,0.1,0.0038502312220263,0.0104743452474644,0.006624114025438099,AMPLIFY,False,1,1
4,25,cartoon-sketch,0.15,0.0038502312220263,0.0136589952001524,0.009808763978126099,AMPLIFY,False,1,1
4,50,photo-art_painting,0.0,0.0322202037181197,0.0,-0.0322202037181197,ABSORB,False,0,0
4,50,photo-art_painting,0.02,0.0322202037181197,0.0014574287887714,-0.0307627749293483,ABSORB,False,1,1
4,50,photo-art_painting,0.05,0.0322202037181197,0.0023234419723544,-0.029896761745765298,ABSORB,False,3,3
4,50,photo-art_painting,0.1,0.0322202037181197,0.0118723899381246,-0.0203478137799951,ABSORB,False,1,1
4,50,photo-art_painting,0.15,0.0322202037181197,0.0197283667967756,-0.012491836921344097,ABSORB,False,1,1
4,50,photo-cartoon,0.0,0.1607877674496994,0.0006304245836264,-0.160157342866073,ABSORB,False,1,1
4,50,photo-cartoon,0.02,0.1607877674496994,0.0049760776276173,-0.1558116898220821,ABSORB,False,1,1
4,50,photo-cartoon,0.05,0.1607877674496994,0.0189574847838427,-0.14183028266585668,ABSORB,False,2,3
4,50,photo-cartoon,0.1,0.1607877674496994,0.055863264847651,-0.10492450260204839,ABSORB,False,4,4
4,50,photo-cartoon,0.15,0.1607877674496994,0.0855587481439631,-0.07522901930573629,ABSORB,False,1,1
4,50,photo-sketch,0.0,0.1892981001149457,0.0,-0.1892981001149457,ABSORB,False,0,0
4,50,photo-sketch,0.02,0.1892981001149457,-0.0006543469560092,-0.18995244707095488,ABSORB,True,2,2
4,50,photo-sketch,0.05,0.1892981001149457,0.0070309428926783,-0.18226715722226738,ABSORB,False,3,3
4,50,photo-sketch,0.1,0.1892981001149457,0.0439761511188808,-0.14532194899606488,ABSORB,False,3,3
4,50,photo-sketch,0.15,0.1892981001149457,0.0836748122501002,-0.10562328786484548,ABSORB,False,3,3
4,50,art_painting-cartoon,0.0,0.0918131605813827,0.0,-0.0918131605813827,ABSORB,False,0,0
4,50,art_painting-cartoon,0.02,0.0918131605813827,1.4499002841450448e-05,-0.09179866157854125,ABSORB,False,1,1
4,50,art_painting-cartoon,0.05,0.0918131605813827,0.0033675416122125,-0.08844561896917019,ABSORB,False,1,1
4,50,art_painting-cartoon,0.1,0.0918131605813827,0.0323323866948096,-0.05948077388657309,ABSORB,False,3,3
4,50,art_painting-cartoon,0.15,0.0918131605813827,0.0544032209214916,-0.037409939659891096,ABSORB,False,1,1
4,50,art_painting-sketch,0.0,0.2126493265351924,0.0,-0.2126493265351924,ABSORB,False,0,0
4,50,art_painting-sketch,0.02,0.2126493265351924,1.4499002841450448e-05,-0.21263482753235094,ABSORB,False,1,1
4,50,art_painting-sketch,0.05,0.2126493265351924,0.0054342302253641,-0.2072150963098283,ABSORB,False,2,2
4,50,art_painting-sketch,0.1,0.2126493265351924,0.0590963490022108,-0.15355297753298158,ABSORB,False,3,4
4,50,art_painting-sketch,0.15,0.2126493265351924,0.1090963490022108,-0.1035529775329816,ABSORB,False,3,4
4,50,cartoon-sketch,0.0,0.2185351619469364,0.0,-0.2185351619469364,ABSORB,False,0,0
4,50,cartoon-sketch,0.02,0.2185351619469364,1.4499002841450448e-05,-0.21852066294409495,ABSORB,False,1,1
4,50,cartoon-sketch,0.05,0.2185351619469364,0.0103932070688576,-0.2081419548780788,ABSORB,False,3,3
4,50,cartoon-sketch,0.1,0.2185351619469364,0.0566011240373336,-0.1619340379096028,ABSORB,False,3,4
4,50,cartoon-sketch,0.15,0.2185351619469364,0.0911719582640159,-0.12736320368292048,ABSORB,False,1,2
4,100,photo-art_painting,0.0,0.071180335352151,0.0,-0.071180335352151,ABSORB,False,0,0
4,100,photo-art_painting,0.02,0.071180335352151,-0.002009310520968,-0.073189645873119,ABSORB,True,2,2
4,100,photo-art_painting,0.05,0.071180335352151,0.0070039855023807,-0.0641763498497703,ABSORB,False,3,3
4,100,photo-art_painting,0.1,0.071180335352151,0.0278165303298432,-0.0433638050223078,ABSORB,False,2,2
4,100,photo-art_painting,0.15,0.071180335352151,0.0537111106042335,-0.017469224747917497,ABSORB,False,2,3
4,100,photo-cartoon,0.0,0.2218330054463798,0.0,-0.2218330054463798,ABSORB,False,0,0
4,100,photo-cartoon,0.02,0.2218330054463798,0.0018871017386313,-0.2199459037077485,ABSORB,False,3,3
4,100,photo-cartoon,0.05,0.2218330054463798,0.0208634519491722,-0.2009695534972076,ABSORB,False,3,4
4,100,photo-cartoon,0.1,0.2218330054463798,0.0864956653488714,-0.1353373400975084,ABSORB,False,4,5
4,100,photo-cartoon,0.15,0.2218330054463798,0.1489956653488716,-0.0728373400975082,ABSORB,False,4,5
4,100,photo-sketch,0.0,0.3901015272728657,0.0,-0.3901015272728657,ABSORB,False,0,0
4,100,photo-sketch,0.02,0.3901015272728657,-0.002009310520968,-0.39211083779383366,ABSORB,True,2,2
4,100,photo-sketch,0.05,0.3901015272728657,0.0163288907060978,-0.3737726365667679,ABSORB,False,3,4
4,100,photo-sketch,0.1,0.3901015272728657,0.0696974371330624,-0.3204040901398033,ABSORB,False,4,5
4,100,photo-sketch,0.15,0.3901015272728657,0.1370798341867668,-0.2530216930860989,ABSORB,False,4,6
4,100,art_painting-cartoon,0.0,0.1477416225536512,0.0,-0.1477416225536512,ABSORB,False,0,0
4,100,art_painting-cartoon,0.02,0.1477416225536512,1.4499002841450448e-05,-0.14772712355080975,ABSORB,False,1,1
4,100,art_painting-cartoon,0.05,0.1477416225536512,0.0119300938767649,-0.13581152867688628,ABSORB,False,3,3
4,100,art_painting-cartoon,0.1,0.1477416225536512,0.0358442400735132,-0.111897382480138,ABSORB,False,3,3
4,100,art_painting-cartoon,0.15,0.1477416225536512,0.0840849013240871,-0.0636567212295641,ABSORB,False,4,5
4,100,art_painting-sketch,0.0,0.3715973515301194,0.0,-0.3715973515301194,ABSORB,False,0,0
4,100,art_painting-sketch,0.02,0.3715973515301194,1.4499002841450448e-05,-0.37158285252727796,ABSORB,False,1,1
4,100,art_painting-sketch,0.05,0.3715973515301194,0.0119300938767649,-0.3596672576533545,ABSORB,False,3,3
4,100,art_painting-sketch,0.1,0.3715973515301194,0.0636419802437864,-0.307955371286333,ABSORB,False,3,5
4,100,art_painting-sketch,0.15,0.3715973515301194,0.1277562773119648,-0.24384107421815462,ABSORB,False,4,6
4,100,cartoon-sketch,0.0,0.3173586248589528,0.0,-0.3173586248589528,ABSORB,False,0,0
4,100,cartoon-sketch,0.02,0.3173586248589528,1.4499002841450448e-05,-0.3173441258561113,ABSORB,False,1,1
4,100,cartoon-sketch,0.05,0.3173586248589528,0.0119300938767649,-0.30542853098218786,ABSORB,False,3,3
4,100,cartoon-sketch,0.1,0.3173586248589528,0.0517816032374508,-0.265577021621502,ABSORB,False,4,4
4,100,cartoon-sketch,0.15,0.3173586248589528,0.1017816032374508,-0.215577021621502,ABSORB,False,4,4
