seed,N,pair,c,routing_F0,routing_Fi,routing_Fj,routing_Fij,F0_to_Fi,F0_to_Fj,F0_to_Fij,Fij_pattern_new,total_routing_changes,gamma_oper
0,25,photo-art_painting,0.0,"D,F,F,D","D,F,D,D","D,F,D,D","D,F,D,D",1,1,1,False,3,0.0086458221437715
0,25,photo-art_painting,0.02,"D,F,F,D","D,F,D,D","D,F,D,D","D,F,D,D",1,1,1,False,3,0.0136458221437715
0,25,photo-art_painting,0.05,"D,F,F,F","D,F,D,D","D,F,F,D","F,F,D,D",2,1,3,True,6,0.0268920101925758
0,25,photo-art_painting,0.1,"F,F,F,F","F,F,F,D","F,F,F,F","F,F,F,D",1,0,1,False,2,0.0308993079460568
0,25,photo-art_painting,0.15,"F,F,F,F","F,F,F,D","F,F,F,F","F,F,F,F",1,0,0,False,1,0.0348878797025712
0,25,photo-cartoon,0.0,"D,F,F,D","D,F,D,D","D,F,D,D","D,F,D,D",1,1,1,False,3,0.006432889314185
0,25,photo-cartoon,0.02,"D,F,F,D","D,F,D,D","D,F,F,D","D,F,D,D",1,0,1,False,2,0.0085348805870435
0,25,photo-cartoon,0.05,"D,F,F,F","D,F,D,D","D,F,F,D","D,F,F,D",2,1,1,False,4,0.0145049029718807
0,25,photo-cartoon,0.1,"F,F,F,F","F,F,F,D","F,F,F,D","F,F,F,F",1,1,0,True,2,0.0486042906913352
0,25,photo-cartoon,0.15,"F,F,F,F","F,F,F,D","F,F,F,D","F,F,F,F",1,1,0,True,2,0.0736042906913351
0,25,photo-sketch,0.0,"D,F,F,D","D,F,D,D","D,D,D,D","D,F,F,D",1,2,0,True,3,0.0086949933586695
0,25,photo-sketch,0.02,"D,F,F,D","D,F,D,D","D,D,F,D","D,F,F,D",1,1,0,True,2,0.0198212066011332
0,25,photo-sketch,0.05,"D,F,F,F","D,F,D,D","D,D,F,D","D,F,F,D",2,2,1,True,5,0.0384455393382175
0,25,photo-sketch,0.1,"F,F,F,F","F,F,F,D","D,D,F,D","F,F,F,F",1,3,0,True,4,0.0858168541067884
0,25,photo-sketch,0.15,"F,F,F,F","F,F,F,D","D,F,F,F","F,F,F,F",1,1,0,True,2,0.1255046364164195
0,25,art_painting-cartoon,0.0,"D,F,F,D","D,F,D,D","D,F,D,D","D,F,D,D",1,1,1,False,3,0.0070082661001442
0,25,art_painting-cartoon,0.02,"D,F,F,D","D,F,D,D","D,F,F,D","D,F,D,D",1,0,1,False,2,0.0091102573730027
0,25,art_painting-cartoon,0.05,"D,F,F,F","D,F,F,D","D,F,F,D","F,F,F,F",1,1,1,True,3,0.0151347290534553
0,25,art_painting-cartoon,0.1,"F,F,F,F","F,F,F,F","F,F,F,D","F,F,F,F",0,1,0,False,1,0.0365756666849104
0,25,art_painting-cartoon,0.15,"F,F,F,F","F,F,F,F","F,F,F,D","F,F,F,F",0,1,0,False,1,0.0490756666849103
0,25,art_painting-sketch,0.0,"D,F,F,D","D,F,D,D","D,D,D,D","D,F,F,D",1,2,0,True,3,0.0103435756760733
0,25,art_painting-sketch,0.02,"D,F,F,D","D,F,D,D","D,D,F,D","D,F,F,D",1,1,0,True,2,0.0214697889185371
0,25,art_painting-sketch,0.05,"D,F,F,F","D,F,F,D","D,D,F,D","D,F,F,D",1,2,1,False,4,0.0371491226394035
0,25,art_painting-sketch,0.1,"F,F,F,F","F,F,F,F","D,D,F,D","D,F,F,D",0,3,2,True,5,0.0497162654185955
0,25,art_painting-sketch,0.15,"F,F,F,F","F,F,F,F","D,F,F,F","F,F,F,F",0,1,0,False,1,0.0660052506665749
0,25,cartoon-sketch,0.0,"D,F,F,D","D,F,D,D","D,D,D,D","D,D,D,D",1,2,2,False,5,0.0132946376794123
0,25,cartoon-sketch,0.02,"D,F,F,D","D,F,F,D","D,D,F,D","D,D,F,D",0,1,1,False,2,0.0145868762183319
0,25,cartoon-sketch,0.05,"D,F,F,F","D,F,F,D","D,D,F,D","D,D,F,F",1,2,1,True,4,0.0228280176629049
0,25,cartoon-sketch,0.1,"F,F,F,F","F,F,F,D","D,D,F,D","D,F,F,F",1,3,1,True,5,0.0609656265000849
0,25,cartoon-sketch,0.15,"F,F,F,F","F,F,F,D","D,F,F,F","F,F,F,F",1,1,0,True,2,0.0931198324079528
0,50,photo-art_painting,0.0,"D,F,F,D","D,D,D,D","D,F,D,D","D,F,D,D",2,1,1,False,4,0.0110976250697075
0,50,photo-art_painting,0.02,"D,F,F,D","D,D,D,D","D,F,D,D","D,F,D,D",2,1,1,False,4,0.0210976250697075
0,50,photo-art_painting,0.05,"D,F,F,F","F,D,D,D","F,F,D,D","F,F,D,D",4,3,3,False,10,0.040900705167805
0,50,photo-art_painting,0.1,"F,F,F,F","F,F,D,D","F,F,D,D","F,F,D,D",2,2,2,False,6,0.0685736327326919
0,50,photo-art_painting,0.15,"F,F,F,F","F,F,D,D","F,F,F,D","F,F,D,D",2,1,2,False,5,0.0856976476955565
0,50,photo-cartoon,0.0,"D,F,F,D","D,D,D,D","D,D,D,D","D,F,D,D",2,2,1,True,5,0.01679040624083
0,50,photo-cartoon,0.02,"D,F,F,D","D,D,D,D","D,D,D,D","D,F,D,D",2,2,1,True,5,0.03179040624083
0,50,photo-cartoon,0.05,"D,F,F,F","F,D,D,D","D,D,D,D","D,F,D,D",4,3,2,True,9,0.0576827687952051
0,50,photo-cartoon,0.1,"F,F,F,F","F,F,D,D","F,F,F,F","F,F,F,D",2,0,1,True,3,0.0848184117113239
0,50,photo-cartoon,0.15,"F,F,F,F","F,F,D,D","F,F,F,F","F,F,F,D",2,0,1,True,3,0.0973184117113239
0,50,photo-sketch,0.0,"D,F,F,D","D,D,D,D","D,D,D,D","D,D,D,D",2,2,2,False,6,0.0157351517221595
0,50,photo-sketch,0.02,"D,F,F,D","D,D,D,D","D,D,D,D","D,D,D,D",2,2,2,False,6,0.0257351517221595
0,50,photo-sketch,0.05,"D,F,F,F","F,D,D,D","D,D,D,D","D,F,D,D",4,3,2,True,9,0.0506070437683523
0,50,photo-sketch,0.1,"F,F,F,F","F,F,D,D","D,D,F,D","F,F,F,F",2,3,0,True,5,0.1088817453084074
0,50,photo-sketch,0.15,"F,F,F,F","F,F,D,D","D,D,F,D","F,F,F,F",2,3,0,True,5,0.1713817453084074
0,50,art_painting-cartoon,0.0,"D,F,F,D","D,F,D,D","D,D,D,D","D,F,D,D",1,2,1,False,4,0.0108587549733579
0,50,art_painting-cartoon,0.02,"D,F,F,D","D,F,D,D","D,D,D,D","D,F,D,D",1,2,1,False,4,0.0208587549733579
0,50,art_painting-cartoon,0.05,"D,F,F,F","F,F,D,D","D,D,D,D","D,F,D,D",3,3,2,True,8,0.0393508546169824
0,50,art_painting-cartoon,0.1,"F,F,F,F","F,F,D,D","F,F,F,F","F,F,F,D",2,0,1,True,3,0.0606420410444037
0,50,art_painting-cartoon,0.15,"F,F,F,F","F,F,F,D","F,F,F,F","F,F,F,D",1,0,1,False,2,0.0652660560072684
0,50,art_painting-sketch,0.0,"D,F,F,D","D,F,D,D","D,D,D,D","D,F,D,D",1,2,1,False,4,0.0101048267982649
0,50,art_painting-sketch,0.02,"D,F,F,D","D,F,D,D","D,D,D,D","D,F,F,D",1,2,0,True,3,0.0220572204492731
0,50,art_painting-sketch,0.05,"D,F,F,F","F,F,D,D","D,D,D,D","D,F,F,D",3,3,1,True,7,0.0480493200928975
0,50,art_painting-sketch,0.1,"F,F,F,F","F,F,D,D","D,D,F,D","F,F,F,F",2,3,0,True,5,0.0996564127719286
0,50,art_painting-sketch,0.15,"F,F,F,F","F,F,F,D","D,D,F,D","F,F,F,F",1,3,0,True,4,0.1542804277347934
0,50,cartoon-sketch,0.0,"D,F,F,D","D,D,D,D","D,D,D,D","D,D,D,D",2,2,2,False,6,0.0157351517221595
0,50,cartoon-sketch,0.02,"D,F,F,D","D,D,D,D","D,D,D,D","D,D,F,D",2,2,1,True,5,0.0289814451076469
0,50,cartoon-sketch,0.05,"D,F,F,F","D,D,D,D","D,D,D,D","D,D,F,F",3,3,1,True,7,0.0553372407474155
0,50,cartoon-sketch,0.1,"F,F,F,F","F,F,F,F","D,D,F,D","D,D,F,F",0,3,2,True,5,0.0977334734610172
0,50,cartoon-sketch,0.15,"F,F,F,F","F,F,F,F","D,D,F,D","D,F,F,F",0,3,1,True,4,0.1150949296957762
0,100,photo-art_painting,0.0,"D,F,F,D","D,D,D,D","D,F,D,D","D,D,D,D",2,1,2,False,5,0.0137132615311524
0,100,photo-art_painting,0.02,"D,F,F,D","D,D,D,D","D,F,D,D","D,F,D,D",2,1,1,False,4,0.019833581877149
0,100,photo-art_painting,0.05,"D,F,F,F","F,D,D,D","D,F,D,D","D,F,D,D",4,2,2,False,8,0.036994417337928
0,100,photo-art_painting,0.1,"F,F,F,F","F,F,D,D","F,F,D,D","F,F,D,D",2,2,2,False,6,0.0737344613399592
0,100,photo-art_painting,0.15,"F,F,F,F","F,F,D,D","F,F,F,D","F,F,D,D",2,1,2,False,5,0.0941063700773384
0,100,photo-cartoon,0.0,"D,F,F,D","D,D,D,D","D,D,D,D","D,F,D,D",2,2,1,True,5,0.0201025467555854
0,100,photo-cartoon,0.02,"D,F,F,D","D,D,D,D","D,D,D,D","D,F,D,D",2,2,1,True,5,0.0351025467555854
0,100,photo-cartoon,0.05,"D,F,F,F","F,D,D,D","D,D,D,D","D,F,F,D",4,3,1,True,8,0.0601856493808223
0,100,photo-cartoon,0.1,"F,F,F,F","F,F,D,D","D,D,F,D","F,F,F,F",2,3,0,True,5,0.1123519476427686
0,100,photo-cartoon,0.15,"F,F,F,F","F,F,D,D","F,F,F,D","F,F,F,F",2,1,0,True,3,0.1653706544198863
0,100,photo-sketch,0.0,"D,F,F,D","D,D,D,D","D,D,D,D","D,F,D,D",2,2,1,True,5,0.0171824889707536
0,100,photo-sketch,0.02,"D,F,F,D","D,D,D,D","D,D,D,D","D,F,D,D",2,2,1,True,5,0.0321824889707537
0,100,photo-sketch,0.05,"D,F,F,F","F,D,D,D","D,D,D,D","D,F,D,D",4,3,2,True,9,0.0568433244315328
0,100,photo-sketch,0.1,"F,F,F,F","F,F,D,D","D,D,D,D","F,F,F,D",2,4,1,True,7,0.1079909519901803
0,100,photo-sketch,0.15,"F,F,F,F","F,F,D,D","D,D,D,D","F,F,F,D",2,4,1,True,7,0.1704909519901803
0,100,art_painting-cartoon,0.0,"D,F,F,D","D,F,D,D","D,D,D,D","D,D,D,D",1,2,2,False,5,0.0137132615311524
0,100,art_painting-cartoon,0.02,"D,F,F,D","D,F,D,D","D,D,D,D","D,D,D,D",1,2,2,False,5,0.0187132615311524
0,100,art_painting-cartoon,0.05,"D,F,F,F","D,F,D,D","D,D,D,D","D,F,D,D",2,3,2,False,7,0.0332858470964693
0,100,art_painting-cartoon,0.1,"F,F,F,F","F,F,D,D","D,D,F,D","F,F,F,D",2,3,1,True,6,0.0807054690066095
0,100,art_painting-cartoon,0.15,"F,F,F,F","F,F,F,D","F,F,F,D","F,F,F,F",1,1,0,True,2,0.1233454662270541
0,100,art_painting-sketch,0.0,"D,F,F,D","D,F,D,D","D,D,D,D","D,D,D,D",1,2,2,False,5,0.0137132615311524
0,100,art_painting-sketch,0.02,"D,F,F,D","D,F,D,D","D,D,D,D","D,D,D,D",1,2,2,False,5,0.0187132615311524
0,100,art_painting-sketch,0.05,"D,F,F,F","D,F,D,D","D,D,D,D","D,D,D,D",2,3,3,False,8,0.0298375942682366
0,100,art_painting-sketch,0.1,"F,F,F,F","F,F,D,D","D,D,D,D","D,D,F,D",2,4,3,True,9,0.0724987993551598
0,100,art_painting-sketch,0.15,"F,F,F,F","F,F,F,D","D,D,D,D","F,F,F,D",1,4,1,False,6,0.1253791858602945
0,100,cartoon-sketch,0.0,"D,F,F,D","D,D,D,D","D,D,D,D","D,D,D,D",2,2,2,False,6,0.0157351517221595
0,100,cartoon-sketch,0.02,"D,F,F,D","D,D,D,D","D,D,D,D","D,D,D,D",2,2,2,False,6,0.0257351517221595
0,100,cartoon-sketch,0.05,"D,F,F,F","D,D,D,D","D,D,D,D","D,D,F,D",3,3,2,True,8,0.0505420079349839
0,100,cartoon-sketch,0.1,"F,F,F,F","D,D,F,D","D,D,D,D","D,D,F,F",3,4,2,True,9,0.1068547495469782
0,100,cartoon-sketch,0.15,"F,F,F,F","F,F,F,D","D,D,D,D","D,D,F,F",1,4,2,True,7,0.1598734563240959
1,25,photo-art_painting,0.0,"D,D,F,D","D,D,D,D","D,D,D,D","D,D,D,D",1,1,1,False,3,0.0125046198692082
1,25,photo-art_painting,0.02,"D,D,F,D","D,D,D,D","D,D,F,D","D,D,D,D",1,0,1,False,2,0.0159475287513948
1,25,photo-art_painting,0.05,"F,F,F,D","F,F,F,D","F,F,F,D","F,D,D,D",0,0,2,True,2,-0.0025174562877975
1,25,photo-art_painting,0.1,"F,F,F,F","F,F,F,D","F,F,F,D","F,F,F,D",1,1,1,False,3,-0.0089352345316808
1,25,photo-art_painting,0.15,"F,F,F,F","F,F,F,D","F,F,F,F","F,F,F,D",1,0,1,False,2,0.0003470293049119
1,25,photo-cartoon,0.0,"D,D,F,D","D,D,D,D","D,D,D,D","D,D,D,D",1,1,1,False,3,0.0125046198692082
1,25,photo-cartoon,0.02,"D,D,F,D","D,D,D,D","D,D,D,D","D,D,F,D",1,1,0,True,2,0.0187162847290153
1,25,photo-cartoon,0.05,"F,F,F,D","F,F,F,D","D,D,D,D","F,D,F,D",0,3,1,True,4,0.030024189463128
1,25,photo-cartoon,0.1,"F,F,F,F","F,F,F,D","D,D,F,D","F,D,F,D",1,3,2,True,6,0.0550408903441692
1,25,photo-cartoon,0.15,"F,F,F,F","F,F,F,D","F,D,F,D","F,F,F,D",1,2,1,False,4,0.0898130182448142
1,25,photo-sketch,0.0,"D,D,F,D","D,D,D,D","D,D,F,D","D,D,D,D",1,0,1,False,2,0.0073442800172798
1,25,photo-sketch,0.02,"D,D,F,D","D,D,D,D","D,D,F,D","D,D,F,D",1,0,0,False,1,0.0090072941794585
1,25,photo-sketch,0.05,"F,F,F,D","F,F,F,D","D,D,F,D","F,D,F,D",0,2,1,True,3,0.0085179944495145
1,25,photo-sketch,0.1,"F,F,F,F","F,F,F,D","D,D,F,D","F,F,F,D",1,3,1,False,5,0.030122747034267
1,25,photo-sketch,0.15,"F,F,F,F","F,F,F,D","D,D,F,F","F,F,F,D",1,2,1,False,4,0.0562360842032853
1,25,art_painting-cartoon,0.0,"D,D,F,D","D,D,D,D","D,D,D,D","D,D,D,D",1,1,1,False,3,0.0125046198692082
1,25,art_painting-cartoon,0.02,"D,D,F,D","D,D,F,D","D,D,D,D","D,D,F,D",0,1,0,False,1,0.0192171892461046
1,25,art_painting-cartoon,0.05,"F,F,F,D","F,F,F,D","D,D,D,D","D,D,F,D",0,3,2,True,5,0.0189434240649895
1,25,art_painting-cartoon,0.1,"F,F,F,F","F,F,F,D","D,D,F,D","F,F,F,D",1,3,1,False,5,0.041681315117398
1,25,art_painting-cartoon,0.15,"F,F,F,F","F,F,F,F","F,D,F,D","F,F,F,F",0,2,0,False,2,0.080623570777319
1,25,art_painting-sketch,0.0,"D,D,F,D","D,D,D,D","D,D,F,D","D,D,F,D",1,0,0,False,1,0.0153763757936664
1,25,art_painting-sketch,0.02,"D,D,F,D","D,D,F,D","D,D,F,D","D,D,F,D",0,0,0,False,0,0.018819284675853
1,25,art_painting-sketch,0.05,"F,F,F,D","F,F,F,D","D,D,F,D","D,D,F,D",0,2,2,False,4,0.0110455194947377
1,25,art_painting-sketch,0.1,"F,F,F,F","F,F,F,D","D,D,F,D","F,F,F,F",1,3,0,True,4,0.034307120233054
1,25,art_painting-sketch,0.15,"F,F,F,F","F,F,F,F","D,D,F,F","F,F,F,F",0,2,0,False,2,0.0697027212386651
1,25,cartoon-sketch,0.0,"D,D,F,D","D,D,D,D","D,D,F,D","D,D,F,D",1,0,0,False,1,0.0081848656681842
1,25,cartoon-sketch,0.02,"D,D,F,D","D,D,D,D","D,D,F,D","D,D,F,D",1,0,0,False,1,0.0131848656681841
1,25,cartoon-sketch,0.05,"F,F,F,D","D,D,D,D","D,D,F,D","D,D,F,D",3,2,2,False,7,0.0244948764185506
1,25,cartoon-sketch,0.1,"F,F,F,F","D,D,F,D","D,D,F,D","D,D,F,F",3,3,2,True,8,0.0668995767892263
1,25,cartoon-sketch,0.15,"F,F,F,F","F,D,F,D","D,D,F,F","F,F,F,F",2,2,0,True,4,0.1153473601217929
1,50,photo-art_painting,0.0,"D,D,F,D","D,D,D,D","D,D,D,D","D,D,D,D",1,1,1,False,3,0.0125046198692082
1,50,photo-art_painting,0.02,"D,D,F,D","D,D,D,D","D,D,D,D","D,D,D,D",1,1,1,False,3,0.0175046198692081
1,50,photo-art_painting,0.05,"F,F,F,D","F,D,D,D","D,F,D,D","F,F,D,D",2,2,1,True,5,0.0288348912052832
1,50,photo-art_painting,0.1,"F,F,F,F","F,F,D,D","F,F,D,D","F,F,D,D",2,2,2,False,6,0.0522602596370203
1,50,photo-art_painting,0.15,"F,F,F,F","F,F,F,D","F,F,F,D","F,F,F,D",1,1,1,False,3,0.0667895508505079
1,50,photo-cartoon,0.0,"D,D,F,D","D,D,D,D","D,D,F,D","D,D,D,D",1,0,1,False,2,0.0101820204985183
1,50,photo-cartoon,0.02,"D,D,F,D","D,D,D,D","D,D,F,D","D,D,D,D",1,0,1,False,2,0.0101820204985183
1,50,photo-cartoon,0.05,"F,F,F,D","F,D,D,D","D,D,F,D","F,D,F,D",2,2,1,True,5,0.0124851781407471
1,50,photo-cartoon,0.1,"F,F,F,F","F,F,D,D","D,D,F,D","F,F,F,D",2,3,1,True,6,0.057032062659327
1,50,photo-cartoon,0.15,"F,F,F,F","F,F,F,D","F,D,F,D","F,F,F,D",1,2,1,False,4,0.0988714863744885
1,50,photo-sketch,0.0,"D,D,F,D","D,D,D,D","D,D,D,D","D,D,D,D",1,1,1,False,3,0.0125046198692082
1,50,photo-sketch,0.02,"D,D,F,D","D,D,D,D","D,D,D,D","D,D,F,D",1,1,0,True,2,0.018207586323294
1,50,photo-sketch,0.05,"F,F,F,D","F,D,D,D","D,D,D,D","F,D,F,D",2,3,1,True,6,0.0331031002404444
1,50,photo-sketch,0.1,"F,F,F,F","F,F,D,D","D,D,F,D","F,F,F,F",2,3,0,True,5,0.0902126867964062
1,50,photo-sketch,0.15,"F,F,F,F","F,F,F,D","D,D,F,D","F,F,F,F",1,3,0,True,4,0.144585325217832
1,50,art_painting-cartoon,0.0,"D,D,F,D","D,D,D,D","D,D,F,D","D,D,D,D",1,0,1,False,2,0.0101820204985183
1,50,art_painting-cartoon,0.02,"D,D,F,D","D,D,D,D","D,D,F,D","D,D,D,D",1,0,1,False,2,0.0101820204985183
1,50,art_painting-cartoon,0.05,"F,F,F,D","D,F,D,D","D,D,F,D","D,D,F,D",2,2,2,False,6,0.0203252785181471
1,50,art_painting-cartoon,0.1,"F,F,F,F","F,F,D,D","D,D,F,D","F,F,F,D",2,3,1,True,6,0.0559343440347295
1,50,art_painting-cartoon,0.15,"F,F,F,F","F,F,F,D","F,D,F,D","F,F,F,D",1,2,1,False,4,0.0941097825340405
1,50,art_painting-sketch,0.0,"D,D,F,D","D,D,D,D","D,D,D,D","D,D,D,D",1,1,1,False,3,0.0125046198692082
1,50,art_painting-sketch,0.02,"D,D,F,D","D,D,D,D","D,D,D,D","D,D,D,D",1,1,1,False,3,0.0175046198692081
1,50,art_painting-sketch,0.05,"F,F,F,D","D,F,D,D","D,D,D,D","D,D,F,D",2,3,2,True,7,0.0328987279484503
1,50,art_painting-sketch,0.1,"F,F,F,F","F,F,D,D","D,D,F,D","F,F,F,F",2,3,0,True,5,0.0700931821040775
1,50,art_painting-sketch,0.15,"F,F,F,F","F,F,F,D","D,D,F,D","F,F,F,F",1,3,0,True,4,0.1208018353096529
1,50,cartoon-sketch,0.0,"D,D,F,D","D,D,F,D","D,D,D,D","D,D,D,D",0,1,1,False,2,0.0101820204985183
1,50,cartoon-sketch,0.02,"D,D,F,D","D,D,F,D","D,D,D,D","D,D,D,D",0,1,1,False,2,0.0101820204985183
1,50,cartoon-sketch,0.05,"F,F,F,D","D,D,F,D","D,D,D,D","D,D,F,D",2,3,2,False,7,0.0178827745484437
1,50,cartoon-sketch,0.1,"F,F,F,F","D,D,F,D","D,D,F,D","D,D,F,D",3,3,3,False,9,0.0616066106609167
1,50,cartoon-sketch,0.15,"F,F,F,F","F,D,F,D","D,D,F,D","D,D,F,D",2,3,3,False,8,0.0990733959546527
1,100,photo-art_painting,0.0,"D,D,F,D","D,D,D,D","D,D,D,D","D,D,D,D",1,1,1,False,3,0.0125046198692082
1,100,photo-art_painting,0.02,"D,D,F,D","D,D,D,D","D,D,D,D","D,D,D,D",1,1,1,False,3,0.0175046198692081
1,100,photo-art_painting,0.05,"F,F,F,D","F,D,D,D","D,F,D,D","F,D,D,D",2,2,2,False,6,0.0293910954169365
1,100,photo-art_painting,0.1,"F,F,F,F","F,D,D,D","F,F,F,D","F,F,F,D",3,1,1,False,5,0.0605094641559229
1,100,photo-art_painting,0.15,"F,F,F,F","F,F,F,D","F,F,F,D","F,F,F,D",1,1,1,False,3,0.0875908082161345
1,100,photo-cartoon,0.0,"D,D,F,D","D,D,D,D","D,D,F,D","D,D,D,D",1,0,1,False,2,0.0107369034686555
1,100,photo-cartoon,0.02,"D,D,F,D","D,D,D,D","D,D,F,D","D,D,F,D",1,0,0,False,1,0.0116852664315926
1,100,photo-cartoon,0.05,"F,F,F,D","F,D,D,D","D,D,F,D","F,D,F,D",2,2,1,True,5,0.0255462975901226
1,100,photo-cartoon,0.1,"F,F,F,F","F,D,D,D","D,D,F,D","F,F,F,D",3,3,1,True,7,0.0777548697375654
1,100,photo-cartoon,0.15,"F,F,F,F","F,F,F,D","F,D,F,F","F,F,F,D",1,1,1,False,3,0.1174468400558288
1,100,photo-sketch,0.0,"D,D,F,D","D,D,D,D","D,D,D,D","D,D,D,D",1,1,1,False,3,0.0125046198692082
1,100,photo-sketch,0.02,"D,D,F,D","D,D,D,D","D,D,D,D","D,D,D,D",1,1,1,False,3,0.0175046198692081
1,100,photo-sketch,0.05,"F,F,F,D","F,D,D,D","D,D,D,D","F,D,F,D",2,3,1,True,6,0.0362694709416295
1,100,photo-sketch,0.1,"F,F,F,F","F,D,D,D","D,D,D,D","F,F,F,F",3,4,0,True,7,0.0942285983100186
1,100,photo-sketch,0.15,"F,F,F,F","F,F,F,D","D,D,D,D","F,F,F,F",1,4,0,True,5,0.1713099423702302
1,100,art_painting-cartoon,0.0,"D,D,F,D","D,D,D,D","D,D,F,D","D,D,D,D",1,0,1,False,2,0.0107369034686555
1,100,art_painting-cartoon,0.02,"D,D,F,D","D,D,D,D","D,D,F,D","D,D,D,D",1,0,1,False,2,0.0107369034686555
1,100,art_painting-cartoon,0.05,"F,F,F,D","D,F,D,D","D,D,F,D","D,D,F,D",2,2,2,False,6,0.0160613354043935
1,100,art_painting-cartoon,0.1,"F,F,F,F","F,F,F,D","D,D,F,D","F,F,F,D",1,3,1,False,5,0.0511476943748419
1,100,art_painting-cartoon,0.15,"F,F,F,F","F,F,F,D","F,D,F,F","F,F,F,D",1,1,1,False,3,0.0762583206328938
1,100,art_painting-sketch,0.0,"D,D,F,D","D,D,D,D","D,D,D,D","D,D,D,D",1,1,1,False,3,0.0125046198692082
1,100,art_painting-sketch,0.02,"D,D,F,D","D,D,D,D","D,D,D,D","D,D,D,D",1,1,1,False,3,0.0175046198692081
1,100,art_painting-sketch,0.05,"F,F,F,D","D,F,D,D","D,D,D,D","D,D,F,D",2,3,2,True,7,0.0321550277345377
1,100,art_painting-sketch,0.1,"F,F,F,F","F,F,F,D","D,D,D,D","F,F,F,F",1,4,0,True,5,0.0815445740319561
1,100,art_painting-sketch,0.15,"F,F,F,F","F,F,F,D","D,D,D,D","F,F,F,F",1,4,0,True,5,0.1440445740319561
1,100,cartoon-sketch,0.0,"D,D,F,D","D,D,F,D","D,D,D,D","D,D,D,D",0,1,1,False,2,0.0107369034686555
1,100,cartoon-sketch,0.02,"D,D,F,D","D,D,F,D","D,D,D,D","D,D,F,D",0,1,0,False,1,0.0123919009566488
1,100,cartoon-sketch,0.05,"F,F,F,D","D,D,F,D","D,D,D,D","D,D,F,D",2,3,2,False,7,0.0237019117070155
1,100,cartoon-sketch,0.1,"F,F,F,F","D,D,F,D","D,D,D,D","D,D,F,D",3,4,3,False,10,0.0674909917350448
1,100,cartoon-sketch,0.15,"F,F,F,F","F,D,F,F","D,D,D,D","D,D,F,F",1,4,2,True,7,0.1105078629637356
2,25,photo-art_painting,0.0,"D,F,F,D","D,F,D,D","D,F,F,D","D,F,D,D",1,0,1,False,2,0.007917374824679
2,25,photo-art_painting,0.02,"D,F,F,D","D,F,D,D","D,F,F,D","F,F,D,D",1,0,2,True,3,0.0094320417469417
2,25,photo-art_painting,0.05,"F,F,F,D","F,F,F,D","F,F,F,D","F,F,D,D",0,0,1,True,1,0.0028352230834817
2,25,photo-art_painting,0.1,"F,F,F,D","F,F,F,D","F,F,F,D","F,F,F,D",0,0,0,False,0,0.0006736708736042
2,25,photo-art_painting,0.15,"F,F,F,F","F,F,F,D","F,F,F,D","F,F,F,D",1,1,1,False,3,0.0098213001120441
2,25,photo-cartoon,0.0,"D,F,F,D","D,F,D,D","D,D,F,D","D,F,F,D",1,1,0,True,2,0.0137027138330573
2,25,photo-cartoon,0.02,"D,F,F,D","D,F,D,D","D,F,F,D","D,F,F,D",1,0,0,False,1,0.0196712723183559
2,25,photo-cartoon,0.05,"F,F,F,D","F,F,F,D","F,F,F,D","F,F,F,D",0,0,0,False,0,0.0258394558367104
2,25,photo-cartoon,0.1,"F,F,F,D","F,F,F,D","F,F,F,D","F,F,F,D",0,0,0,False,0,0.0258394558367104
2,25,photo-cartoon,0.15,"F,F,F,F","F,F,F,D","F,F,F,F","F,F,F,F",1,0,0,False,1,0.0308566990432086
2,25,photo-sketch,0.0,"D,F,F,D","D,F,D,D","D,D,F,D","D,F,F,D",1,1,0,True,2,0.0202446652638637
2,25,photo-sketch,0.02,"D,F,F,D","D,F,D,D","D,D,F,D","D,F,F,D",1,1,0,True,2,0.0302446652638638
2,25,photo-sketch,0.05,"F,F,F,D","F,F,F,D","D,D,F,D","F,F,F,D",0,2,0,False,2,0.0407240680171622
2,25,photo-sketch,0.1,"F,F,F,D","F,F,F,D","D,D,F,F","F,F,F,D",0,3,0,False,3,0.0600956794201048
2,25,photo-sketch,0.15,"F,F,F,F","F,F,F,D","F,F,F,F","F,F,F,F",1,0,0,False,1,0.0742405747166246
2,25,art_painting-cartoon,0.0,"D,F,F,D","D,F,F,D","D,D,F,D","D,F,F,D",0,1,0,False,1,0.0136687582768399
2,25,art_painting-cartoon,0.02,"D,F,F,D","D,F,F,D","D,F,F,D","F,F,F,D",0,0,1,True,1,0.0175864006102371
2,25,art_painting-cartoon,0.05,"F,F,F,D","F,F,F,D","F,F,F,D","F,F,F,D",0,0,0,False,0,0.0195161840178531
2,25,art_painting-cartoon,0.1,"F,F,F,D","F,F,F,D","F,F,F,D","F,F,F,D",0,0,0,False,0,0.0195161840178531
2,25,art_painting-cartoon,0.15,"F,F,F,F","F,F,F,D","F,F,F,F","F,F,F,F",1,0,0,False,1,0.0295052189166765
2,25,art_painting-sketch,0.0,"D,F,F,D","D,F,F,D","D,D,F,D","D,F,F,D",0,1,0,False,1,0.0130486495575337
2,25,art_painting-sketch,0.02,"D,F,F,D","D,F,F,D","D,D,F,D","D,F,F,D",0,1,0,False,1,0.0180486495575338
2,25,art_painting-sketch,0.05,"F,F,F,D","F,F,F,D","D,D,F,D","F,F,F,D",0,2,0,False,2,0.024631804015708
2,25,art_painting-sketch,0.1,"F,F,F,D","F,F,F,D","D,D,F,F","F,F,F,F",0,3,1,True,4,0.0472265117569046
2,25,art_painting-sketch,0.15,"F,F,F,F","F,F,F,D","F,F,F,F","F,F,F,F",1,0,0,False,1,0.0722647679036365
2,25,cartoon-sketch,0.0,"D,F,F,D","D,D,F,D","D,D,F,D","D,D,F,D",1,1,1,False,3,0.0070307633948735
2,25,cartoon-sketch,0.02,"D,F,F,D","D,F,F,D","D,D,F,D","D,D,F,D",0,1,1,False,2,0.007999321880172
2,25,cartoon-sketch,0.05,"F,F,F,D","F,F,F,D","D,D,F,D","D,D,F,D",0,2,2,False,4,0.0091041544942214
2,25,cartoon-sketch,0.1,"F,F,F,D","F,F,F,D","D,D,F,F","F,F,F,F",0,3,1,True,4,0.0158013155878061
2,25,cartoon-sketch,0.15,"F,F,F,F","F,F,F,F","F,F,F,F","F,F,F,F",0,0,0,False,0,0.0346907579466013
2,50,photo-art_painting,0.0,"D,F,F,D","D,F,D,D","D,F,D,D","D,F,D,D",1,1,1,False,3,0.0188649089664717
2,50,photo-art_painting,0.02,"D,F,F,D","F,F,D,D","D,F,D,D","D,F,D,D",2,1,1,False,4,0.0198871878570171
2,50,photo-art_painting,0.05,"F,F,F,D","F,F,D,D","F,F,F,D","F,F,D,D",1,0,1,False,2,0.0216109714528935
2,50,photo-art_painting,0.1,"F,F,F,D","F,F,D,D","F,F,F,D","F,F,F,D",1,0,0,False,1,0.0276266985182102
2,50,photo-art_painting,0.15,"F,F,F,F","F,F,F,D","F,F,F,D","F,F,F,D",1,1,1,False,3,0.0442021789940154
2,50,photo-cartoon,0.0,"D,F,F,D","D,F,D,D","D,D,D,D","D,F,D,D",1,2,1,False,4,0.0158930279796148
2,50,photo-cartoon,0.02,"D,F,F,D","F,F,D,D","D,D,D,D","D,F,F,D",2,2,0,True,4,0.0238967702133572
2,50,photo-cartoon,0.05,"F,F,F,D","F,F,D,D","D,D,F,D","F,F,F,D",1,2,0,True,3,0.0397672011688186
2,50,photo-cartoon,0.1,"F,F,F,D","F,F,D,D","D,D,F,D","F,F,F,D",1,2,0,True,3,0.0772672011688185
2,50,photo-cartoon,0.15,"F,F,F,F","F,F,F,D","F,F,F,F","F,F,F,F",1,0,0,False,1,0.0923858792691082
2,50,photo-sketch,0.0,"D,F,F,D","D,F,D,D","D,D,D,D","D,F,F,D",1,2,0,True,3,0.0309684075419731
2,50,photo-sketch,0.02,"D,F,F,D","F,F,D,D","D,D,D,D","D,F,F,D",2,2,0,True,4,0.0419906864325185
2,50,photo-sketch,0.05,"F,F,F,D","F,F,D,D","D,D,D,D","F,F,F,D",1,3,0,True,4,0.061302702303012
2,50,photo-sketch,0.1,"F,F,F,D","F,F,D,D","D,D,F,D","F,F,F,D",1,2,0,True,3,0.1021875914437949
2,50,photo-sketch,0.15,"F,F,F,F","F,F,F,D","D,D,F,F","F,F,F,F",1,2,0,True,3,0.1391973968349372
2,50,art_painting-cartoon,0.0,"D,F,F,D","D,F,D,D","D,D,D,D","D,F,D,D",1,2,1,False,4,0.0204070702222552
2,50,art_painting-cartoon,0.02,"D,F,F,D","D,F,D,D","D,D,D,D","D,F,D,D",1,2,1,False,4,0.0304070702222554
2,50,art_painting-cartoon,0.05,"F,F,F,D","F,F,F,D","D,D,F,D","F,F,F,D",0,2,0,False,2,0.0467238641299866
2,50,art_painting-cartoon,0.1,"F,F,F,D","F,F,F,D","D,D,F,D","F,F,F,D",0,2,0,False,2,0.0717238641299866
2,50,art_painting-cartoon,0.15,"F,F,F,F","F,F,F,D","F,F,F,F","F,F,F,F",1,0,0,False,1,0.0855858163933301
2,50,art_painting-sketch,0.0,"D,F,F,D","D,F,D,D","D,D,D,D","D,D,D,D",1,2,2,False,5,0.0136904187606617
2,50,art_painting-sketch,0.02,"D,F,F,D","D,F,D,D","D,D,D,D","D,F,F,D",1,2,0,True,3,0.0201727577691487
2,50,art_painting-sketch,0.05,"F,F,F,D","F,F,F,D","D,D,D,D","D,F,F,D",0,3,1,True,4,0.038953019252188
2,50,art_painting-sketch,0.1,"F,F,F,D","F,F,F,D","D,D,F,D","F,F,F,D",0,2,0,False,2,0.0666120241695499
2,50,art_painting-sketch,0.15,"F,F,F,F","F,F,F,D","D,D,F,F","F,F,F,F",1,2,0,True,3,0.1017701833581108
2,50,cartoon-sketch,0.0,"D,F,F,D","D,D,D,D","D,D,D,D","D,D,F,D",2,2,1,True,5,0.0212008940618551
2,50,cartoon-sketch,0.02,"D,F,F,D","D,D,D,D","D,D,D,D","D,D,F,D",2,2,1,True,5,0.0362008940618552
2,50,cartoon-sketch,0.05,"F,F,F,D","D,D,F,D","D,D,D,D","D,D,F,D",2,3,2,False,7,0.0568055177921895
2,50,cartoon-sketch,0.1,"F,F,F,D","D,D,F,D","D,D,F,D","D,F,F,D",2,2,1,True,5,0.0887428979935636
2,50,cartoon-sketch,0.15,"F,F,F,F","F,F,F,F","D,D,F,F","F,F,F,D",0,2,1,True,3,0.1095022260053185
2,100,photo-art_painting,0.0,"D,F,F,D","D,F,D,D","D,F,D,D","D,F,D,D",1,1,1,False,3,0.013989956624099
2,100,photo-art_painting,0.02,"D,F,F,D","F,F,D,D","D,F,D,D","F,F,D,D",2,1,2,False,5,0.0179730902310212
2,100,photo-art_painting,0.05,"F,F,F,D","F,F,D,D","F,F,F,D","F,F,D,D",1,0,1,False,2,0.0205235654369697
2,100,photo-art_painting,0.1,"F,F,F,D","F,F,F,D","F,F,F,D","F,F,F,D",0,0,0,False,0,0.0247292520950938
2,100,photo-art_painting,0.15,"F,F,F,F","F,F,F,D","F,F,F,F","F,F,F,D",1,0,1,False,2,0.0298406151938125
2,100,photo-cartoon,0.0,"D,F,F,D","D,F,D,D","D,D,D,D","F,F,D,D",1,2,2,True,5,0.0202561382444155
2,100,photo-cartoon,0.02,"D,F,F,D","F,F,D,D","D,D,D,D","F,F,F,D",2,2,1,True,5,0.0328206472201555
2,100,photo-cartoon,0.05,"F,F,F,D","F,F,D,D","D,D,F,D","F,F,F,D",1,2,0,True,3,0.0532910880736645
2,100,photo-cartoon,0.1,"F,F,F,D","F,F,F,D","D,D,F,D","F,F,F,D",0,2,0,False,2,0.0863858028882332
2,100,photo-cartoon,0.15,"F,F,F,F","F,F,F,D","F,F,F,D","F,F,F,F",1,1,0,True,2,0.1055723819107412
2,100,photo-sketch,0.0,"D,F,F,D","D,F,D,D","D,D,D,D","D,F,D,D",1,2,1,False,4,0.0220282983779711
2,100,photo-sketch,0.02,"D,F,F,D","F,F,D,D","D,D,D,D","F,F,F,D",2,2,1,True,5,0.0304474233489103
2,100,photo-sketch,0.05,"F,F,F,D","F,F,D,D","D,D,D,D","F,F,F,D",1,3,0,True,4,0.0545493859730404
2,100,photo-sketch,0.1,"F,F,F,D","F,F,F,D","D,D,D,D","F,F,F,F",0,3,1,True,4,0.1046191716333579
2,100,photo-sketch,0.15,"F,F,F,F","F,F,F,D","D,D,D,D","F,F,F,F",1,4,0,True,5,0.163766800871798
2,100,art_painting-cartoon,0.0,"D,F,F,D","D,F,D,D","D,D,D,D","D,F,D,D",1,2,1,False,4,0.0115842109349997
2,100,art_painting-cartoon,0.02,"D,F,F,D","D,F,D,D","D,D,D,D","D,F,F,D",1,2,0,True,3,0.0251692606057224
2,100,art_painting-cartoon,0.05,"F,F,F,D","F,F,F,D","D,D,F,D","D,F,F,D",0,2,1,True,3,0.0390882140410498
2,100,art_painting-cartoon,0.1,"F,F,F,D","F,F,F,D","D,D,F,D","F,F,F,D",0,2,0,False,2,0.0596119945580768
2,100,art_painting-cartoon,0.15,"F,F,F,F","F,F,F,F","F,F,F,D","F,F,F,D",0,1,1,False,2,0.0665277607837214
2,100,art_painting-sketch,0.0,"D,F,F,D","D,F,D,D","D,D,D,D","D,D,D,D",1,2,2,False,5,0.0090004740291373
2,100,art_painting-sketch,0.02,"D,F,F,D","D,F,D,D","D,D,D,D","D,D,F,D",1,2,1,True,4,0.0183600412194805
2,100,art_painting-sketch,0.05,"F,F,F,D","F,F,F,D","D,D,D,D","D,F,F,D",0,3,1,True,4,0.0331345314471616
2,100,art_painting-sketch,0.1,"F,F,F,D","F,F,F,D","D,D,D,D","F,F,F,F",0,3,1,True,4,0.074969073021017
2,100,art_painting-sketch,0.15,"F,F,F,F","F,F,F,F","D,D,D,D","F,F,F,F",0,4,0,False,4,0.1300804361197358
2,100,cartoon-sketch,0.0,"D,F,F,D","D,D,D,D","D,D,D,D","D,D,F,D",2,2,1,True,5,0.0187321665618285
2,100,cartoon-sketch,0.02,"D,F,F,D","D,D,D,D","D,D,D,D","D,D,F,D",2,2,1,True,5,0.0337321665618286
2,100,cartoon-sketch,0.05,"F,F,F,D","D,D,F,D","D,D,D,D","D,D,F,D",2,3,2,False,7,0.0542026074153375
2,100,cartoon-sketch,0.1,"F,F,F,D","D,D,F,D","D,D,D,D","D,D,F,F",2,3,3,True,8,0.0963882125046845
2,100,cartoon-sketch,0.15,"F,F,F,F","F,F,F,D","D,D,D,D","F,F,F,F",1,4,0,True,5,0.1423556279999144
3,25,photo-art_painting,0.0,"D,D,F,F","D,D,D,D","D,F,F,F","F,F,D,D",2,1,4,True,7,0.0247222808099946
3,25,photo-art_painting,0.02,"D,D,F,F","F,F,D,D","F,F,F,F","F,F,D,D",4,2,4,False,10,0.026466597974151
3,25,photo-art_painting,0.05,"F,D,F,F","F,F,F,D","F,F,F,F","F,F,F,D",2,1,2,False,5,0.012149069062419
3,25,photo-art_painting,0.1,"F,F,F,F","F,F,F,F","F,F,F,F","F,F,F,D",0,0,1,True,1,0.0044439924033801
3,25,photo-art_painting,0.15,"F,F,F,F","F,F,F,F","F,F,F,F","F,F,F,F",0,0,0,False,0,-0.0021950100768659
3,25,photo-cartoon,0.0,"D,D,F,F","D,D,D,D","D,D,F,D","D,D,D,D",2,1,2,False,5,0.0080151114538885
3,25,photo-cartoon,0.02,"D,D,F,F","F,F,D,D","D,D,F,D","D,D,D,D",4,1,2,True,7,0.0111678424346903
3,25,photo-cartoon,0.05,"F,D,F,F","F,F,F,D","D,D,F,D","F,D,F,D",2,2,1,True,5,0.0093658022891808
3,25,photo-cartoon,0.1,"F,F,F,F","F,F,F,F","F,D,F,F","F,F,F,D",0,1,1,True,2,0.0190938102799425
3,25,photo-cartoon,0.15,"F,F,F,F","F,F,F,F","F,F,F,F","F,F,F,F",0,0,0,False,0,0.026640597383867
3,25,photo-sketch,0.0,"D,D,F,F","D,D,D,D","D,D,D,D","D,D,D,D",2,2,2,False,6,0.0265047823197427
3,25,photo-sketch,0.02,"D,D,F,F","F,F,D,D","D,D,D,D","D,D,D,D",4,2,2,False,8,0.0346575133005444
3,25,photo-sketch,0.05,"F,D,F,F","F,F,F,D","D,D,F,D","F,D,F,D",2,2,1,True,5,0.0422032275483384
3,25,photo-sketch,0.1,"F,F,F,F","F,F,F,F","D,D,F,F","F,D,F,F",0,2,1,True,3,0.0523038058448145
3,25,photo-sketch,0.15,"F,F,F,F","F,F,F,F","D,D,F,F","F,F,F,F",0,2,0,False,2,0.0725266933763655
3,25,art_painting-cartoon,0.0,"D,D,F,F","D,F,F,F","D,D,F,D","D,D,D,D",1,1,2,True,4,0.0049946916627084
3,25,art_painting-cartoon,0.02,"D,D,F,F","F,F,F,F","D,D,F,D","D,D,F,D",2,1,1,False,4,-0.0060334415278727
3,25,art_painting-cartoon,0.05,"F,D,F,F","F,F,F,F","D,D,F,D","F,D,F,D",1,2,1,True,4,-0.0168276787629967
3,25,art_painting-cartoon,0.1,"F,F,F,F","F,F,F,F","F,D,F,F","F,F,F,D",0,1,1,True,2,-0.0030311731229091
3,25,art_painting-cartoon,0.15,"F,F,F,F","F,F,F,F","F,F,F,F","F,F,F,F",0,0,0,False,0,-0.0038854746125094
3,25,art_painting-sketch,0.0,"D,D,F,F","D,F,F,F","D,D,D,D","D,D,D,D",1,2,2,False,5,0.0234843625285626
3,25,art_painting-sketch,0.02,"D,D,F,F","F,F,F,F","D,D,D,D","D,D,F,D",2,2,1,True,5,0.0172524803736314
3,25,art_painting-sketch,0.05,"F,D,F,F","F,F,F,F","D,D,F,D","D,D,F,D",1,2,2,False,5,0.012105957754779
3,25,art_painting-sketch,0.1,"F,F,F,F","F,F,F,F","D,D,F,F","F,D,F,F",0,2,1,True,3,0.0079308272450298
3,25,art_painting-sketch,0.15,"F,F,F,F","F,F,F,F","D,D,F,F","F,F,F,F",0,2,0,False,2,0.0326602503051677
3,25,cartoon-sketch,0.0,"D,D,F,F","D,D,F,D","D,D,D,D","D,D,D,D",1,2,2,False,5,0.0080151114538885
3,25,cartoon-sketch,0.02,"D,D,F,F","D,D,F,D","D,D,D,D","D,D,D,D",1,2,2,False,5,0.0130151114538885
3,25,cartoon-sketch,0.05,"F,D,F,F","D,D,F,D","D,D,F,D","D,D,D,D",2,2,3,True,7,0.0228685888350361
3,25,cartoon-sketch,0.1,"F,F,F,F","F,D,F,F","D,D,F,F","D,D,F,D",1,2,3,True,6,0.0298192091179698
3,25,cartoon-sketch,0.15,"F,F,F,F","F,F,F,F","D,D,F,F","D,D,F,D",0,2,3,True,5,0.0261668657506676
3,50,photo-art_painting,0.0,"D,D,F,F","F,D,D,D","D,D,D,D","D,D,D,D",3,2,2,False,7,0.0262698378908526
3,50,photo-art_painting,0.02,"D,D,F,F","F,F,D,D","D,D,D,D","D,D,D,D",4,2,2,False,8,0.0304632683397538
3,50,photo-art_painting,0.05,"F,D,F,F","F,F,D,D","F,F,D,D","F,D,D,D",3,3,2,True,8,0.0337570768020781
3,50,photo-art_painting,0.1,"F,F,F,F","F,F,F,D","F,F,F,D","F,F,F,D",1,1,1,False,3,0.0453218207145837
3,50,photo-art_painting,0.15,"F,F,F,F","F,F,F,D","F,F,F,D","F,F,F,D",1,1,1,False,3,0.0578218207145838
3,50,photo-cartoon,0.0,"D,D,F,F","F,D,D,D","D,D,F,D","F,D,D,F",3,1,2,True,6,0.0221178782456986
3,50,photo-cartoon,0.02,"D,D,F,F","F,F,D,D","D,D,F,D","F,D,F,F",4,1,1,True,6,0.0317721054915219
3,50,photo-cartoon,0.05,"F,D,F,F","F,F,D,D","D,D,F,D","F,F,F,F",3,2,1,True,6,0.0504847389677572
3,50,photo-cartoon,0.1,"F,F,F,F","F,F,F,D","F,D,F,D","F,F,F,F",1,2,0,True,3,0.1031513351715933
3,50,photo-cartoon,0.15,"F,F,F,F","F,F,F,D","F,D,F,D","F,F,F,F",1,2,0,True,3,0.1406513351715933
3,50,photo-sketch,0.0,"D,D,F,F","F,D,D,D","D,D,D,D","D,D,D,F",3,2,1,True,6,0.0276120274463271
3,50,photo-sketch,0.02,"D,D,F,F","F,F,D,D","D,D,D,D","D,D,F,F",4,2,0,True,6,0.0412682188145985
3,50,photo-sketch,0.05,"F,D,F,F","F,F,D,D","D,D,D,D","F,D,F,F",3,3,0,True,6,0.064141605469965
3,50,photo-sketch,0.1,"F,F,F,F","F,F,F,D","D,D,D,F","F,D,F,F",1,3,1,True,5,0.1233461706818316
3,50,photo-sketch,0.15,"F,F,F,F","F,F,F,D","D,D,F,F","F,F,F,F",1,2,0,True,3,0.1602537242228119
3,50,art_painting-cartoon,0.0,"D,D,F,F","D,D,D,D","D,D,F,D","D,D,D,D",2,1,2,False,5,0.0212262430503329
3,50,art_painting-cartoon,0.02,"D,D,F,F","D,D,D,D","D,D,F,D","D,D,D,D",2,1,2,False,5,0.0262262430503329
3,50,art_painting-cartoon,0.05,"F,D,F,F","F,F,D,D","D,D,F,D","F,D,F,D",3,2,1,True,6,0.0336951908678985
3,50,art_painting-cartoon,0.1,"F,F,F,F","F,F,F,D","F,D,F,D","F,F,F,F",1,2,0,True,3,0.0595000075448555
3,50,art_painting-cartoon,0.15,"F,F,F,F","F,F,F,D","F,D,F,D","F,F,F,F",1,2,0,True,3,0.0970000075448555
3,50,art_painting-sketch,0.0,"D,D,F,F","D,D,D,D","D,D,D,D","D,D,D,D",2,2,2,False,6,0.0265047823197427
3,50,art_painting-sketch,0.02,"D,D,F,F","D,D,D,D","D,D,D,D","D,D,D,D",2,2,2,False,6,0.0365047823197426
3,50,art_painting-sketch,0.05,"F,D,F,F","F,F,D,D","D,D,D,D","D,D,F,F",3,3,1,True,7,0.0601810829881281
3,50,art_painting-sketch,0.1,"F,F,F,F","F,F,F,D","D,D,D,F","F,F,F,F",1,3,0,True,4,0.1046706253993986
3,50,art_painting-sketch,0.15,"F,F,F,F","F,F,F,D","D,D,F,F","F,F,F,F",1,2,0,True,3,0.1462893616590803
3,50,cartoon-sketch,0.0,"D,D,F,F","D,D,F,D","D,D,D,D","D,D,D,F",1,2,1,True,4,0.0241682257585754
3,50,cartoon-sketch,0.02,"D,D,F,F","D,D,F,D","D,D,D,D","D,D,F,F",1,2,0,True,3,0.0357298220744816
3,50,cartoon-sketch,0.05,"F,D,F,F","D,D,F,D","D,D,D,D","D,D,F,F",2,3,1,True,6,0.0608014099730199
3,50,cartoon-sketch,0.1,"F,F,F,F","F,D,F,D","D,D,D,F","D,D,F,F",2,3,2,True,7,0.1136464296631262
3,50,cartoon-sketch,0.15,"F,F,F,F","F,D,F,D","D,D,F,F","D,D,F,F",2,2,2,False,6,0.1427651659228076
3,100,photo-art_painting,0.0,"D,D,F,F","F,D,D,D","D,D,D,D","F,F,D,D",3,2,4,True,9,0.0261311289622724
3,100,photo-art_painting,0.02,"D,D,F,F","F,D,D,D","F,D,D,D","F,F,D,D",3,3,4,True,10,0.0396347489246562
3,100,photo-art_painting,0.05,"F,D,F,F","F,F,D,D","F,F,D,D","F,F,D,D",3,3,3,False,9,0.0545326305247547
3,100,photo-art_painting,0.1,"F,F,F,F","F,F,D,D","F,F,D,D","F,F,F,D",2,2,1,True,5,0.0779402654044236
3,100,photo-art_painting,0.15,"F,F,F,F","F,F,F,D","F,F,F,D","F,F,F,F",1,1,0,True,2,0.0996373611552382
3,100,photo-cartoon,0.0,"D,D,F,F","F,D,D,D","D,D,F,D","F,D,F,D",3,1,2,True,6,0.0269394036039124
3,100,photo-cartoon,0.02,"D,D,F,F","F,D,D,D","D,D,F,D","F,F,F,D",3,1,3,True,7,0.0370553473367342
3,100,photo-cartoon,0.05,"F,D,F,F","F,F,D,D","D,D,F,D","F,F,F,D",3,2,2,True,7,0.0616433168075402
3,100,photo-cartoon,0.1,"F,F,F,F","F,F,D,D","D,D,F,F","F,F,F,F",2,2,0,True,4,0.119669030418419
3,100,photo-cartoon,0.15,"F,F,F,F","F,F,F,D","F,D,F,F","F,F,F,F",1,1,0,True,2,0.1554700446189273
3,100,photo-sketch,0.0,"D,D,F,F","F,D,D,D","D,D,D,D","D,D,F,D",3,2,1,True,6,0.0217777759069176
3,100,photo-sketch,0.02,"D,D,F,F","F,D,D,D","D,D,D,D","F,D,F,D",3,2,2,True,7,0.0340239149812784
3,100,photo-sketch,0.05,"F,D,F,F","F,F,D,D","D,D,D,D","F,D,F,D",3,3,1,True,7,0.0586118844520845
3,100,photo-sketch,0.1,"F,F,F,F","F,F,D,D","D,D,D,D","F,D,F,F",2,4,1,True,7,0.1175761199934599
3,100,photo-sketch,0.15,"F,F,F,F","F,F,F,D","D,D,D,D","F,F,F,F",1,4,0,True,5,0.1800395656853511
3,100,art_painting-cartoon,0.0,"D,D,F,F","D,D,D,D","D,D,F,D","D,D,D,D",2,1,2,False,5,0.025960296093432
3,100,art_painting-cartoon,0.02,"D,D,F,F","F,D,D,D","D,D,F,D","D,D,F,D",3,1,1,False,5,0.0330037842875595
3,100,art_painting-cartoon,0.05,"F,D,F,F","F,F,D,D","D,D,F,D","F,F,F,D",3,2,2,True,7,0.0420626174648998
3,100,art_painting-cartoon,0.1,"F,F,F,F","F,F,D,D","D,D,F,F","F,F,F,F",2,2,0,True,4,0.0918367342117471
3,100,art_painting-cartoon,0.15,"F,F,F,F","F,F,F,D","F,D,F,F","F,F,F,F",1,1,0,True,2,0.1320461068942118
3,100,art_painting-sketch,0.0,"D,D,F,F","D,D,D,D","D,D,D,D","D,D,D,D",2,2,2,False,6,0.0265047823197427
3,100,art_painting-sketch,0.02,"D,D,F,F","F,D,D,D","D,D,D,D","D,D,F,D",3,2,1,True,6,0.0356135281740092
3,100,art_painting-sketch,0.05,"F,D,F,F","F,F,D,D","D,D,D,D","D,D,F,D",3,3,2,True,8,0.0509950282018403
3,100,art_painting-sketch,0.1,"F,F,F,F","F,F,D,D","D,D,D,D","F,F,F,D",2,4,1,True,7,0.1047497778919983
3,100,art_painting-sketch,0.15,"F,F,F,F","F,F,F,D","D,D,D,D","F,F,F,F",1,4,0,True,5,0.1665465024336965
3,100,cartoon-sketch,0.0,"D,D,F,F","D,D,F,D","D,D,D,D","D,D,F,D",1,2,1,False,4,0.0286246329475171
3,100,cartoon-sketch,0.02,"D,D,F,F","D,D,F,D","D,D,D,D","D,D,F,D",1,2,1,False,4,0.038624632947517
3,100,cartoon-sketch,0.05,"F,D,F,F","D,D,F,D","D,D,D,D","D,D,F,D",2,3,2,False,7,0.0561962208460555
3,100,cartoon-sketch,0.1,"F,F,F,F","D,D,F,F","D,D,D,D","D,D,F,F",2,4,2,False,8,0.1093044022515609
3,100,cartoon-sketch,0.15,"F,F,F,F","F,D,F,F","D,D,D,D","D,D,F,F",1,4,2,True,7,0.1574878452188907
4,25,photo-art_painting,0.0,"D,D,D,D","D,D,D,D","D,D,D,D","D,D,D,D",0,0,0,False,0,0.0
4,25,photo-art_painting,0.02,"D,D,F,D","F,D,D,D","F,F,D,D","D,D,D,D",2,3,1,True,6,-0.0042780493729455
4,25,photo-art_painting,0.05,"D,F,F,F","F,F,D,D","F,F,D,D","F,F,D,D",3,3,3,False,9,-0.0126485688488505
4,25,photo-art_painting,0.1,"F,F,F,F","F,F,F,D","F,F,F,D","F,F,F,D",1,1,1,False,3,-0.008160613999082
4,25,photo-art_painting,0.15,"F,F,F,F","F,F,F,F","F,F,F,F","F,F,F,D",0,0,1,True,1,-0.0017338927979894
4,25,photo-cartoon,0.0,"D,D,D,D","D,D,D,D","D,D,D,D","D,D,D,D",0,0,0,False,0,0.0
4,25,photo-cartoon,0.02,"D,D,F,D","F,D,D,D","D,D,D,D","D,D,F,D",2,1,0,True,3,0.0009417614548822
4,25,photo-cartoon,0.05,"D,F,F,F","F,F,D,D","D,F,F,D","D,F,F,D",3,1,1,False,5,0.0019467606508589
4,25,photo-cartoon,0.1,"F,F,F,F","F,F,F,D","D,F,F,D","F,F,F,D",1,2,1,False,4,0.0263213177186955
4,25,photo-cartoon,0.15,"F,F,F,F","F,F,F,F","F,F,F,F","F,F,F,F",0,0,0,False,0,0.043579182196883
4,25,photo-sketch,0.0,"D,D,D,D","D,D,D,D","D,D,D,D","D,D,D,D",0,0,0,False,0,0.0
4,25,photo-sketch,0.02,"D,D,F,D","F,D,D,D","D,D,D,D","D,D,D,D",2,1,1,False,4,-0.0017539247181486
4,25,photo-sketch,0.05,"D,F,F,F","F,F,D,D","D,D,F,F","D,D,F,D",3,1,2,True,6,-0.0036423550335052
4,25,photo-sketch,0.1,"F,F,F,F","F,F,F,D","D,D,F,F","F,F,F,F",1,2,0,True,3,0.0211474225971118
4,25,photo-sketch,0.15,"F,F,F,F","F,F,F,F","D,F,F,F","F,F,F,F",0,1,0,False,1,0.045746196222999
4,25,art_painting-cartoon,0.0,"D,D,D,D","D,D,D,D","D,D,D,D","D,D,D,D",0,0,0,False,0,0.0
4,25,art_painting-cartoon,0.02,"D,D,F,D","F,F,D,D","D,D,D,D","D,F,D,D",3,1,2,True,6,-0.0002966884946914
4,25,art_painting-cartoon,0.05,"D,F,F,F","F,F,D,D","D,F,F,D","F,F,F,D",3,1,2,True,6,0.0040676472404421
4,25,art_painting-cartoon,0.1,"F,F,F,F","F,F,F,D","D,F,F,D","F,F,F,F",1,2,0,True,3,0.0312854918153322
4,25,art_painting-cartoon,0.15,"F,F,F,F","F,F,F,F","F,F,F,F","F,F,F,F",0,0,0,False,0,0.0544602218118391
4,25,art_painting-sketch,0.0,"D,D,D,D","D,D,D,D","D,D,D,D","D,D,D,D",0,0,0,False,0,0.0
4,25,art_painting-sketch,0.02,"D,D,F,D","F,F,D,D","D,D,D,D","D,D,D,D",3,1,1,False,5,-0.0025096256519554
4,25,art_painting-sketch,0.05,"D,F,F,F","F,F,D,D","D,D,F,F","D,F,D,D",3,1,2,True,6,-0.0033588094068781
4,25,art_painting-sketch,0.1,"F,F,F,F","F,F,F,D","D,D,F,F","F,F,F,D",1,2,1,False,4,0.006276056649438
4,25,art_painting-sketch,0.15,"F,F,F,F","F,F,F,F","D,F,F,F","F,F,F,D",0,1,1,True,2,0.0165475751899997
4,25,cartoon-sketch,0.0,"D,D,D,D","D,D,D,D","D,D,D,D","D,D,D,D",0,0,0,False,0,0.0
4,25,cartoon-sketch,0.02,"D,D,F,D","D,D,D,D","D,D,D,D","D,D,D,D",1,1,1,False,3,1.4499002841450448e-05
4,25,cartoon-sketch,0.05,"D,F,F,F","D,F,F,D","D,D,F,F","D,D,F,D",1,1,2,True,4,0.0047682697138027
4,25,cartoon-sketch,0.1,"F,F,F,F","D,F,F,D","D,D,F,F","D,D,F,D",2,2,3,True,7,0.0104743452474644
4,25,cartoon-sketch,0.15,"F,F,F,F","F,F,F,F","D,F,F,F","D,D,F,F",0,1,2,True,3,0.0136589952001524
4,50,photo-art_painting,0.0,"D,D,D,D","D,D,D,D","D,D,D,D","D,D,D,D",0,0,0,False,0,0.0
4,50,photo-art_painting,0.02,"D,D,F,D","F,D,D,D","D,D,D,D","F,D,D,D",2,1,2,False,5,0.0014574287887714
4,50,photo-art_painting,0.05,"D,F,F,F","F,D,D,D","F,F,D,D","F,D,D,D",4,3,4,False,11,0.0023234419723544
4,50,photo-art_painting,0.1,"F,F,F,F","F,F,D,D","F,F,F,D","F,F,D,D",2,1,2,False,5,0.0118723899381246
4,50,photo-art_painting,0.15,"F,F,F,F","F,F,F,D","F,F,F,D","F,F,F,D",1,1,1,False,3,0.0197283667967756
4,50,photo-cartoon,0.0,"D,D,D,D","D,D,D,D","D,D,D,D","F,D,D,D",0,0,1,True,1,0.0006304245836264
4,50,photo-cartoon,0.02,"D,D,F,D","F,D,D,D","D,D,D,D","F,D,D,D",2,1,2,False,5,0.0049760776276173
4,50,photo-cartoon,0.05,"D,F,F,F","F,D,D,D","D,D,F,D","F,F,D,D",4,2,3,True,9,0.0189574847838427
4,50,photo-cartoon,0.1,"F,F,F,F","F,F,D,D","D,D,F,D","F,F,F,D",2,3,1,True,6,0.055863264847651
4,50,photo-cartoon,0.15,"F,F,F,F","F,F,F,D","F,F,F,D","F,F,F,D",1,1,1,False,3,0.0855587481439631
4,50,photo-sketch,0.0,"D,D,D,D","D,D,D,D","D,D,D,D","D,D,D,D",0,0,0,False,0,0.0
4,50,photo-sketch,0.02,"D,D,F,D","F,D,D,D","D,D,D,D","D,D,D,D",2,1,1,False,4,-0.0006543469560092
4,50,photo-sketch,0.05,"D,F,F,F","F,D,D,D","D,D,D,D","F,D,D,D",4,3,4,False,11,0.0070309428926783
4,50,photo-sketch,0.1,"F,F,F,F","F,F,D,D","D,D,F,D","F,F,D,D",2,3,2,False,7,0.0439761511188808
4,50,photo-sketch,0.15,"F,F,F,F","F,F,F,D","D,D,F,D","F,F,F,D",1,3,1,False,5,0.0836748122501002
4,50,art_painting-cartoon,0.0,"D,D,D,D","D,D,D,D","D,D,D,D","D,D,D,D",0,0,0,False,0,0.0
4,50,art_painting-cartoon,0.02,"D,D,F,D","D,D,D,D","D,D,D,D","D,D,D,D",1,1,1,False,3,1.4499002841450448e-05
4,50,art_painting-cartoon,0.05,"D,F,F,F","F,F,D,D","D,D,F,D","F,D,D,D",3,2,4,True,9,0.0033675416122125
4,50,art_painting-cartoon,0.1,"F,F,F,F","F,F,F,D","D,D,F,D","F,F,F,D",1,3,1,False,5,0.0323323866948096
4,50,art_painting-cartoon,0.15,"F,F,F,F","F,F,F,D","F,F,F,D","F,F,F,D",1,1,1,False,3,0.0544032209214916
4,50,art_painting-sketch,0.0,"D,D,D,D","D,D,D,D","D,D,D,D","D,D,D,D",0,0,0,False,0,0.0
4,50,art_painting-sketch,0.02,"D,D,F,D","D,D,D,D","D,D,D,D","D,D,D,D",1,1,1,False,3,1.4499002841450448e-05
4,50,art_painting-sketch,0.05,"D,F,F,F","F,F,D,D","D,D,D,D","F,D,D,D",3,3,4,True,10,0.0054342302253641
4,50,art_painting-sketch,0.1,"F,F,F,F","F,F,F,D","D,D,F,D","F,F,F,F",1,3,0,True,4,0.0590963490022108
4,50,art_painting-sketch,0.15,"F,F,F,F","F,F,F,D","D,D,F,D","F,F,F,F",1,3,0,True,4,0.1090963490022108
4,50,cartoon-sketch,0.0,"D,D,D,D","D,D,D,D","D,D,D,D","D,D,D,D",0,0,0,False,0,0.0
4,50,cartoon-sketch,0.02,"D,D,F,D","D,D,D,D","D,D,D,D","D,D,D,D",1,1,1,False,3,1.4499002841450448e-05
4,50,cartoon-sketch,0.05,"D,F,F,F","D,D,F,D","D,D,D,D","D,D,F,D",2,3,2,False,7,0.0103932070688576
4,50,cartoon-sketch,0.1,"F,F,F,F","D,D,F,D","D,D,F,D","D,D,F,F",3,3,2,True,8,0.0566011240373336
4,50,cartoon-sketch,0.15,"F,F,F,F","F,F,F,D","D,D,F,D","D,D,F,F",1,3,2,True,6,0.0911719582640159
4,100,photo-art_painting,0.0,"D,D,D,D","D,D,D,D","D,D,D,D","D,D,D,D",0,0,0,False,0,0.0
4,100,photo-art_painting,0.02,"D,D,F,D","F,D,D,D","D,D,D,D","D,D,D,D",2,1,1,False,4,-0.002009310520968
4,100,photo-art_painting,0.05,"D,F,F,F","F,D,D,D","D,D,D,D","F,D,D,D",4,3,4,False,11,0.0070039855023807
4,100,photo-art_painting,0.1,"F,F,F,F","F,F,D,D","F,F,D,D","F,F,D,D",2,2,2,False,6,0.0278165303298432
4,100,photo-art_painting,0.15,"F,F,F,F","F,F,D,D","F,F,D,D","F,F,F,D",2,2,1,True,5,0.0537111106042335
4,100,photo-cartoon,0.0,"D,D,D,D","D,D,D,D","D,D,D,D","D,D,D,D",0,0,0,False,0,0.0
4,100,photo-cartoon,0.02,"D,D,F,D","F,D,D,D","D,D,D,D","D,F,D,D",2,1,2,True,5,0.0018871017386313
4,100,photo-cartoon,0.05,"D,F,F,F","F,D,D,D","D,D,D,D","F,F,D,D",4,3,3,True,10,0.0208634519491722
4,100,photo-cartoon,0.1,"F,F,F,F","F,F,D,D","D,D,F,D","F,F,F,F",2,3,0,True,5,0.0864956653488714
4,100,photo-cartoon,0.15,"F,F,F,F","F,F,D,D","D,D,F,D","F,F,F,F",2,3,0,True,5,0.1489956653488716
4,100,photo-sketch,0.0,"D,D,D,D","D,D,D,D","D,D,D,D","D,D,D,D",0,0,0,False,0,0.0
4,100,photo-sketch,0.02,"D,D,F,D","F,D,D,D","D,D,D,D","D,D,D,D",2,1,1,False,4,-0.002009310520968
4,100,photo-sketch,0.05,"D,F,F,F","F,D,D,D","D,D,D,D","F,F,D,D",4,3,3,True,10,0.0163288907060978
4,100,photo-sketch,0.1,"F,F,F,F","F,F,D,D","D,D,D,D","F,F,F,D",2,4,1,True,7,0.0696974371330624
4,100,photo-sketch,0.15,"F,F,F,F","F,F,D,D","D,D,D,D","F,F,F,F",2,4,0,True,6,0.1370798341867668
4,100,art_painting-cartoon,0.0,"D,D,D,D","D,D,D,D","D,D,D,D","D,D,D,D",0,0,0,False,0,0.0
4,100,art_painting-cartoon,0.02,"D,D,F,D","D,D,D,D","D,D,D,D","D,D,D,D",1,1,1,False,3,1.4499002841450448e-05
4,100,art_painting-cartoon,0.05,"D,F,F,F","D,D,D,D","D,D,D,D","D,D,D,D",3,3,3,False,9,0.0119300938767649
4,100,art_painting-cartoon,0.1,"F,F,F,F","F,F,D,D","D,D,F,D","F,D,F,D",2,3,2,True,7,0.0358442400735132
4,100,art_painting-cartoon,0.15,"F,F,F,F","F,F,D,D","D,D,F,D","F,F,F,F",2,3,0,True,5,0.0840849013240871
4,100,art_painting-sketch,0.0,"D,D,D,D","D,D,D,D","D,D,D,D","D,D,D,D",0,0,0,False,0,0.0
4,100,art_painting-sketch,0.02,"D,D,F,D","D,D,D,D","D,D,D,D","D,D,D,D",1,1,1,False,3,1.4499002841450448e-05
4,100,art_painting-sketch,0.05,"D,F,F,F","D,D,D,D","D,D,D,D","D,D,D,D",3,3,3,False,9,0.0119300938767649
4,100,art_painting-sketch,0.1,"F,F,F,F","F,F,D,D","D,D,D,D","F,D,F,F",2,4,1,True,7,0.0636419802437864
4,100,art_painting-sketch,0.15,"F,F,F,F","F,F,D,D","D,D,D,D","F,F,F,F",2,4,0,True,6,0.1277562773119648
4,100,cartoon-sketch,0.0,"D,D,D,D","D,D,D,D","D,D,D,D","D,D,D,D",0,0,0,False,0,0.0
4,100,cartoon-sketch,0.02,"D,D,F,D","D,D,D,D","D,D,D,D","D,D,D,D",1,1,1,False,3,1.4499002841450448e-05
4,100,cartoon-sketch,0.05,"D,F,F,F","D,D,D,D","D,D,D,D","D,D,D,D",3,3,3,False,9,0.0119300938767649
4,100,cartoon-sketch,0.1,"F,F,F,F","D,D,F,D","D,D,D,D","D,D,F,D",3,4,3,False,10,0.0517816032374508
4,100,cartoon-sketch,0.15,"F,F,F,F","D,D,F,D","D,D,D,D","D,D,F,D",3,4,3,False,10,0.1017816032374508
