index,N,pair,c,routing_change,count,mean,std,median,min,max
0,25,art_painting-cartoon,0.0,False,1,0.0,0.0,0.0,0.0,0.0
1,25,art_painting-cartoon,0.0,True,4,0.009544083977225176,0.004199406846318882,0.0097564429846762,0.0049946916627084,0.0136687582768399
2,25,art_painting-cartoon,0.02,True,5,0.00791674344135606,0.011007894275230008,0.0091102573730027,-0.0060334415278727,0.0192171892461046
3,25,art_painting-cartoon,0.05,False,1,0.0195161840178531,0.0,0.0195161840178531,0.0195161840178531,0.0195161840178531
4,25,art_painting-cartoon,0.05,True,4,0.005329530398972551,0.016062526662561773,0.0096011881469487,-0.0168276787629967,0.0189434240649895
5,25,art_painting-cartoon,0.1,False,1,0.0195161840178531,0.0,0.0195161840178531,0.0195161840178531,0.0195161840178531
6,25,art_painting-cartoon,0.1,True,4,0.026627825123682877,0.020223065615941387,0.0339305792501213,-0.0030311731229091,0.041681315117398
7,25,art_painting-cartoon,0.15,False,2,0.02528737359966485,0.041256637594708524,0.02528737359966485,-0.0038854746125094,0.0544602218118391
8,25,art_painting-cartoon,0.15,True,3,0.05306815212630193,0.02579198381739773,0.0490756666849103,0.0295052189166765,0.080623570777319
9,25,art_painting-sketch,0.0,False,1,0.0,0.0,0.0,0.0,0.0
10,25,art_painting-sketch,0.0,True,4,0.015563240888959001,0.005667073350855317,0.01421251267560005,0.0103435756760733,0.0234843625285626
11,25,art_painting-sketch,0.02,False,1,0.018819284675853,0.0,0.018819284675853,0.018819284675853,0.018819284675853
12,25,art_painting-sketch,0.02,True,4,0.013565323299436726,0.010871674236898523,0.0176505649655826,-0.0025096256519554,0.0214697889185371
13,25,art_painting-sketch,0.05,True,5,0.01631471889955002,0.01529519640924786,0.012105957754779,-0.0033588094068781,0.0371491226394035
14,25,art_painting-sketch,0.1,True,5,0.029091356260604377,0.020915190777476427,0.034307120233054,0.006276056649438,0.0497162654185955
15,25,art_painting-sketch,0.15,True,5,0.05143611306080877,0.025246310148427015,0.0660052506665749,0.0165475751899997,0.0722647679036365
16,25,cartoon-sketch,0.0,False,1,0.0,0.0,0.0,0.0,0.0
17,25,cartoon-sketch,0.0,True,4,0.009131344549089624,0.0028217754144782797,0.00809998856103635,0.0070307633948735,0.0132946376794123
18,25,cartoon-sketch,0.02,True,5,0.00976013484468359,0.005993725187347686,0.0130151114538885,1.4499002841450448e-05,0.0145868762183319
19,25,cartoon-sketch,0.05,True,5,0.01681278142490314,0.009170109669386205,0.0228280176629049,0.0047682697138027,0.0244948764185506
20,25,cartoon-sketch,0.1,True,5,0.0367920146485103,0.025848974809139894,0.0298192091179698,0.0104743452474644,0.0668995767892263
21,25,cartoon-sketch,0.15,False,1,0.0346907579466013,0.0,0.0346907579466013,0.0346907579466013,0.0346907579466013
22,25,cartoon-sketch,0.15,True,4,0.06207326337014143,0.04978363046279128,0.059643349079310196,0.0136589952001524,0.1153473601217929
23,25,photo-art_painting,0.0,False,1,0.0,0.0,0.0,0.0,0.0
24,25,photo-art_painting,0.0,True,4,0.013447524411913325,0.0077813473542353165,0.01057522100648985,0.007917374824679,0.0247222808099946
25,25,photo-art_painting,0.02,True,5,0.0122427882486627,0.011167461003141954,0.0136458221437715,-0.0042780493729455,0.026466597974151
26,25,photo-art_painting,0.05,True,5,0.005342055440365701,0.015020441735011603,0.0028352230834817,-0.0126485688488505,0.0268920101925758
27,25,photo-art_painting,0.1,False,1,0.0006736708736042,0.0,0.0006736708736042,0.0006736708736042,0.0006736708736042
28,25,photo-art_painting,0.1,True,4,0.004561862954668525,0.018598458381776296,-0.00185831079785095,-0.0089352345316808,0.0308993079460568
29,25,photo-art_painting,0.15,False,1,-0.0021950100768659,0.0,-0.0021950100768659,-0.0021950100768659,-0.0021950100768659
30,25,photo-art_painting,0.15,True,4,0.010830579080384449,0.01680816395623923,0.005084164708478,-0.0017338927979894,0.0348878797025712
31,25,photo-cartoon,0.0,False,1,0.0,0.0,0.0,0.0,0.0
32,25,photo-cartoon,0.0,True,4,0.01016383361758475,0.003489981174117464,0.01025986566154835,0.006432889314185,0.0137027138330573
33,25,photo-cartoon,0.02,True,5,0.01180640830479744,0.007725828261448733,0.0111678424346903,0.0009417614548822,0.0196712723183559
34,25,photo-cartoon,0.05,False,1,0.0258394558367104,0.0,0.0258394558367104,0.0258394558367104,0.0258394558367104
35,25,photo-cartoon,0.05,True,4,0.0139604138437621,0.011885280447354743,0.011935352630530749,0.0019467606508589,0.030024189463128
36,25,photo-cartoon,0.1,False,1,0.0258394558367104,0.0,0.0258394558367104,0.0258394558367104,0.0258394558367104
37,25,photo-cartoon,0.1,True,4,0.0372650772585356,0.017267677981353053,0.03746280420501535,0.0190938102799425,0.0550408903441692
38,25,photo-cartoon,0.15,False,2,0.035109889790375,0.011977388184987078,0.035109889790375,0.026640597383867,0.043579182196883
39,25,photo-cartoon,0.15,True,3,0.06475800265978597,0.03045742113842289,0.0736042906913351,0.0308566990432086,0.0898130182448142
40,25,photo-sketch,0.0,False,1,0.0,0.0,0.0,0.0,0.0
41,25,photo-sketch,0.0,True,4,0.015697180239888926,0.009242752945021656,0.0144698293112666,0.0073442800172798,0.0265047823197427
42,25,photo-sketch,0.02,True,5,0.01839535092537026,0.01500854888255378,0.0198212066011332,-0.0017539247181486,0.0346575133005444
43,25,photo-sketch,0.05,True,5,0.025249694863945477,0.021305569415002727,0.0384455393382175,-0.0036423550335052,0.0422032275483384
44,25,photo-sketch,0.1,True,5,0.0498973018006173,0.025581247898039044,0.0523038058448145,0.0211474225971118,0.0858168541067884
45,25,photo-sketch,0.15,True,5,0.07485083698713878,0.030680492969465633,0.0725266933763655,0.045746196222999,0.1255046364164195
46,50,art_painting-cartoon,0.0,False,1,0.0,0.0,0.0,0.0,0.0
47,50,art_painting-cartoon,0.0,True,4,0.015668522186116075,0.005960359611754024,0.01563291259780655,0.0101820204985183,0.0212262430503329
48,50,art_painting-cartoon,0.02,True,5,0.01753771754946119,0.01238254285783845,0.0208587549733579,1.4499002841450448e-05,0.0304070702222554
49,50,art_painting-cartoon,0.05,True,5,0.028692545949045422,0.017140022200308445,0.0336951908678985,0.0033675416122125,0.0467238641299866
50,50,art_painting-cartoon,0.1,True,5,0.05602652868975698,0.01450168276841651,0.0595000075448555,0.0323323866948096,0.0717238641299866
51,50,art_painting-cartoon,0.15,True,5,0.07927297668019721,0.018634168580193518,0.0855858163933301,0.0544032209214916,0.0970000075448555
52,50,art_painting-sketch,0.0,False,1,0.0,0.0,0.0,0.0,0.0
53,50,art_painting-sketch,0.0,True,4,0.015701161936969375,0.007355228291761999,0.01309751931493495,0.0101048267982649,0.0265047823197427
54,50,art_painting-sketch,0.02,True,5,0.01925077588204279,0.013033709457170368,0.0201727577691487,1.4499002841450448e-05,0.0365047823197426
55,50,art_painting-sketch,0.05,True,5,0.0371032761014056,0.020472110854512168,0.038953019252188,0.0054342302253641,0.0601810829881281
56,50,art_painting-sketch,0.1,True,5,0.08002571868943308,0.020672182855833214,0.0700931821040775,0.0590963490022108,0.1046706253993986
57,50,art_painting-sketch,0.15,True,5,0.12644763141276966,0.022968877136736243,0.1208018353096529,0.1017701833581108,0.1542804277347934
58,50,cartoon-sketch,0.0,False,1,0.0,0.0,0.0,0.0,0.0
59,50,cartoon-sketch,0.0,True,4,0.017821573010277075,0.006175643778817748,0.018468022892007302,0.0101820204985183,0.0241682257585754
60,50,cartoon-sketch,0.02,True,5,0.022221736149068687,0.01629183109059971,0.0289814451076469,1.4499002841450448e-05,0.0362008940618552
61,50,cartoon-sketch,0.05,True,5,0.04024403002598524,0.024061333789651158,0.0553372407474155,0.0103932070688576,0.0608014099730199
62,50,cartoon-sketch,0.1,True,5,0.08366610716319146,0.024195139152469708,0.0887428979935636,0.0566011240373336,0.1136464296631262
63,50,cartoon-sketch,0.15,True,5,0.11152153516851418,0.019761532523658355,0.1095022260053185,0.0911719582640159,0.1427651659228076
64,50,photo-art_painting,0.0,False,1,0.0,0.0,0.0,0.0,0.0
65,50,photo-art_painting,0.0,True,4,0.01718424794906,0.006935860030475552,0.01568476441783995,0.0110976250697075,0.0262698378908526
66,50,photo-art_painting,0.02,True,5,0.01808202598489158,0.010516157083631216,0.0198871878570171,0.0014574287887714,0.0304632683397538
67,50,photo-art_painting,0.05,True,5,0.025485417320082842,0.014737357786492907,0.0288348912052832,0.0023234419723544,0.040900705167805
68,50,photo-art_painting,0.1,True,5,0.041130960308126144,0.02198268586232967,0.0453218207145837,0.0118723899381246,0.0685736327326919
69,50,photo-art_painting,0.15,True,5,0.05484791301028784,0.024748066341031362,0.0578218207145838,0.0197283667967756,0.0856976476955565
70,50,photo-cartoon,0.0,True,5,0.01312275150965762,0.008166158197880597,0.0158930279796148,0.0006304245836264,0.0221178782456986
71,50,photo-cartoon,0.02,True,5,0.020523476014368942,0.012384686051509636,0.0238967702133572,0.0049760776276173,0.03179040624083
72,50,photo-cartoon,0.05,True,5,0.03587547437127414,0.019605219770771735,0.0397672011688186,0.0124851781407471,0.0576827687952051
73,50,photo-cartoon,0.1,True,5,0.07562645511174274,0.01988176461076015,0.0772672011688185,0.055863264847651,0.1031513351715933
74,50,photo-cartoon,0.15,True,5,0.10295717213409541,0.021701358047982178,0.0973184117113239,0.0855587481439631,0.1406513351715933
75,50,photo-sketch,0.0,False,1,0.0,0.0,0.0,0.0,0.0
76,50,photo-sketch,0.0,True,4,0.021705051644916977,0.008962696311958448,0.0216735895842433,0.0125046198692082,0.0309684075419731
77,50,photo-sketch,0.02,True,5,0.025309459267312262,0.01773190904137646,0.0257351517221595,-0.0006543469560092,0.0419906864325185
78,50,photo-sketch,0.05,True,5,0.0432370789348904,0.023618129531503867,0.0506070437683523,0.0070309428926783,0.064141605469965
79,50,photo-sketch,0.1,True,5,0.09372086906986418,0.030273917646071076,0.1021875914437949,0.0439761511188808,0.1233461706818316
80,50,photo-sketch,0.15,True,5,0.13981860076681774,0.03387129651099065,0.144585325217832,0.0836748122501002,0.1713817453084074
81,100,art_painting-cartoon,0.0,False,1,0.0,0.0,0.0,0.0,0.0
82,100,art_painting-cartoon,0.0,True,4,0.0154986680070599,0.007085918293582697,0.01264873623307605,0.0107369034686555,0.025960296093432
83,100,art_painting-cartoon,0.02,True,5,0.01752754177918625,0.01276847011276752,0.0187132615311524,1.4499002841450448e-05,0.0330037842875595
84,100,art_painting-cartoon,0.05,True,5,0.02848562157671546,0.013676991022046944,0.0332858470964693,0.0119300938767649,0.0420626174648998
85,100,art_painting-cartoon,0.1,True,5,0.0638292264449577,0.022533274378957396,0.0596119945580768,0.0358442400735132,0.0918367342117471
86,100,art_painting-cartoon,0.15,True,5,0.09645251117239365,0.029352976334224245,0.0840849013240871,0.0665277607837214,0.1320461068942118
87,100,art_painting-sketch,0.0,False,1,0.0,0.0,0.0,0.0,0.0
88,100,art_painting-sketch,0.0,True,4,0.01543078443731015,0.007648412581670537,0.0131089407001803,0.0090004740291373,0.0265047823197427
89,100,art_painting-sketch,0.02,True,5,0.01804118995933833,0.012595534039464005,0.0183600412194805,1.4499002841450448e-05,0.0356135281740092
90,100,art_painting-sketch,0.05,True,5,0.031610455105708216,0.013863988385495999,0.0321550277345377,0.0119300938767649,0.0509950282018403
91,100,art_painting-sketch,0.1,True,5,0.07948084090878352,0.01551412768704836,0.074969073021017,0.0636419802437864,0.1047497778919983
92,100,art_painting-sketch,0.15,True,5,0.13876139515152955,0.01714263223408907,0.1300804361197358,0.1253791858602945,0.1665465024336965
93,100,cartoon-sketch,0.0,False,1,0.0,0.0,0.0,0.0,0.0
94,100,cartoon-sketch,0.0,True,4,0.01845721367504015,0.007538010893916608,0.017233659141994,0.0107369034686555,0.0286246329475171
95,100,cartoon-sketch,0.02,True,5,0.02209967023819907,0.015839836345451146,0.0257351517221595,1.4499002841450448e-05,0.038624632947517
96,100,cartoon-sketch,0.05,True,5,0.03931456835603146,0.020164100447763896,0.0505420079349839,0.0119300938767649,0.0561962208460555
97,100,cartoon-sketch,0.1,True,5,0.08636399185514385,0.025488969749729935,0.0963882125046845,0.0517816032374508,0.1093044022515609
98,100,cartoon-sketch,0.15,True,5,0.13440127914881747,0.026832962947453763,0.1423556279999144,0.1017816032374508,0.1598734563240959
99,100,photo-art_painting,0.0,False,1,0.0,0.0,0.0,0.0,0.0
100,100,photo-art_painting,0.0,True,4,0.016584741746683,0.006396853702292093,0.0138516090776257,0.0125046198692082,0.0261311289622724
101,100,photo-art_painting,0.02,True,5,0.018587346076213297,0.014750577442943351,0.0179730902310212,-0.002009310520968,0.0396347489246562
102,100,photo-art_painting,0.05,True,5,0.02968913884379392,0.017813470469439922,0.0293910954169365,0.0070039855023807,0.0545326305247547
103,100,photo-art_painting,0.1,False,1,0.0247292520950938,0.0,0.0247292520950938,0.0247292520950938,0.0247292520950938
104,100,photo-art_painting,0.1,True,4,0.060000180307537225,0.022704799967451974,0.06712196274794105,0.0278165303298432,0.0779402654044236
105,100,photo-art_painting,0.15,True,5,0.07297725304935142,0.030011292522182546,0.0875908082161345,0.0298406151938125,0.0996373611552382
106,100,photo-cartoon,0.0,False,1,0.0,0.0,0.0,0.0,0.0
107,100,photo-cartoon,0.0,True,4,0.019508748018142202,0.006660107314591246,0.02017934250000045,0.0107369034686555,0.0269394036039124
108,100,photo-cartoon,0.02,True,5,0.0237101818965398,0.01590381570282904,0.0328206472201555,0.0018871017386313,0.0370553473367342
109,100,photo-cartoon,0.05,True,5,0.04430596076026436,0.019589264405849988,0.0532910880736645,0.0208634519491722,0.0616433168075402
110,100,photo-cartoon,0.1,True,5,0.09653146320717151,0.018315614025434416,0.0864956653488714,0.0777548697375654,0.119669030418419
111,100,photo-cartoon,0.15,True,5,0.13857111727085103,0.02572747443285443,0.1489956653488716,0.1055723819107412,0.1653706544198863
112,100,photo-sketch,0.0,False,1,0.0,0.0,0.0,0.0,0.0
113,100,photo-sketch,0.0,True,4,0.018373295781212624,0.0045021812020622455,0.019480132438835597,0.0125046198692082,0.0220282983779711
114,100,photo-sketch,0.02,True,5,0.022429827329836498,0.015127361393328466,0.0304474233489103,-0.002009310520968,0.0340239149812784
115,100,photo-sketch,0.05,True,5,0.044520591300877,0.018123492948846152,0.0545493859730404,0.0163288907060978,0.0586118844520845
116,100,photo-sketch,0.1,True,5,0.09882245581201582,0.01829435293000845,0.1046191716333579,0.0696974371330624,0.1175761199934599
117,100,photo-sketch,0.15,True,5,0.16453741902086527,0.0164022940148248,0.1704909519901803,0.1370798341867668,0.1800395656853511
