seed,domain,N,c,O50,REP,REP2,STD,DeltaQ,O50_minus_STD,REP_minus_STD,REP2_minus_STD,REP2_minus_O50,REP2_minus_REP,DeltaI,DeltaL,G_cross_recovered,local_sacrifice,cross_recovery_exceeds_local_sacrifice,G_plus_DeltaL
0,art_painting,25,0.0,-0.005235510650753228,-0.0024865451310548403,-0.011559355978357888,-0.008338038648074142,0.0027489655196983875,0.003102527997320914,0.005851493517019302,-0.003221317330283746,-0.00632384532760466,-0.009072810847303048,-0.13680037520251132,0.010995862078793439,0.13680037520251132,0.0,False,0.14779623728130475
0,art_painting,25,0.02,-0.010235510650753232,-0.007486545131054845,-0.016559355978357893,-0.013338038648074146,0.0027489655196983875,0.003102527997320914,0.005851493517019302,-0.003221317330283746,-0.00632384532760466,-0.009072810847303048,-0.13680037520251132,0.010995862078793439,0.13680037520251132,0.0,False,0.14779623728130475
0,art_painting,25,0.05,-0.021359843387837363,-0.016698877518126376,-0.027683688715442134,-0.024462371385158277,0.004660965869710987,0.003102527997320914,0.007763493867031901,-0.003221317330283857,-0.006323845327604771,-0.010984811197315758,-0.13680037520251132,0.010995862078793439,0.13680037520251132,0.0,False,0.14779623728130475
0,art_painting,25,0.1,-0.041814606625364514,-0.027880369391367288,-0.043650708660512794,-0.0436187127572516,0.013934237233997226,0.0018041061318870844,0.01573834336588431,-3.199590326119495e-05,-0.0018361020351482793,-0.015770339269145506,-0.13680037520251132,0.010995862078793439,0.13680037520251132,0.0,False,0.14779623728130475
0,art_painting,25,0.15,-0.05431460662536447,-0.027880369391367288,-0.05615070866051275,-0.04456693172204795,0.026434237233997182,-0.009747674903316517,0.016686562330680665,-0.011583776938464796,-0.0018361020351482793,-0.02827033926914546,-0.13680037520251132,0.010995862078793439,0.13680037520251132,0.0,False,0.14779623728130475
0,art_painting,50,0.0,0.001267264588695749,-0.005570325121186603,-0.015735151722159557,-0.0007437152418329207,-0.006837589709882352,0.0020109798305286697,-0.004826609879353683,-0.014991436480326636,-0.017002416310855306,-0.010164826600972954,-0.04274365509606093,-0.0273503588395293,0.04274365509606093,0.0273503588395293,True,0.01539329625653163
0,art_painting,50,0.02,-0.0037327354113042555,-0.010570325121186608,-0.021398546171324417,-0.005743715241832925,-0.006837589709882352,0.0020109798305286697,-0.004826609879353683,-0.015654830929491492,-0.017665810760020162,-0.01082822105013781,-0.04274365509606093,-0.0273503588395293,0.04274365509606093,0.0273503588395293,True,0.01539329625653163
0,art_painting,50,0.05,-0.014857068148388386,-0.02169465785827074,-0.03252287890840855,-0.016868047978917056,-0.006837589709882352,0.0020109798305286697,-0.004826609879353683,-0.015654830929491492,-0.017665810760020162,-0.01082822105013781,-0.04274365509606093,-0.0273503588395293,0.04274365509606093,0.0273503588395293,True,0.01539329625653163
0,art_painting,50,0.1,-0.03843001010466707,-0.03773564202097035,-0.0507179082201612,-0.04284618611341939,0.000694368083696717,0.004416176008752326,0.005110544092449043,-0.007871722106741808,-0.012287898115494134,-0.01298226619919085,-0.04274365509606093,-0.0273503588395293,0.04274365509606093,0.0273503588395293,True,0.01539329625653163
0,art_painting,50,0.15,-0.050930010104667134,-0.050235642020970306,-0.06321790822016127,-0.0559488040926589,0.000694368083696828,0.005018793987991765,0.005713162071688593,-0.007269104127502368,-0.012287898115494134,-0.012982266199190962,-0.04274365509606093,-0.0273503588395293,0.04274365509606093,0.0273503588395293,True,0.01539329625653163
0,art_painting,100,0.0,-0.0104068211230961,-0.01242470342658053,-0.015735151722159557,-0.013875313783318077,-0.0020178823034844307,0.003468492660221978,0.0014506103567375472,-0.0018598379388414799,-0.005328330599063458,-0.003310448295579027,-0.18173719865293436,-0.0080715292139375,0.18173719865293436,0.0080715292139375,True,0.17366566943899686
0,art_painting,100,0.02,-0.015406821123096104,-0.017424703426580535,-0.023484246948567766,-0.018875313783318082,-0.0020178823034844307,0.003468492660221978,0.0014506103567375472,-0.0046089331652496845,-0.008077425825471662,-0.006059543521987232,-0.18173719865293436,-0.0080715292139375,0.18173719865293436,0.0080715292139375,True,0.17366566943899686
0,art_painting,100,0.05,-0.026531153860180345,-0.028456741831389243,-0.027108579685651946,-0.029999646520402323,-0.0019255879712088975,0.003468492660221978,0.0015429046890130804,0.0028910668347503776,-0.0005774258254716003,0.0013481621457372972,-0.18173719865293436,-0.0080715292139375,0.18173719865293436,0.0080715292139375,True,0.17366566943899686
0,art_painting,100,0.1,-0.05363256913893544,-0.04226485153235637,-0.029333672775397224,-0.05447910089021091,0.011367717606579064,0.00084653175127547,0.012214249357854534,0.025145428114813684,0.024298896363538214,0.01293117875695915,-0.18173719865293436,-0.0080715292139375,0.18173719865293436,0.0080715292139375,True,0.17366566943899686
0,art_painting,100,0.15,-0.07863256913893546,-0.04226485153235637,-0.029333672775397224,-0.07791713571067238,0.036367717606579086,-0.0007154334282630792,0.03565228417831601,0.04858346293527516,0.049298896363538236,0.01293117875695915,-0.18173719865293436,-0.0080715292139375,0.18173719865293436,0.0080715292139375,True,0.17366566943899686
0,cartoon,25,0.0,-0.008979345183780851,-0.003611937681371691,-0.00468950277391833,-0.011020161510311488,0.0053674075024091605,0.0020408163265306367,0.007408223828939797,0.006330658736393158,0.004289842409862521,-0.0010775650925466396,-0.10431446303521474,-0.002350731948023599,0.10431446303521474,0.002350731948023599,True,0.10196373108719115
0,cartoon,25,0.02,-0.011001396841228583,-0.006221672325825378,-0.0053869545504012795,-0.011898229796901694,0.004779724515403205,0.0008968329556731103,0.005676557471076316,0.006511275246500414,0.005614442290827304,0.0008347177754240986,-0.10431446303521474,-0.002350731948023599,0.10431446303521474,0.002350731948023599,True,0.10196373108719115
0,cartoon,25,0.05,-0.014625729578312763,-0.003284197775396902,-0.006046398198045533,-0.015522562533985762,0.01134153180291586,0.0008968329556729993,0.01223836475858886,0.00947616433594023,0.00857933138026723,-0.0027622004226486307,-0.10431446303521474,-0.002350731948023599,0.10431446303521474,0.002350731948023599,True,0.10196373108719115
0,cartoon,25,0.1,-0.027172970696982435,-0.0017995654847102749,-0.004561765907358906,-0.02930133074625152,0.02537340521227216,0.0021283600492690846,0.027501765261541244,0.024739564838892614,0.02261120478962353,-0.0027622004226486307,-0.10431446303521474,-0.002350731948023599,0.10431446303521474,0.002350731948023599,True,0.10196373108719115
0,cartoon,25,0.15,-0.02729049825650809,-0.0017995654847102749,-0.004561765907358906,-0.03461222432897193,0.025490932771797814,0.007321726072463841,0.032812658844261655,0.030050458421613024,0.022728732349149183,-0.0027622004226486307,-0.10431446303521474,-0.002350731948023599,0.10431446303521474,0.002350731948023599,True,0.10196373108719115
0,cartoon,50,0.0,-0.015735151722159557,-0.004450808669047457,-0.009204788856929658,-0.015735151722159557,0.0112843430531121,0.0,0.0112843430531121,0.0065303628652298995,0.0065303628652298995,-0.004753980187882201,-0.09399870518746467,0.028456511512925053,0.09399870518746467,0.0,False,0.12245521670038972
0,cartoon,50,0.02,-0.025735151722159566,-0.004450808669047457,-0.013466109224445244,-0.019972991318379374,0.02128434305311211,-0.005762160403780192,0.015522182649331917,0.00650688209393413,0.012269042497714322,-0.009015300555397787,-0.09399870518746467,0.028456511512925053,0.09399870518746467,0.0,False,0.12245521670038972
0,cartoon,50,0.05,-0.03150876414064563,-0.007132048794405654,-0.010812125674763862,-0.023597324055463553,0.024376715346239974,-0.007911440085182075,0.0164652752610579,0.012785198380699692,0.020696638465881767,-0.0036800768803582073,-0.09399870518746467,0.028456511512925053,0.09399870518746467,0.0,False,0.12245521670038972
0,cartoon,50,0.1,-0.03894190981270751,-0.008328105637610106,-0.015667293548364825,-0.03990484601422428,0.030613804175097403,0.0009629362015167731,0.031576740376614176,0.024237552465859458,0.023274616264342685,-0.007339187910754719,-0.09399870518746467,0.028456511512925053,0.09399870518746467,0.0,False,0.12245521670038972
0,cartoon,50,0.15,-0.03894190981270751,-0.008328105637610106,-0.015667293548364825,-0.043843735870005784,0.030613804175097403,0.004901826057298275,0.03551563023239568,0.02817644232164096,0.023274616264342685,-0.007339187910754719,-0.09399870518746467,0.028456511512925053,0.09399870518746467,0.0,False,0.12245521670038972
0,cartoon,100,0.0,-0.015735151722159557,-0.01055190665141581,-0.011357959630345027,-0.015735151722159557,0.005183245070743747,0.0,0.005183245070743747,0.00437719209181453,0.00437719209181453,-0.000806052978929217,-0.35509384322718696,0.046821891869106236,0.35509384322718696,0.0,False,0.4019157350962932
0,cartoon,100,0.02,-0.025735151722159566,-0.011854732793437739,-0.013353582774626949,-0.025735151722159566,0.013880418928721827,0.0,0.013880418928721827,0.012381568947532617,0.012381568947532617,-0.0014988499811892098,-0.35509384322718696,0.046821891869106236,0.35509384322718696,0.0,False,0.4019157350962932
0,cartoon,100,0.05,-0.04435948445924376,-0.007979065530521856,-0.016977915511711128,-0.03866624490398396,0.0363804189287219,-0.005693239555259799,0.030687179373462103,0.02168832939227283,0.02738156894753263,-0.008998849981189272,-0.35509384322718696,0.046821891869106236,0.35509384322718696,0.0,False,0.4019157350962932
0,cartoon,100,0.1,-0.08274846003452196,-0.007899612169644743,-0.028155164188959803,-0.05678955741526692,0.07484884786487722,-0.025958902619255042,0.04888994524562218,0.02863439322630712,0.05459329584556216,-0.02025555201931506,-0.35509384322718696,0.046821891869106236,0.35509384322718696,0.0,False,0.4019157350962932
0,cartoon,100,0.15,-0.10666772759959431,-0.007899612169644743,-0.03989674139821209,-0.06191924926234316,0.09876811542994957,-0.04474847833725115,0.054019637092698414,0.02202250786413107,0.06677098620138222,-0.031997129228567345,-0.35509384322718696,0.046821891869106236,0.35509384322718696,0.0,False,0.4019157350962932
0,photo,25,0.0,-0.015614892830438376,-0.00391413240057914,-0.005122978075534079,-0.014200642919947826,0.011700760429859236,-0.0014142499104905504,0.010286510519368686,0.009077664844413746,0.010491914754904297,-0.0012088456749549392,-0.10979991003751566,-0.011251688909403867,0.10979991003751566,0.011251688909403867,True,0.09854822112811179
0,photo,25,0.02,-0.02061489283043838,-0.008914132400579144,-0.010122978075534084,-0.01920064291994783,0.011700760429859236,-0.0014142499104905504,0.010286510519368686,0.009077664844413746,0.010491914754904297,-0.0012088456749549392,-0.10979991003751566,-0.011251688909403867,0.10979991003751566,0.011251688909403867,True,0.09854822112811179
0,photo,25,0.05,-0.027824444972303408,-0.018042681262747107,-0.021247310812618214,-0.026410195061812858,0.009781763709556301,-0.0014142499104905504,0.008367513799065751,0.005162884249194644,0.006577134159685194,-0.0032046295498711075,-0.10979991003751566,-0.011251688909403867,0.10979991003751566,0.011251688909403867,True,0.09854822112811179
0,photo,25,0.1,-0.04752662012577291,-0.026622908501543696,-0.03740684005996764,-0.046180346260132676,0.020903711624229215,-0.001346273865640235,0.01955743775858898,0.008773506200165038,0.010119780065805273,-0.010783931558423943,-0.10979991003751566,-0.011251688909403867,0.10979991003751566,0.011251688909403867,True,0.09854822112811179
0,photo,25,0.15,-0.05125996378357167,-0.026622908501543696,-0.04675765553758782,-0.05868034626013274,0.024637055282027975,0.0074203824765610715,0.03205743775858905,0.011922690722544926,0.004502308245983855,-0.02013474703604412,-0.10979991003751566,-0.011251688909403867,0.10979991003751566,0.011251688909403867,True,0.09854822112811179
0,photo,50,0.0,-0.015735151722159557,-0.0038241553256957994,-0.007168537068966474,-0.015735151722159557,0.011910996396463758,0.0,0.011910996396463758,0.008566614653193083,0.008566614653193083,-0.0033443817432706746,-0.2523092527038455,-0.020927973216229967,0.2523092527038455,0.020927973216229967,True,0.23138127948761555
0,photo,50,0.02,-0.02215790726061473,-0.008824155325695804,-0.012168537068966478,-0.022404058352630596,0.013333751934918925,0.00024615109201586716,0.013579903026934792,0.010235521283664117,0.00998937019164825,-0.0033443817432706746,-0.2523092527038455,-0.020927973216229967,0.2523092527038455,0.020927973216229967,True,0.23138127948761555
0,photo,50,0.05,-0.02817991541936926,-0.019261397352378418,-0.02329286980605072,-0.030980344927732384,0.008918518066990844,0.0028004295083631225,0.011718947575353966,0.007687475121681664,0.004887045613318541,-0.004031472453672302,-0.2523092527038455,-0.020927973216229967,0.2523092527038455,0.020927973216229967,True,0.23138127948761555
0,photo,50,0.1,-0.051695283128682545,-0.027084081867026044,-0.026580809984396936,-0.05449571263704567,0.0246112012616565,0.0028004295083631225,0.027411630770019624,0.027914902652648732,0.02511447314428561,0.0005032718826291083,-0.2523092527038455,-0.020927973216229967,0.2523092527038455,0.020927973216229967,True,0.23138127948761555
0,photo,50,0.15,-0.07669528312868257,-0.027084081867026044,-0.026580809984396936,-0.0780804839866246,0.04961120126165652,0.001385200857942026,0.05099640211959855,0.05149967400222766,0.05011447314428563,0.0005032718826291083,-0.2523092527038455,-0.020927973216229967,0.2523092527038455,0.020927973216229967,True,0.23138127948761555
0,photo,100,0.0,-0.015735151722159557,-0.008851783030351834,-0.010281040253010465,-0.015735151722159557,0.006883368691807723,0.0,0.006883368691807723,0.005454111469149092,0.005454111469149092,-0.0014292572226586309,-0.3890664484927041,0.004926108374384119,0.3890664484927041,0.0,False,0.39399255686708823
0,photo,100,0.02,-0.025735151722159566,-0.013851783030351839,-0.01528104025301047,-0.025735151722159566,0.011883368691807727,0.0,0.011883368691807727,0.010454111469149097,0.010454111469149097,-0.0014292572226586309,-0.3890664484927041,0.004926108374384119,0.3890664484927041,0.0,False,0.39399255686708823
0,photo,100,0.05,-0.039668652902740464,-0.01916788261525315,-0.014428263715877021,-0.04044361429751897,0.020500770287487313,0.0007749613947785061,0.02127573168226582,0.02601535058164195,0.025240389186863443,0.00473961889937613,-0.3890664484927041,0.004926108374384119,0.3890664484927041,0.0,False,0.39399255686708823
0,photo,100,0.1,-0.06335767244826718,-0.01777397841004469,-0.02544363142519035,-0.06395898200683225,0.04558369403822249,0.0006013095585650774,0.046185003596787566,0.038515350581641905,0.03791404102307683,-0.007669653015145661,-0.3890664484927041,0.004926108374384119,0.3890664484927041,0.0,False,0.39399255686708823
0,photo,100,0.15,-0.0883576724482672,-0.01777397841004469,-0.037943631425190305,-0.08895898200683228,0.07058369403822251,0.0006013095585650774,0.07118500359678759,0.05101535058164197,0.050414041023076894,-0.020169653015145617,-0.3890664484927041,0.004926108374384119,0.3890664484927041,0.0,False,0.39399255686708823
0,sketch,25,0.0,-0.015735151722159557,-0.006327058817545472,-0.014018226846409187,-0.015735151722159557,0.009408092904614085,0.0,0.009408092904614085,0.0017169248757503697,0.0017169248757503697,-0.007691168028863715,-0.24273631186894795,0.008085828805102446,0.24273631186894795,0.0,False,0.2508221406740504
0,sketch,25,0.02,-0.023832955876982864,-0.006344525238089149,-0.014460653096825538,-0.02267625157621378,0.017488430638893715,-0.0011567043007690847,0.01633172633812463,0.008215598479388242,0.009372302780157327,-0.008116127858736388,-0.24273631186894795,0.008085828805102446,0.24273631186894795,0.0,False,0.2508221406740504
0,sketch,25,0.05,-0.034957288614066995,-0.009968857975173329,-0.018084985833909717,-0.03380058431329791,0.024988430638893666,-0.0011567043007690847,0.02383172633812458,0.015715598479388193,0.016872302780157278,-0.008116127858736388,-0.24273631186894795,0.008085828805102446,0.24273631186894795,0.0,False,0.2508221406740504
0,sketch,25,0.1,-0.06592979599559712,-0.021697383253735603,-0.03926142946784572,-0.06981595202261126,0.044232412741861515,0.0038861560270141426,0.04811856876887566,0.03055452255476554,0.026668366527751397,-0.01756404621411012,-0.24273631186894795,0.008085828805102446,0.24273631186894795,0.0,False,0.2508221406740504
0,sketch,25,0.15,-0.08369168472595168,-0.021697383253735603,-0.03959261762109367,-0.1006612637655725,0.06199430147221607,0.01696957903962082,0.07896388051183689,0.06106864614447882,0.044099067104858,-0.01789523436735807,-0.24273631186894795,0.008085828805102446,0.24273631186894795,0.0,False,0.2508221406740504
0,sketch,50,0.0,-0.015735151722159557,-0.010731949865349755,-0.015735151722159557,-0.015735151722159557,0.0050032018568098025,0.0,0.0050032018568098025,0.0,0.0,-0.0050032018568098025,-0.6342003082230063,0.0997669524162843,0.6342003082230063,0.0,False,0.7339672606392906
0,sketch,50,0.02,-0.025735151722159566,-0.011387099957099078,-0.022474580192413995,-0.025735151722159566,0.014348051765060488,0.0,0.014348051765060488,0.0032605715297455706,0.0032605715297455706,-0.011087480235314917,-0.6342003082230063,0.0997669524162843,0.6342003082230063,0.0,False,0.7339672606392906
0,sketch,50,0.05,-0.04435948445924376,-0.015011432694183147,-0.026098912929498064,-0.04435948445924376,0.029348051765060612,0.0,0.029348051765060612,0.018260571529745695,0.018260571529745695,-0.011087480235314917,-0.6342003082230063,0.0997669524162843,0.6342003082230063,0.0,False,0.7339672606392906
0,sketch,50,0.1,-0.09287485216855706,-0.03732817919256004,-0.04961428063881135,-0.09287485216855706,0.055546672975997025,0.0,0.055546672975997025,0.04326057152974572,0.04326057152974572,-0.012286101446251307,-0.6342003082230063,0.0997669524162843,0.6342003082230063,0.0,False,0.7339672606392906
0,sketch,50,0.15,-0.13070043896322792,-0.049828179192559996,-0.06461024070866317,-0.13069770947744452,0.08087225977066792,-2.7294857833926045e-06,0.08086953028488453,0.06608746876878135,0.06609019825456475,-0.014782061516103173,-0.6342003082230063,0.0997669524162843,0.6342003082230063,0.0,False,0.7339672606392906
0,sketch,100,0.0,-0.015735151722159557,-0.01005074258275096,-0.01525355219108604,-0.015735151722159557,0.005684409139408597,0.0,0.005684409139408597,0.0004815995310735177,0.0004815995310735177,-0.0052028096083350794,-0.9882124156232303,0.09268284368257057,0.9882124156232303,0.0,False,1.0808952593058008
0,sketch,100,0.02,-0.025735151722159566,-0.010126331246660514,-0.020253552191086044,-0.025735151722159566,0.015608820475499052,0.0,0.015608820475499052,0.005481599531073522,0.005481599531073522,-0.01012722094442553,-0.9882124156232303,0.09268284368257057,0.9882124156232303,0.0,False,1.0808952593058008
0,sketch,100,0.05,-0.04435948445924376,-0.013750663983744582,-0.026146055354235198,-0.04435948445924376,0.030608820475499177,0.0,0.030608820475499177,0.01821342910500856,0.01821342910500856,-0.012395391370490616,-0.9882124156232303,0.09268284368257057,0.9882124156232303,0.0,False,1.0808952593058008
0,sketch,100,0.1,-0.09287485216855706,-0.0346684638066771,-0.04966142306354848,-0.09287485216855706,0.05820638836187997,0.0,0.05820638836187997,0.04321342910500858,0.04321342910500858,-0.014992959256871385,-0.9882124156232303,0.09268284368257057,0.9882124156232303,0.0,False,1.0808952593058008
0,sketch,100,0.15,-0.1428748521685571,-0.04716846380667705,-0.06953950839729883,-0.1428748521685571,0.09570638836188006,0.0,0.09570638836188006,0.07333534377125828,0.07333534377125828,-0.02237104459062178,-0.9882124156232303,0.09268284368257057,0.9882124156232303,0.0,False,1.0808952593058008
1,art_painting,25,0.0,-0.012504619869208256,-0.0054345861045260735,-0.009071055481780999,-0.012504619869208256,0.007070033764682182,0.0,0.007070033764682182,0.003433564387427257,0.003433564387427257,-0.003636469377254925,-0.1052763927668472,0.011795903901167026,0.1052763927668472,0.0,False,0.11707229666801422
1,art_painting,25,0.02,-0.015731168257307693,-0.0054345861045260735,-0.009071055481780999,-0.014679082029651846,0.01029658215278162,-0.0010520862276558463,0.009244495925125773,0.005608026547870848,0.006660112775526694,-0.003636469377254925,-0.1052763927668472,0.011795903901167026,0.1052763927668472,0.0,False,0.11707229666801422
1,art_painting,25,0.05,-0.014742244021205497,-0.0003531250205072167,-0.006184397527432606,-0.010525693345907472,0.01438911900069828,-0.004216550675298025,0.010172568325400255,0.004341295818474866,0.008557846493772892,-0.005831272506925389,-0.1052763927668472,0.011795903901167026,0.1052763927668472,0.0,False,0.11707229666801422
1,art_painting,25,0.1,-0.021031324049235023,0.003931806807276783,-0.00857887289549697,-0.016814773373936998,0.024963130856511806,-0.004216550675298025,0.02074658018121378,0.008235900478440028,0.012452451153738053,-0.012510679702773753,-0.1052763927668472,0.011795903901167026,0.1052763927668472,0.0,False,0.11707229666801422
1,art_painting,25,0.15,-0.025336267359726716,0.003931806807276783,-0.00857887289549697,-0.02009780972070252,0.0292680741670035,-0.005238457639024197,0.024029616527979303,0.01151893682520555,0.016757394464229747,-0.012510679702773753,-0.1052763927668472,0.011795903901167026,0.1052763927668472,0.0,False,0.11707229666801422
1,art_painting,50,0.0,-0.012504619869208256,-0.012180475784911438,-0.012504619869208256,-0.012504619869208256,0.00032414408429681796,0.0,0.00032414408429681796,0.0,0.0,-0.00032414408429681796,-0.1691779335774215,-0.0013004474961604284,0.1691779335774215,0.0013004474961604284,True,0.16787748608126107
1,art_painting,50,0.02,-0.01750461986920815,-0.012180475784911438,-0.015576193967116625,-0.01750461986920815,0.005324144084296711,0.0,0.005324144084296711,0.001928425902091524,0.001928425902091524,-0.0033957181822051874,-0.1691779335774215,-0.0013004474961604284,0.1691779335774215,0.0013004474961604284,True,0.16787748608126107
1,art_painting,50,0.05,-0.022994797389798705,-0.0061041625557766155,-0.013601426142556439,-0.028029643055626274,0.01689063483402209,0.00503484566582757,0.02192548049984966,0.014428216913069836,0.009393371247242266,-0.007497263586779823,-0.1691779335774215,-0.0013004474961604284,0.1691779335774215,0.0013004474961604284,True,0.16787748608126107
1,art_painting,50,0.1,-0.036800741711462415,-0.010855360187695062,-0.019890506170585853,-0.039044906528028944,0.025945381523767352,0.0022441648165665296,0.028189546340333882,0.01915440035744309,0.01691023554087656,-0.009035145982890791,-0.1691779335774215,-0.0013004474961604284,0.1691779335774215,0.0013004474961604284,True,0.16787748608126107
1,art_painting,50,0.15,-0.04930074171146237,-0.010855360187695062,-0.03239050617058592,-0.05154490652802901,0.03844538152376731,0.0022441648165666406,0.04068954634033395,0.01915440035744309,0.01691023554087645,-0.021535145982890858,-0.1691779335774215,-0.0013004474961604284,0.1691779335774215,0.0013004474961604284,True,0.16787748608126107
1,art_painting,100,0.0,-0.012504619869208256,-0.010039863491305256,-0.011576544489030671,-0.012504619869208256,0.002464756377902999,0.0,0.002464756377902999,0.0009280753801775843,0.0009280753801775843,-0.0015366809977254148,-0.3301246895973738,0.005979233798782735,0.3301246895973738,0.0,False,0.3361039233961565
1,art_painting,100,0.02,-0.01750461986920815,-0.010039863491305256,-0.011576544489030671,-0.01750461986920815,0.0074647563779028925,0.0,0.0074647563779028925,0.005928075380177478,0.005928075380177478,-0.0015366809977254148,-0.3301246895973738,0.005979233798782735,0.3301246895973738,0.0,False,0.3361039233961565
1,art_painting,100,0.05,-0.025126088066146024,-0.0022729860588065476,-0.009898309899371238,-0.025130095953668663,0.022853102007339476,4.007887522639031e-06,0.022857109894862115,0.015231786054297425,0.015227778166774786,-0.007625323840564691,-0.3301246895973738,0.005979233798782735,0.3301246895973738,0.0,False,0.3361039233961565
1,art_painting,100,0.1,-0.039326317145570444,0.0039379339131639934,-0.005952196954441158,-0.04244556703153202,0.04326425105873444,0.0031192498859615725,0.04638350094469601,0.03649337007709086,0.033374120191129286,-0.009890130867605151,-0.3301246895973738,0.005979233798782735,0.3301246895973738,0.0,False,0.3361039233961565
1,art_painting,100,0.15,-0.05182631714557051,0.0039379339131639934,-0.005952196954441158,-0.05494556703153197,0.055764251058734504,0.0031192498859614615,0.058883500944695966,0.048993370077090814,0.04587412019112935,-0.009890130867605151,-0.3301246895973738,0.005979233798782735,0.3301246895973738,0.0,False,0.3361039233961565
1,cartoon,25,0.0,-0.004948112168263852,-0.005542915769412793,-0.008707836400424496,-0.008253067118943136,-0.000594803601148941,0.003304954950679284,0.002710151349530343,-0.00045476928148135976,-0.003759724232160644,-0.003164920631011703,-0.12452353076579492,-0.002379214404595986,0.12452353076579492,0.002379214404595986,True,0.12214431636119893
1,cartoon,25,0.02,-0.004948112168263852,-0.005542915769412793,-0.008707836400424496,-0.008253067118943136,-0.000594803601148941,0.003304954950679284,0.002710151349530343,-0.00045476928148135976,-0.003759724232160644,-0.003164920631011703,-0.12452353076579492,-0.002379214404595986,0.12452353076579492,0.002379214404595986,True,0.12214431636119893
1,cartoon,25,0.05,-0.008758122918630318,-0.005466791334978849,-0.007356201761908987,-0.012063077869309602,0.003291331583651469,0.003304954950679284,0.006596286534330753,0.004706876107400615,0.0014019211567213308,-0.0018894104269301382,-0.12452353076579492,-0.002379214404595986,0.12452353076579492,0.002379214404595986,True,0.12214431636119893
1,cartoon,25,0.1,-0.03360125073159903,-0.005884629823516896,-0.02163052806774446,-0.03931620352145315,0.027716620908082135,0.005714952789854122,0.03343157369793626,0.017685675453708694,0.011970722663854572,-0.015745898244227563,-0.12452353076579492,-0.002379214404595986,0.12452353076579492,0.002379214404595986,True,0.12214431636119893
1,cartoon,25,0.15,-0.03642070891381677,-0.005884629823516896,-0.03225205731147307,-0.04330362304723323,0.030536079090299872,0.006882914133416462,0.037418993223716335,0.01105156573576016,0.004168651602343698,-0.026367427487956174,-0.12452353076579492,-0.002379214404595986,0.12452353076579492,0.002379214404595986,True,0.12214431636119893
1,cartoon,50,0.0,-0.012350731920366176,-0.0049228774927790875,-0.012504619869208256,-0.005455711478179914,0.007427854427587088,-0.0068950204421862615,0.0005328339854008268,-0.007048908391028341,-0.00015388794884207968,-0.007581742376429168,-0.3503177075424936,0.029711417710348464,0.3503177075424936,0.0,False,0.38002912525284205
1,cartoon,50,0.02,-0.012350731920366176,-0.0030611833841438507,-0.015373178713591007,-0.005455711478179914,0.009289548536222325,-0.0068950204421862615,0.0023945280940360636,-0.009917467235411093,-0.003022446793224831,-0.012311995329447156,-0.3503177075424936,0.029711417710348464,0.3503177075424936,0.0,False,0.38002912525284205
1,cartoon,50,0.05,-0.016160742670732753,0.0006288058654896345,-0.011683189463957522,-0.00926572222854638,0.016789548536222387,-0.0068950204421863726,0.009894528094036015,-0.0024174672354111415,0.004477553206775231,-0.012311995329447156,-0.3503177075424936,0.029711417710348464,0.3503177075424936,0.0,False,0.38002912525284205
1,cartoon,50,0.1,-0.04744982269876208,-0.006925241058468368,-0.02588733927861986,-0.04055480225657582,0.04052458164029371,-0.0068950204421862615,0.03362956119810745,0.014667462977955958,0.02156248342014222,-0.01896209822015149,-0.3503177075424936,0.029711417710348464,0.3503177075424936,0.0,False,0.38002912525284205
1,cartoon,50,0.15,-0.07429502514185116,-0.007236520832499704,-0.038387339278619925,-0.062014097293041415,0.06705850430935145,-0.012280927848809742,0.05477757646054171,0.02362675801442149,0.03590768586323123,-0.03115081844612022,-0.3503177075424936,0.029711417710348464,0.3503177075424936,0.0,False,0.38002912525284205
1,cartoon,100,0.0,-0.012504619869208256,-0.012504619869208256,-0.012504619869208256,-0.012504619869208256,0.0,0.0,0.0,0.0,0.0,0.0,-0.4217305717604996,0.020321807461491592,0.4217305717604996,0.0,False,0.4420523792219912
1,cartoon,100,0.02,-0.01750461986920815,-0.013240210602023073,-0.01750461986920815,-0.01750461986920815,0.004264409267185076,0.0,0.004264409267185076,0.0,0.0,-0.004264409267185076,-0.4217305717604996,0.020321807461491592,0.4217305717604996,0.0,False,0.4420523792219912
1,cartoon,100,0.05,-0.02213067321776241,-0.017050221352389427,-0.021449910296660546,-0.024676574169510856,0.005080451865372981,0.0025459009517484477,0.007626352817121429,0.0032266638728503105,0.0006807629211018629,-0.0043996889442711185,-0.4217305717604996,0.020321807461491592,0.4217305717604996,0.0,False,0.4420523792219912
1,cartoon,100,0.1,-0.053419753245791846,-0.024952422324159174,-0.038575495314025154,-0.05596565419754018,0.028467330921632672,0.0025459009517483366,0.03101323187338101,0.017390158883515028,0.014844257931766691,-0.01362307298986598,-0.4217305717604996,0.020321807461491592,0.4217305717604996,0.0,False,0.4420523792219912
1,cartoon,100,0.15,-0.09091975324579182,-0.024952422324159174,-0.05107549531402522,-0.09346565419754027,0.06596733092163265,0.0025459009517484477,0.0685132318733811,0.04239015888351505,0.0398442579317666,-0.026123072989866047,-0.4217305717604996,0.020321807461491592,0.4217305717604996,0.0,False,0.4420523792219912
1,photo,25,0.0,-0.012504619869208256,-0.008491052336829119,-0.010320168737701696,-0.012504619869208256,0.0040135675323791364,0.0,0.0040135675323791364,0.0021844511315065596,0.0021844511315065596,-0.0018291164008725769,-0.19959441064556427,0.014954257565095053,0.19959441064556427,0.0,False,0.21454866821065932
1,photo,25,0.02,-0.01750461986920815,-0.008491052336829119,-0.009733984833148135,-0.01750461986920815,0.00901356753237903,0.0,0.00901356753237903,0.007770635036060014,0.007770635036060014,-0.0012429324963190158,-0.19959441064556427,0.014954257565095053,0.19959441064556427,0.0,False,0.21454866821065932
1,photo,25,0.05,-0.02597294153456553,-0.00015553002124935045,0.0008195698256686645,-0.0248488415142204,0.02581741151331618,-0.0011241000203451312,0.02469331149297105,0.025668411339889063,0.026792511360234195,0.000975099846918015,-0.19959441064556427,0.014954257565095053,0.19959441064556427,0.0,False,0.21454866821065932
1,photo,25,0.1,-0.03310921813838541,-0.00491633206443165,-0.00546951020236075,-0.032574797124844235,0.02819288607395376,-0.0005344210135411753,0.027658465060412585,0.027105286922483485,0.02763970793602466,-0.0005531781379291001,-0.19959441064556427,0.014954257565095053,0.19959441064556427,0.0,False,0.21454866821065932
1,photo,25,0.15,-0.04560921813838548,-0.00491633206443165,-0.017969510202360817,-0.0450747971248443,0.04069288607395383,-0.0005344210135411753,0.04015846506041265,0.027105286922483485,0.02763970793602466,-0.013053178137929167,-0.19959441064556427,0.014954257565095053,0.19959441064556427,0.0,False,0.21454866821065932
1,photo,50,0.0,-0.012504619869208256,-0.012504619869208256,-0.012504619869208256,-0.012504619869208256,0.0,0.0,0.0,0.0,0.0,0.0,-0.2703008373457411,0.014778325123152802,0.2703008373457411,0.0,False,0.2850791624688939
1,photo,50,0.02,-0.01750461986920815,-0.017191199353477238,-0.01750461986920815,-0.01750461986920815,0.0003134205157309111,0.0,0.0003134205157309111,0.0,0.0,-0.0003134205157309111,-0.2703008373457411,0.014778325123152802,0.2703008373457411,0.0,False,0.2850791624688939
1,photo,50,0.05,-0.02684209907251589,-0.010890466689116085,-0.02381761295875362,-0.02684209907251589,0.015951632383399805,0.0,0.015951632383399805,0.0030244861137622703,0.0030244861137622703,-0.012927146269637535,-0.2703008373457411,0.014778325123152802,0.2703008373457411,0.0,False,0.2850791624688939
1,photo,50,0.1,-0.04597844771035464,-0.01717954671714561,-0.03083925113077468,-0.04921554221806956,0.02879890099320903,0.0032370945077149216,0.03203599550092395,0.018376291087294883,0.015139196579579961,-0.01365970441362907,-0.2703008373457411,0.014778325123152802,0.2703008373457411,0.0,False,0.2850791624688939
1,photo,50,0.15,-0.05923843413850172,-0.02670592578066744,-0.04282292139634303,-0.062425187762786716,0.03253250835783428,0.003186753624284999,0.03571926198211928,0.019602266366443688,0.01641551274215869,-0.01611699561567559,-0.2703008373457411,0.014778325123152802,0.2703008373457411,0.0,False,0.2850791624688939
1,photo,100,0.0,-0.012504619869208256,-0.012504619869208256,-0.012504619869208256,-0.012504619869208256,0.0,0.0,0.0,0.0,0.0,0.0,-0.38088053109416253,0.01460239268121033,0.38088053109416253,0.0,False,0.39548292377537286
1,photo,100,0.02,-0.01750461986920815,-0.01750461986920815,-0.01489938187228046,-0.01750461986920815,0.0,0.0,0.0,0.0026052379969276895,0.0026052379969276895,0.0026052379969276895,-0.38088053109416253,0.01460239268121033,0.38088053109416253,0.0,False,0.39548292377537286
1,photo,100,0.05,-0.025610571978919805,-0.011908011126507412,-0.013130246015771063,-0.023103534681242155,0.013702560852412393,-0.00250703729767765,0.011195523554734743,0.009973288665471092,0.012480325963148742,-0.0012222348892636514,-0.38088053109416253,0.01460239268121033,0.38088053109416253,0.0,False,0.39548292377537286
1,photo,100,0.1,-0.05433850797178419,-0.018197091154536826,-0.01991630609877637,-0.04976859612217366,0.03614141681724736,-0.004569911849610531,0.03157150496763683,0.029852290023397288,0.03442220187300782,-0.0017192149442395444,-0.38088053109416253,0.01460239268121033,0.38088053109416253,0.0,False,0.39548292377537286
1,photo,100,0.15,-0.07561731859221721,-0.025052146613451898,-0.01991630609877637,-0.06823669836003787,0.05056517197876531,-0.007380620232179336,0.043184551746585975,0.0483203922612615,0.05570101249344084,0.005135840514675527,-0.38088053109416253,0.01460239268121033,0.38088053109416253,0.0,False,0.39548292377537286
1,sketch,25,0.0,-0.011157871836484645,-0.003037933026599826,-0.005351562194042536,-0.012504619869208256,0.008119938809884819,0.0013467480327236103,0.00946668684260843,0.007153057675165719,0.005806309642442109,-0.00231362916744271,-0.22023463048150238,0.09203565853852036,0.22023463048150238,0.0,False,0.31227028902002274
1,sketch,25,0.02,-0.011157871836484645,-0.003037933026599826,-0.005351562194042536,-0.014336245913548096,0.008119938809884819,0.0031783740770634505,0.01129831288694827,0.00898468371950556,0.005806309642442109,-0.00231362916744271,-0.22023463048150238,0.09203565853852036,0.22023463048150238,0.0,False,0.31227028902002274
1,sketch,25,0.05,-0.014967882586851111,-0.0005629440804905128,-0.0012174994761432467,-0.01814625666391456,0.014404938506360598,0.0031783740770634505,0.01758331258342405,0.016928757187771315,0.013750383110707864,-0.0006545553956527339,-0.22023463048150238,0.09203565853852036,0.22023463048150238,0.0,False,0.31227028902002274
1,sketch,25,0.1,-0.04625696261488055,0.0013749057495874295,-0.00030828690742135123,-0.04147215857780162,0.04763186836446798,-0.004784804037078927,0.04284706432738905,0.04116387167038027,0.0459486757074592,-0.0016831926570087807,-0.22023463048150238,0.09203565853852036,0.22023463048150238,0.0,False,0.31227028902002274
1,sketch,25,0.15,-0.0715504333479301,0.0013749057495874295,-0.00030828690742135123,-0.05869078582940512,0.07292533909751753,-0.012859647518524975,0.06006569157899255,0.05838249892198377,0.07124214644050875,-0.0016831926570087807,-0.22023463048150238,0.09203565853852036,0.22023463048150238,0.0,False,0.31227028902002274
1,sketch,50,0.0,-0.012504619869208256,-0.010818130769589152,-0.012504619869208256,-0.012504619869208256,0.001686489099619104,0.0,0.001686489099619104,0.0,0.0,-0.001686489099619104,-0.5260255485272178,0.164474186544605,0.5260255485272178,0.0,False,0.6904997350718228
1,sketch,50,0.02,-0.01750461986920815,-0.006031512479159562,-0.01279026998527888,-0.01750461986920815,0.011473107390048587,0.0,0.011473107390048587,0.00471434988392927,0.00471434988392927,-0.006758757506119317,-0.5260255485272178,0.164474186544605,0.5260255485272178,0.0,False,0.6904997350718228
1,sketch,50,0.05,-0.027750166996177494,-0.002341523229526077,-0.016600280735645234,-0.025327635660497005,0.025408643766651418,-0.002422531335680489,0.02298611243097093,0.008727354924851771,0.01114988626053226,-0.014258757506119157,-0.5260255485272178,0.164474186544605,0.5260255485272178,0.0,False,0.6904997350718228
1,sketch,50,0.1,-0.05903924702420693,-4.0181800812222335e-05,-0.029408541026325397,-0.05661671568852644,0.05899906522339471,-0.002422531335680489,0.05657653388771422,0.027208174662201046,0.029630705997881535,-0.029368359225513174,-0.5260255485272178,0.164474186544605,0.5260255485272178,0.0,False,0.6904997350718228
1,sketch,50,0.15,-0.09653924702420691,-4.0181800812222335e-05,-0.030333983505875572,-0.08773927946549476,0.09649906522339469,-0.008799967558712152,0.08769909766468253,0.057405295959619185,0.06620526351833134,-0.03029380170506335,-0.5260255485272178,0.164474186544605,0.5260255485272178,0.0,False,0.6904997350718228
1,sketch,100,0.0,-0.012504619869208256,-0.010002024062089054,-0.012504619869208256,-0.012504619869208256,0.002502595807119201,0.0,0.002502595807119201,0.0,0.0,-0.002502595807119201,-1.0500656203533283,0.028354794784296034,1.0500656203533283,0.0,False,1.0784204151376242
1,sketch,100,0.02,-0.01750461986920815,-0.010002024062089054,-0.012544201683847955,-0.01750461986920815,0.007502595807119095,0.0,0.007502595807119095,0.004960418185360194,0.004960418185360194,-0.002542177621758901,-1.0500656203533283,0.028354794784296034,1.0500656203533283,0.0,False,1.0784204151376242
1,sketch,100,0.05,-0.028814630619574677,-0.012815372737658315,-0.016233014320366723,-0.028814630619574677,0.015999257881916362,0.0,0.015999257881916362,0.012581616299207954,0.012581616299207954,-0.0034176415827084083,-1.0500656203533283,0.028354794784296034,1.0500656203533283,0.0,False,1.0784204151376242
1,sketch,100,0.1,-0.06619574726888078,-0.01112357099504191,-0.023764456300269576,-0.07260371064760407,0.05507217627383887,0.0064079633787232915,0.06148013965256216,0.04883925434733449,0.0424312909686112,-0.012640885305227667,-1.0500656203533283,0.028354794784296034,1.0500656203533283,0.0,False,1.0784204151376242
1,sketch,100,0.15,-0.10369574726888087,-0.01112357099504191,-0.023764456300269576,-0.12260371064760411,0.09257217627383896,0.018907963378723247,0.1114801396525622,0.09883925434733454,0.07993129096861129,-0.012640885305227667,-1.0500656203533283,0.028354794784296034,1.0500656203533283,0.0,False,1.0784204151376242
2,art_painting,25,0.0,0.00691132649912507,0.005915242113162633,0.01032884010502677,0.006864837427352222,-0.0009960843859624369,4.6489071772848334e-05,-0.0009495953141895885,0.003464002677674549,0.003417513605901701,0.004413597991864138,-0.02187767183574696,-0.0215545704205794,0.02187767183574696,0.0215545704205794,True,0.0003231014151675593
2,art_painting,25,0.02,0.006911326499124959,0.005915242113162522,0.010328840105026549,0.007271413727381493,-0.0009960843859624369,-0.0003600872282565337,-0.0013561716142189706,0.003057426377645056,0.00341751360590159,0.004413597991864027,-0.02187767183574696,-0.0215545704205794,0.02187767183574696,0.0215545704205794,True,0.0003231014151675593
2,art_painting,25,0.05,0.0104824713085504,0.010941087576796016,0.014082433372762604,0.013169451103251406,0.0004586162682456152,-0.0026869797947010055,-0.0022283635264553903,0.0009129822695111978,0.003599962064212203,0.003141345795966588,-0.02187767183574696,-0.0215545704205794,0.02187767183574696,0.0215545704205794,True,0.0003231014151675593
2,art_painting,25,0.1,0.0104824713085504,0.010941087576796016,0.014082433372762604,0.013169451103251406,0.0004586162682456152,-0.0026869797947010055,-0.0022283635264553903,0.0009129822695111978,0.003599962064212203,0.003141345795966588,-0.02187767183574696,-0.0215545704205794,0.02187767183574696,0.0215545704205794,True,0.0003231014151675593
2,art_painting,25,0.15,0.004691697867239886,0.004772473221031803,0.005529532975878326,0.00402182186481137,8.077535379191758e-05,0.0006698760024285155,0.0007506513562204331,0.001507711111066956,0.0008378351086384406,0.000757059754846523,-0.02187767183574696,-0.0215545704205794,0.02187767183574696,0.0215545704205794,True,0.0003231014151675593
2,art_painting,50,0.0,-0.001637609988326738,0.0057850518535151885,0.004664892405506937,-5.753261392182907e-06,0.007422661841841927,-0.0016318567269345552,0.005790805114907371,0.00467064566689912,0.0063025023938336755,-0.001120159448008251,-0.15235863510903425,-0.002191104549085665,0.15235863510903425,0.002191104549085665,True,0.15016753055994858
2,art_painting,50,0.02,-0.005587504191328474,0.006100403924389264,0.0033842043350732487,-5.753261392293929e-06,0.011687908115717738,-0.00558175092993618,0.006106157185781558,0.0033899575964655426,0.008971708526401723,-0.002716199589316015,-0.15235863510903425,-0.002191104549085665,0.15235863510903425,0.002191104549085665,True,0.15016753055994858
2,art_painting,50,0.05,-0.00294200154582569,0.011998441300259177,0.009282241710943162,0.003835806227314831,0.014940442846084867,-0.006777807773140521,0.008162635072944346,0.005446435483628331,0.012224243256768852,-0.002716199589316015,-0.15235863510903425,-0.002191104549085665,0.15235863510903425,0.002191104549085665,True,0.15016753055994858
2,art_painting,50,0.1,-0.00294200154582569,0.011998441300259177,0.009282241710943162,0.003835806227314831,0.014940442846084867,-0.006777807773140521,0.008162635072944346,0.005446435483628331,0.012224243256768852,-0.002716199589316015,-0.15235863510903425,-0.002191104549085665,0.15235863510903425,0.002191104549085665,True,0.15016753055994858
2,art_painting,50,0.15,-0.012089630784265726,0.014951585811136647,0.010266207415465467,0.006386163772268305,0.027041216595402373,-0.01847579455653403,0.008565422038868342,0.003880043643197162,0.022355838199731193,-0.00468537839567118,-0.15235863510903425,-0.002191104549085665,0.15235863510903425,0.002191104549085665,True,0.15016753055994858
2,art_painting,100,0.0,-0.00624041082825777,-0.0019812163303851715,-0.004474250590160822,-0.004183350661362439,0.004259194497872598,-0.0020570601668953303,0.002202134330977268,-0.00029089992879838267,0.0017661602380969477,-0.0024930342597756505,-0.27156036761973634,0.017036777991490393,0.27156036761973634,0.0,False,0.28859714561122674
2,art_painting,100,0.02,-0.011240410828257885,-0.002617809633872703,-0.004474250590160933,-0.009183350661362555,0.008622601194385182,-0.0020570601668953303,0.006565541027489852,0.004709100071201622,0.006766160238096952,-0.00185644095628823,-0.27156036761973634,0.017036777991490393,0.27156036761973634,0.0,False,0.28859714561122674
2,art_painting,100,0.05,-0.017235211047196053,0.002455276948430507,-0.0018642181950497827,-0.012715096693108663,0.01969048799562656,-0.00452011435408739,0.01517037364153917,0.01085087849805888,0.01537099285214627,-0.00431949514348029,-0.27156036761973634,0.017036777991490393,0.27156036761973634,0.0,False,0.28859714561122674
2,art_painting,100,0.1,-0.02973521104719601,0.007318920559723052,0.004289371715899271,-0.02022267788204901,0.03705413160691906,-0.009512533165146997,0.027541598441772064,0.024512049597948282,0.03402458276309528,-0.0030295488438237816,-0.27156036761973634,0.017036777991490393,0.27156036761973634,0.0,False,0.28859714561122674
2,art_painting,100,0.15,-0.04295782690177985,0.010671291321282972,0.00764174247745919,-0.02937030712048916,0.05362911822306282,-0.013587519781290691,0.04004159844177213,0.03701204959794835,0.05059956937923904,-0.0030295488438237816,-0.27156036761973634,0.017036777991490393,0.27156036761973634,0.0,False,0.28859714561122674
2,cartoon,25,0.0,-0.006129341666972543,0.0064028916884608655,0.003861011072423315,-0.008857575384535465,0.012532233355433409,0.0027282337175629223,0.015260467072996331,0.01271858645695878,0.009990352739395858,-0.0025418806160375507,-0.13069982393721724,0.012097313865165993,0.13069982393721724,0.0,False,0.14279713780238323
2,cartoon,25,0.02,-0.006129341666972654,0.0064028916884606435,0.003861011072423204,-0.009105820584721092,0.012532233355433298,0.0029764789177484374,0.015508712273181735,0.012966831657144295,0.009990352739395858,-0.0025418806160374396,-0.13069982393721724,0.012097313865165993,0.13069982393721724,0.0,False,0.14279713780238323
2,cartoon,25,0.05,-0.005914680966454644,0.008830475625261291,0.0075641052133054165,-0.008979126105174262,0.014745156591715936,0.003064445138719618,0.017809601730435554,0.01654323131847968,0.01347878617976006,-0.001266370411955875,-0.13069982393721724,0.012097313865165993,0.13069982393721724,0.0,False,0.14279713780238323
2,cartoon,25,0.1,-0.005914680966454644,0.021211706464419722,0.015091561152980604,-0.008979126105174262,0.027126387430874366,0.003064445138719618,0.030190832569593984,0.024070687258154866,0.021006242119435248,-0.006120145311439118,-0.13069982393721724,0.012097313865165993,0.13069982393721724,0.0,False,0.14279713780238323
2,cartoon,25,0.15,-0.01113520722461625,0.02456407722597964,0.018443931914540523,-0.01812675534361441,0.03569928445059589,0.006991548118998159,0.04269083256959405,0.03657068725815493,0.029579139139156774,-0.006120145311439118,-0.13069982393721724,0.012097313865165993,0.13069982393721724,0.0,False,0.14279713780238323
2,cartoon,50,0.0,-0.011913256015017915,0.004213547920631333,-0.0096776258565765,-0.015754901742996763,0.016126803935649248,0.0038416457279788485,0.019968449663628096,0.006077275886420264,0.002235630158441415,-0.013891173777207833,-0.22671611159612648,0.019489250345194553,0.22671611159612648,0.0,False,0.24620536194132103
2,cartoon,50,0.02,-0.01691325601501803,0.004213547920631222,-0.00967762585657661,-0.02075490174299688,0.021126803935649252,0.0038416457279788485,0.0249684496636281,0.011077275886420268,0.0072356301584414195,-0.013891173777207833,-0.22671611159612648,0.019489250345194553,0.22671611159612648,0.0,False,0.24620536194132103
2,cartoon,50,0.05,-0.02548579906498083,0.01124054067631608,-0.00954567652511984,-0.02784353242183457,0.03672633974129691,0.0023577333568537417,0.03908407309815065,0.018297855896714732,0.01594012253986099,-0.02078621720143592,-0.22671611159612648,0.019489250345194553,0.22671611159612648,0.0,False,0.24620536194132103
2,cartoon,50,0.1,-0.026264179258981724,0.023740540676316035,-0.00954567652511984,-0.031208403274390117,0.05000471993529776,0.004944224015408394,0.05494894395070615,0.021662726749270278,0.016718502733861884,-0.033286217201435875,-0.22671611159612648,0.019489250345194553,0.22671611159612648,0.0,False,0.24620536194132103
2,cartoon,50,0.15,-0.03445842904745433,0.027092911437875955,-0.008634421388381774,-0.040147785307503514,0.061551340485330286,0.005689356260049183,0.06724069674537947,0.03151336391912174,0.025824007659072556,-0.03572733282625773,-0.22671611159612648,0.019489250345194553,0.22671611159612648,0.0,False,0.24620536194132103
2,cartoon,100,0.0,-0.017482926082940886,-0.0031352097328583017,-0.015951056952612563,-0.017482926082940886,0.014347716350082584,0.0,0.014347716350082584,0.0015318691303283227,0.0015318691303283227,-0.012815847219754262,-0.221672024852114,0.020472740299956826,0.221672024852114,0.0,False,0.24214476515207084
2,cartoon,100,0.02,-0.023286638784320024,-0.0031352097328584128,-0.02095105695261268,-0.027482926082941006,0.02015142905146161,0.004196287298620982,0.024347716350082593,0.006531869130328327,0.002335581831707345,-0.017815847219754266,-0.221672024852114,0.020472740299956826,0.221672024852114,0.0,False,0.24214476515207084
2,cartoon,100,0.05,-0.03238860140845001,-0.003047243511887232,-0.02321365918257534,-0.04010908705192462,0.02934135789656278,0.007720485643474606,0.03706184354003739,0.016895427869349278,0.009174942225874672,-0.02016641567068811,-0.221672024852114,0.020472740299956826,0.221672024852114,0.0,False,0.24214476515207084
2,cartoon,100,0.1,-0.05181346462426295,-0.003047243511887232,-0.02522721168969566,-0.06510908705192453,0.04876622111237572,0.01329562242766158,0.0620618435400373,0.03988187536222887,0.02658625293456729,-0.02217996817780843,-0.221672024852114,0.020472740299956826,0.221672024852114,0.0,False,0.24214476515207084
2,cartoon,100,0.15,-0.06180161793538996,-0.012194872750327379,-0.02187484092813574,-0.08719936498690517,0.049606745185062584,0.025397747051515207,0.07500449223657779,0.06532452405876943,0.03992677700725422,-0.009679968177808362,-0.221672024852114,0.020472740299956826,0.221672024852114,0.0,False,0.24214476515207084
2,photo,25,0.0,-0.00951114093947314,0.010452798565058652,-0.0008489239692786033,-0.011822622447621,0.01996393950453179,0.0023114815081478612,0.022275421012679653,0.010973698478342397,0.008662216970194536,-0.011301722534337255,-0.16595602012996535,0.004561211457763115,0.16595602012996535,0.0,False,0.17051723158772847
2,photo,25,0.02,-0.014511140939473255,0.01045279856505843,-0.0008489239692786033,-0.016822622447621116,0.024963939504531685,0.0023114815081478612,0.027275421012679546,0.015973698478342513,0.013662216970194652,-0.011301722534337033,-0.16595602012996535,0.004561211457763115,0.16595602012996535,0.0,False,0.17051723158772847
2,photo,25,0.05,-0.013147051514576291,0.01420313382461047,0.004268145723510086,-0.017258956414240245,0.02735018533918676,0.004111904899663954,0.031462090238850715,0.02152710213775033,0.017415197238086377,-0.009934988101100384,-0.16595602012996535,0.004561211457763115,0.16595602012996535,0.0,False,0.17051723158772847
2,photo,25,0.1,-0.013147051514576291,0.01420313382461047,0.004268145723510086,-0.017258956414240245,0.02735018533918676,0.004111904899663954,0.031462090238850715,0.02152710213775033,0.017415197238086377,-0.009934988101100384,-0.16595602012996535,0.004561211457763115,0.16595602012996535,0.0,False,0.17051723158772847
2,photo,25,0.15,-0.022294680753016438,0.005055504586170434,-0.00487948351492995,-0.02640658565268028,0.027350185339186872,0.004111904899663843,0.031462090238850715,0.02152710213775033,0.01741519723808649,-0.009934988101100384,-0.16595602012996535,0.004561211457763115,0.16595602012996535,0.0,False,0.17051723158772847
2,photo,50,0.0,-0.010564907834013204,0.0027218115141206534,0.008199070285100363,-0.011708755826086437,0.013286719348133857,0.0011438479920732325,0.01443056734020709,0.0199078261111868,0.018763978119113567,0.005477258770979709,-0.3116108156066495,-0.00457424349049973,0.3116108156066495,0.00457424349049973,True,0.30703657211614976
2,photo,50,0.02,-0.01406201178002875,0.003081146695480208,0.010977476543166498,-0.015205859772101982,0.017143158475508957,0.0011438479920732325,0.01828700646758219,0.02618333631526848,0.025039488323195247,0.00789632984768629,-0.3116108156066495,-0.00457424349049973,0.3116108156066495,0.00457424349049973,True,0.30703657211614976
2,photo,50,0.05,-0.015663974404158898,0.008979184071350121,0.01687551391903641,-0.01680782239623213,0.02464315847550902,0.0011438479920732325,0.025787006467582252,0.03368333631526854,0.03253948832319531,0.00789632984768629,-0.3116108156066495,-0.00457424349049973,0.3116108156066495,0.00457424349049973,True,0.30703657211614976
2,photo,50,0.1,-0.02525667255319397,0.016103669001958476,0.01687551391903641,-0.025441219271944537,0.04136034155515245,0.00018454671875056672,0.04154488827390301,0.04231673319098095,0.04213218647223038,0.0007718449170779351,-0.3116108156066495,-0.00457424349049973,0.3116108156066495,0.00457424349049973,True,0.30703657211614976
2,photo,50,0.15,-0.03440430179163401,0.019456039763518396,0.00999160112689701,-0.034588848510384684,0.0538603415551524,0.00018454671875067774,0.05404488827390308,0.044580449637281694,0.044395902918531016,-0.009464438636621386,-0.3116108156066495,-0.00457424349049973,0.3116108156066495,0.00457424349049973,True,0.30703657211614976
2,photo,100,0.0,-0.016636811639735183,0.007615143646432454,0.00700954326135772,-0.014812678180854855,0.024251955286167637,-0.0018241334588803282,0.02242782182728731,0.021822221442212575,0.023646354901092903,-0.0006056003850747338,-0.34128360808249253,-0.0057376677033437185,0.34128360808249253,0.0057376677033437185,True,0.3355459403791488
2,photo,100,0.02,-0.019883784634841195,0.007933753725490433,0.00851243931534218,-0.0183097821268704,0.02781753836033163,-0.0015740025079707953,0.026243535852360833,0.02682222144221258,0.028396223950183375,0.0005786855898517462,-0.34128360808249253,-0.0057376677033437185,0.34128360808249253,0.0057376677033437185,True,0.3355459403791488
2,photo,100,0.05,-0.021485747258971344,0.013831791101360347,0.014410476691212093,-0.01991174475100055,0.03531753836033169,-0.0015740025079707953,0.033743535852360895,0.03432222144221264,0.03589622395018344,0.0005786855898517462,-0.34128360808249253,-0.0057376677033437185,0.34128360808249253,0.0057376677033437185,True,0.3355459403791488
2,photo,100,0.1,-0.028580583970765683,0.013831791101360347,0.014410476691212093,-0.02295451712250618,0.04241237507212603,-0.005626066848259503,0.036786308223866526,0.03736499381371827,0.042991060661977776,0.0005786855898517462,-0.34128360808249253,-0.0057376677033437185,0.34128360808249253,0.0057376677033437185,True,0.3355459403791488
2,photo,100,0.15,-0.03772821320920583,0.009545898241988149,0.014891610812207912,-0.032102146360946326,0.04727411145119398,-0.005626066848259503,0.041648044602934475,0.04699375717315424,0.05261982402141374,0.005345712570219763,-0.34128360808249253,-0.0057376677033437185,0.34128360808249253,0.0057376677033437185,True,0.3355459403791488
2,sketch,25,0.0,-0.017482926082940886,0.001335686336830344,-0.0011443293997621673,-0.012527258115015538,0.01881861241977123,-0.004955667967925348,0.013862944451845882,0.011382928715253371,0.01633859668317872,-0.0024800157365925113,-0.26005256636821894,0.03402348926520149,0.26005256636821894,0.0,False,0.29407605563342043
2,sketch,25,0.02,-0.02550124312576063,0.001335686336830344,-0.0011443293997623893,-0.017527258115015654,0.026836929462590975,-0.007973985010744977,0.018862944451845998,0.016382928715253264,0.02435691372599824,-0.0024800157365927333,-0.26005256636821894,0.03402348926520149,0.26005256636821894,0.0,False,0.29407605563342043
2,sketch,25,0.05,-0.03460320574989062,0.0025852435419694286,0.004716124315580217,-0.026629220739145754,0.03718844929186005,-0.007973985010744866,0.029214464281115182,0.03134534505472597,0.03931933006547084,0.002130880773610788,-0.26005256636821894,0.03402348926520149,0.26005256636821894,0.0,False,0.29407605563342043
2,sketch,25,0.1,-0.05435952086105189,0.015085243541969384,0.017216124315580172,-0.0435700450313401,0.06944476440302128,-0.010789475829711792,0.05865528857330948,0.06078616934692027,0.07157564517663206,0.002130880773610788,-0.26005256636821894,0.03402348926520149,0.26005256636821894,0.0,False,0.29407605563342043
2,sketch,25,0.15,-0.05508139960482583,0.018437614303529304,0.020568495077140092,-0.046053185733854196,0.07351901390835514,-0.009028213870971635,0.0644908000373835,0.06662168081099429,0.07564989468196592,0.002130880773610788,-0.26005256636821894,0.03402348926520149,0.26005256636821894,0.0,False,0.29407605563342043
2,sketch,50,0.0,-0.017482926082940886,0.004094794455222317,0.007388864789292793,-0.017482926082940886,0.021577720538163203,0.0,0.021577720538163203,0.02487179087223368,0.02487179087223368,0.0032940703340704758,-0.6449008693039806,0.09481467485130968,0.6449008693039806,0.0,False,0.7397155441552903
2,sketch,50,0.02,-0.027482926082941006,0.004094794455222095,0.007388864789292682,-0.027482926082941006,0.0315777205381631,0.0,0.0315777205381631,0.03487179087223369,0.03487179087223369,0.003294070334070587,-0.6449008693039806,0.09481467485130968,0.6449008693039806,0.0,False,0.7397155441552903
2,sketch,50,0.05,-0.0394740089463157,0.006660086940858845,0.00984014810820677,-0.03685146512950899,0.04613409588717454,-0.0026225438168067106,0.04351155207036783,0.04669161323771576,0.04931415705452247,0.003180061167347925,-0.6449008693039806,0.09481467485130968,0.6449008693039806,0.0,False,0.7397155441552903
2,sketch,50,0.1,-0.06447400894631561,0.0191600869408588,0.013834019655193708,-0.05354436785425487,0.08363409588717441,-0.010929641092060738,0.07270445479511367,0.06737838750944858,0.07830802860150932,-0.005326067285665093,-0.6449008693039806,0.09481467485130968,0.6449008693039806,0.0,False,0.7397155441552903
2,sketch,50,0.15,-0.09726705170962424,0.02251245770241872,0.017186390416753627,-0.07519199709269486,0.11977950941204296,-0.02207505461692938,0.09770445479511358,0.09237838750944849,0.11445344212637787,-0.005326067285665093,-0.6449008693039806,0.09481467485130968,0.6449008693039806,0.0,False,0.7397155441552903
2,sketch,100,0.0,-0.017482926082940886,-0.0030937788763614193,-0.0027254777464305047,-0.017482926082940886,0.014389147206579467,0.0,0.014389147206579467,0.014757448336510381,0.014757448336510381,0.0003683011299309147,-1.214813249616908,0.14643089790179253,1.214813249616908,0.0,False,1.3612441475187005
2,sketch,100,0.02,-0.027482926082941006,-0.0030937788763615304,-0.0027254777464306157,-0.027482926082941006,0.024389147206579476,0.0,0.024389147206579476,0.02475744833651039,0.02475744833651039,0.0003683011299309147,-1.214813249616908,0.14643089790179253,1.214813249616908,0.0,False,1.3612441475187005
2,sketch,100,0.05,-0.04408488870707106,0.002162835157428211,-0.00043116594453285195,-0.04408488870707106,0.04624772386449927,0.0,0.04624772386449927,0.043653722762538205,0.043653722762538205,-0.002594001101961063,-1.214813249616908,0.14643089790179253,1.214813249616908,0.0,False,1.3612441475187005
2,sketch,100,0.1,-0.08158488870707103,0.014662835157428167,0.012068834055467104,-0.08158488870707103,0.0962477238644992,0.0,0.0962477238644992,0.09365372276253814,0.09365372276253814,-0.002594001101961063,-1.214813249616908,0.14643089790179253,1.214813249616908,0.0,False,1.3612441475187005
2,sketch,100,0.15,-0.12823251794551116,0.018015205918988086,0.015421204817027023,-0.12150264127447818,0.14624772386449925,-0.006729876671032975,0.13951784719346627,0.1369238460915052,0.14365372276253818,-0.002594001101961063,-1.214813249616908,0.14643089790179253,1.214813249616908,0.0,False,1.3612441475187005
3,art_painting,25,0.0,-0.02373527574696921,-0.021680803414079297,-0.015803756548168346,-0.026504782319742737,0.0020544723328899117,0.002769506572773528,0.00482397890566344,0.01070102577157439,0.007931519198800863,0.005877046865910951,0.014554441951044494,-0.02132712734216502,-0.014554441951044494,0.02132712734216502,False,-0.035881569293209514
3,art_painting,25,0.02,-0.0179796927970306,-0.02608162487946797,-0.008113279467050427,-0.028119016286850207,-0.008101932082437369,0.010139323489819607,0.0020373914073822386,0.02000573681979978,0.009866413329980173,0.01796834541241754,0.014554441951044494,-0.02132712734216502,-0.014554441951044494,0.02132712734216502,False,-0.035881569293209514
3,art_painting,25,0.05,-0.005551280695569094,-0.014521673018871528,0.0043151326344110785,-0.016489416247526978,-0.008970392323302434,0.010938135551957884,0.0019677432286554497,0.020804548881938056,0.009866413329980173,0.018836805653282607,0.014554441951044494,-0.02132712734216502,-0.014554441951044494,0.02132712734216502,False,-0.035881569293209514
3,art_painting,25,0.1,-0.0037187631900070794,-0.012689155513309514,0.006147650139973093,-0.014656898741964963,-0.008970392323302434,0.010938135551957884,0.0019677432286554497,0.020804548881938056,0.009866413329980173,0.018836805653282607,0.014554441951044494,-0.02132712734216502,-0.014554441951044494,0.02132712734216502,False,-0.035881569293209514
3,art_painting,25,0.15,-0.0037187631900070794,-0.012689155513309514,0.006147650139973093,-0.014656898741964963,-0.008970392323302434,0.010938135551957884,0.0019677432286554497,0.020804548881938056,0.009866413329980173,0.018836805653282607,0.014554441951044494,-0.02132712734216502,-0.014554441951044494,0.02132712734216502,False,-0.035881569293209514
3,art_painting,50,0.0,-0.026504782319742737,-0.026504782319742737,-0.026504782319742737,-0.026504782319742737,0.0,0.0,0.0,0.0,0.0,0.0,-0.20930069591153033,-0.004181206391957071,0.20930069591153033,0.004181206391957071,True,0.20511948951957326
3,art_painting,50,0.02,-0.035789392209784054,-0.03281810886913805,-0.035228525960862234,-0.036504782319742635,0.0029712833406460026,0.0007153901099585802,0.003686673450604583,0.001276256358880401,0.0005608662489218208,-0.002410417091724182,-0.20930069591153033,-0.004181206391957071,0.20930069591153033,0.004181206391957071,True,0.20511948951957326
3,art_painting,50,0.05,-0.04548528972587862,-0.02164229929479744,-0.03567542488162223,-0.046210316578724986,0.02384299043108118,0.0007250268528463666,0.024568017283927546,0.010534891697102755,0.009809864844256388,-0.01403312558682479,-0.20930069591153033,-0.004181206391957071,0.20930069591153033,0.004181206391957071,True,0.20511948951957326
3,art_painting,50,0.1,-0.060739023412395676,-0.019809781789235426,-0.033842907376060216,-0.054301997515531,0.04092924162316025,-0.006437025896864679,0.03449221572629557,0.02045909013947078,0.02689611603633546,-0.01403312558682479,-0.20930069591153033,-0.004181206391957071,0.20930069591153033,0.004181206391957071,True,0.20511948951957326
3,art_painting,50,0.15,-0.07108965416912871,-0.019809781789235426,-0.033842907376060216,-0.054301997515531,0.05127987237989329,-0.016787656653597716,0.03449221572629557,0.02045909013947078,0.0372467467930685,-0.01403312558682479,-0.20930069591153033,-0.004181206391957071,0.20930069591153033,0.004181206391957071,True,0.20511948951957326
3,art_painting,100,0.0,-0.026504782319742737,-0.023228783086857052,-0.018931667632690163,-0.026504782319742737,0.0032759992328856846,0.0,0.0032759992328856846,0.007573114687052573,0.007573114687052573,0.004297115454166889,-0.1921206987599957,0.007251782619305813,0.1921206987599957,0.0,False,0.19937248137930152
3,art_painting,100,0.02,-0.032013629795927145,-0.019269348862048674,-0.013931667632690159,-0.029478893542259632,0.012744280933878471,-0.0025347362536675133,0.010209544680210958,0.015547225909569473,0.018081962163236986,0.005337681229358515,-0.1921206987599957,0.007251782619305813,0.1921206987599957,0.0,False,0.19937248137930152
3,art_painting,100,0.05,-0.03458521769446554,-0.011774723582261393,-0.003740806743806724,-0.03205048144079814,0.02281049411220415,-0.0025347362536674023,0.020275757858536747,0.028309674696991416,0.030844410950658818,0.008033916838454669,-0.1921206987599957,0.007251782619305813,0.1921206987599957,0.0,False,0.19937248137930152
3,art_painting,100,0.1,-0.053543948962341714,-0.009942206076699378,-0.0019082892382447092,-0.05360410284806871,0.043601742885642336,6.015388572699898e-05,0.043661896771369335,0.051695813609824004,0.051635659724097005,0.008033916838454669,-0.1921206987599957,0.007251782619305813,0.1921206987599957,0.0,False,0.19937248137930152
3,art_painting,100,0.15,-0.05978532642152479,-0.009942206076699378,-0.0019082892382447092,-0.06610410284806867,0.04984312034482541,0.006318776426543882,0.05616189677136929,0.06419581360982396,0.05787703718328008,0.008033916838454669,-0.1921206987599957,0.007251782619305813,0.1921206987599957,0.0,False,0.19937248137930152
3,cartoon,25,0.0,-0.0017059819827682787,-0.004540169146492357,-0.011797303046221508,-0.005090517076530854,-0.002834187163724078,0.003384535093762575,0.0005503479300384972,-0.006706785969690654,-0.010091321063453229,-0.007257133899729151,-0.13315452911067371,-0.0006373069870267978,0.13315452911067371,0.0006373069870267978,True,0.13251722212364692
3,cartoon,25,0.02,-0.0017059819827682787,-0.004540169146492357,-0.008005288403261424,-0.005090517076530854,-0.002834187163724078,0.003384535093762575,0.0005503479300384972,-0.0029147713267305697,-0.006299306420493145,-0.003465119256769067,-0.13315452911067371,-0.0006373069870267978,0.13315452911067371,0.0006373069870267978,True,0.13251722212364692
3,cartoon,25,0.05,-0.004277569881306786,0.0028358490944593306,0.001294637949357469,-0.0076621049750693615,0.007113418975766117,0.003384535093762575,0.010497954069528692,0.00895674292442683,0.005572207830664255,-0.0015412111451018617,-0.13315452911067371,-0.0006373069870267978,0.13315452911067371,0.0006373069870267978,True,0.13251722212364692
3,cartoon,25,0.1,-0.01875753151398274,0.004668366600021345,0.0031271554549194835,-0.019760460387819312,0.023425898114004085,0.0010029288738365727,0.024428826987840657,0.022887615842738795,0.021884686968902223,-0.0015412111451018617,-0.13315452911067371,-0.0006373069870267978,0.13315452911067371,0.0006373069870267978,True,0.13251722212364692
3,cartoon,25,0.15,-0.0284609389308903,0.004668366600021345,0.0031271554549194835,-0.019760460387819312,0.033129305530911646,-0.008700478543070989,0.024428826987840657,0.022887615842738795,0.031588094385809784,-0.0015412111451018617,-0.13315452911067371,-0.0006373069870267978,0.13315452911067371,0.0006373069870267978,True,0.13251722212364692
3,cartoon,50,0.0,-0.0012800258528227193,-0.012667118145141543,-0.024967334681435527,-0.014070772872673998,-0.011387092292318823,0.012790747019851278,0.0014036547275324551,-0.010896561808761529,-0.023687308828612808,-0.012300216536293984,-0.11350027039226007,0.007066525086465658,0.11350027039226007,0.0,False,0.12056679547872573
3,cartoon,50,0.02,-0.0012800258528227193,-0.016382140799859224,-0.026175320038475447,-0.019070772872674002,-0.015102114947036505,0.017790747019851283,0.0026886320728147783,-0.007104547165801445,-0.024895294185652728,-0.009793179238616223,-0.11350027039226007,0.007066525086465658,0.11350027039226007,0.0,False,0.12056679547872573
3,cartoon,50,0.05,-0.003851613751361227,-0.01324811489209643,-0.025938269425311744,-0.027626080597990654,-0.009396501140735203,0.023774466846629427,0.014377965705894225,0.0016878111726789102,-0.022086655673950517,-0.012690154533215314,-0.11350027039226007,0.007066525086465658,0.11350027039226007,0.0,False,0.12056679547872573
3,cartoon,50,0.1,-0.02375989318920224,-0.011415597386534415,-0.025120499649625594,-0.04821643657997721,0.012344295802667826,0.024456543390774965,0.03680083919344279,0.023095936930351613,-0.0013606064604233525,-0.013704902263091179,-0.11350027039226007,0.007066525086465658,0.11350027039226007,0.0,False,0.12056679547872573
3,cartoon,50,0.15,-0.0362598931892022,-0.011415597386534415,-0.025120499649625594,-0.06071643657997727,0.024844295802667782,0.024456543390775076,0.04930083919344286,0.03559593693035168,0.011139393539576603,-0.013704902263091179,-0.11350027039226007,0.007066525086465658,0.11350027039226007,0.0,False,0.12056679547872573
3,cartoon,100,0.0,-0.026504782319742737,-0.01006980527010215,-0.017357201117084275,-0.01820675043964204,0.016434977049640587,-0.008298031880100698,0.008136945169539889,0.0008495493225577633,0.009147581202658461,-0.007287395846982125,-0.5461169230699259,0.07312795325091448,0.5461169230699259,0.0,False,0.6192448763208404
3,cartoon,100,0.02,-0.03335179358283069,-0.015060338128901396,-0.012547874058462583,-0.023206750439642043,0.018291455453929295,-0.010145043143188648,0.008146412310740647,0.01065887638117946,0.02080391952436811,0.0025124640704388135,-0.5461169230699259,0.07312795325091448,0.5461169230699259,0.0,False,0.6192448763208404
3,cartoon,100,0.05,-0.04342338148136926,-0.015663484992481935,-0.007619461957001028,-0.0332783383381805,0.027759896488887326,-0.010145043143188759,0.017614853345698567,0.025658876381179474,0.03580391952436823,0.008044023035480907,-0.5461169230699259,0.07312795325091448,0.5461169230699259,0.0,False,0.6192448763208404
3,cartoon,100,0.1,-0.07909086397580722,-0.01383096748691992,-0.01688609533677654,-0.06342839848603332,0.0652598964888873,-0.015662465489773902,0.0495974309991134,0.04654230314925678,0.06220476863903068,-0.0030551278498566203,-0.5461169230699259,0.07312795325091448,0.5461169230699259,0.0,False,0.6192448763208404
3,cartoon,100,0.15,-0.11659086397580731,-0.01383096748691992,-0.01688609533677654,-0.07592839848603328,0.10275989648888739,-0.040662465489774036,0.06209743099911336,0.059042303149256736,0.09970476863903077,-0.0030551278498566203,-0.5461169230699259,0.07312795325091448,0.5461169230699259,0.0,False,0.6192448763208404
3,photo,25,0.0,-0.026504782319742737,-0.026504782319742737,-0.026504782319742737,-0.026504782319742737,0.0,0.0,0.0,0.0,0.0,0.0,-0.04182373758384472,-0.010170030192277246,0.04182373758384472,0.010170030192277246,True,0.031653707391567476
3,photo,25,0.02,-0.03250136498444878,-0.03303051300866078,-0.034964419171640726,-0.0344387802698376,-0.0005291480242120006,0.0019374152853888216,0.001408267261176821,-0.0005256389018031271,-0.0024630541871919487,-0.001933906162979948,-0.04182373758384472,-0.010170030192277246,0.04182373758384472,0.010170030192277246,True,0.031653707391567476
3,photo,25,0.05,-0.03441769518694415,-0.03421713340864374,-0.043788284886254636,-0.03671682761700645,0.0002005617783004121,0.0022991324300623006,0.0024996942083627127,-0.0070714572692481825,-0.009370589699310483,-0.009571151477610895,-0.04182373758384472,-0.010170030192277246,0.04182373758384472,0.010170030192277246,True,0.031653707391567476
3,photo,25,0.1,-0.040298042750973595,-0.032384615903081726,-0.055947619063410725,-0.047384310111444394,0.007913426847891869,0.007086267360470799,0.014999694208362668,-0.00856330895196633,-0.01564957631243713,-0.023563003160329,-0.04182373758384472,-0.010170030192277246,0.04182373758384472,0.010170030192277246,True,0.031653707391567476
3,photo,25,0.15,-0.040298042750973595,-0.032384615903081726,-0.06844761906341068,-0.05637718426742622,0.007913426847891869,0.016079141516452622,0.02399256836434449,-0.012070434795984464,-0.028149576312437086,-0.036063003160328955,-0.04182373758384472,-0.010170030192277246,0.04182373758384472,0.010170030192277246,True,0.031653707391567476
3,photo,50,0.0,-0.02257525661006443,-0.026504782319742737,-0.026234367640460943,-0.02011220242287226,-0.003929525709678305,-0.0024630541871921707,-0.006392579896870476,-0.006122165217588682,-0.0036591110303965113,0.0002704146792817941,-0.279646281462415,-0.024806474313863514,0.279646281462415,0.024806474313863514,True,0.2548398071485515
3,photo,50,0.02,-0.027575256610064436,-0.029752343480837218,-0.030437563079292906,-0.025112202422872265,-0.002177086870772782,-0.0024630541871921707,-0.004640141057964953,-0.005325360656420641,-0.0028623064692284705,-0.0006852195984556886,-0.279646281462415,-0.024806474313863514,0.279646281462415,0.024806474313863514,True,0.2548398071485515
3,photo,50,0.05,-0.037646844508602895,-0.024823931379375663,-0.028387566811302722,-0.035183790321410835,0.012822913129227231,-0.0024630541871920597,0.010359858942035172,0.0067962235101081125,0.009259277697300172,-0.003563635431927059,-0.279646281462415,-0.024806474313863514,0.279646281462415,0.024806474313863514,True,0.2548398071485515
3,photo,50,0.1,-0.05594168380615949,-0.0254775131855276,-0.03606814774100309,-0.054622601294602946,0.030464170620631892,-0.0013190825115565463,0.029145088109075346,0.01855445355359986,0.019873536065156405,-0.010590634555475487,-0.279646281462415,-0.024806474313863514,0.279646281462415,0.024806474313863514,True,0.2548398071485515
3,photo,50,0.15,-0.06844168380615956,-0.0254775131855276,-0.03606814774100309,-0.06712260129460301,0.04296417062063196,-0.0013190825115565463,0.04164508810907541,0.031054453553599926,0.03237353606515647,-0.010590634555475487,-0.279646281462415,-0.024806474313863514,0.279646281462415,0.024806474313863514,True,0.2548398071485515
3,photo,100,0.0,-0.019997278811603514,-0.017569694874803088,-0.017490241513925864,-0.017569694874803088,0.002427583936800426,-0.002427583936800426,0.0,7.94533608772241e-05,0.00250703729767765,7.94533608772241e-05,-0.28483990197701525,0.009710335747202148,0.28483990197701525,0.0,False,0.2945502377242174
3,photo,100,0.02,-0.02499727881160352,-0.01811561091852465,-0.021687397733833325,-0.022569694874803092,0.006881667893078869,-0.002427583936800426,0.004454083956278443,0.0008822971409697677,0.0033098810777701937,-0.003571786815308675,-0.28483990197701525,0.009710335747202148,0.28483990197701525,0.0,False,0.2945502377242174
3,photo,100,0.05,-0.03506886671014209,-0.013187198817063095,-0.02135794304723093,-0.03264128277334144,0.021881667893078993,-0.002427583936800648,0.019454083956278345,0.011283339726110508,0.013710923662911156,-0.008170744230167837,-0.28483990197701525,0.009710335747202148,0.28483990197701525,0.0,False,0.2945502377242174
3,photo,100,0.1,-0.06206018375531874,-0.01919681399648976,-0.032025425541668984,-0.06775652289924272,0.042863369758828984,0.0056963391439239786,0.04855970890275296,0.03573109735757374,0.03003475821364976,-0.012828611545179225,-0.28483990197701525,0.009710335747202148,0.28483990197701525,0.0,False,0.2945502377242174
3,photo,100,0.15,-0.0745601837553187,-0.01919681399648976,-0.03284824601831149,-0.08352165542436374,0.05536336975882894,0.00896147166904504,0.06432484142787398,0.05067340940605225,0.04171193773700721,-0.01365143202182173,-0.28483990197701525,0.009710335747202148,0.28483990197701525,0.0,False,0.2945502377242174
3,sketch,25,0.0,-0.026504782319742737,-0.0036214026582210845,-0.01587054056040693,-0.026504782319742737,0.022883379661521652,0.0,0.022883379661521652,0.010634241759335805,0.010634241759335805,-0.012249137902185847,-0.4249623667035224,0.23074252793782013,0.4249623667035224,0.0,False,0.6557048946413425
3,sketch,25,0.02,-0.036504782319742635,-0.0036214026582210845,-0.01587054056040693,-0.036504782319742635,0.03288337966152155,0.0,0.03288337966152155,0.020634241759335703,0.020634241759335703,-0.012249137902185847,-0.4249623667035224,0.23074252793782013,0.4249623667035224,0.0,False,0.6557048946413425
3,sketch,25,0.05,-0.051050166994863866,-0.00485292975181717,-0.01844212845894555,-0.050053353338321394,0.046197237243046696,-0.0009968136565424723,0.045200423586504224,0.03161122487937584,0.032608038535918316,-0.01358919870712838,-0.4249623667035224,0.23074252793782013,0.4249623667035224,0.0,False,0.6557048946413425
3,sketch,25,0.1,-0.08671764948930205,-0.012182264994686332,-0.032021020168371495,-0.07960380072091677,0.07453538449461572,-0.007113848768385278,0.06742153572623044,0.04758278055254528,0.054696629320930557,-0.019838755173685163,-0.4249623667035224,0.23074252793782013,0.4249623667035224,0.0,False,0.6557048946413425
3,sketch,25,0.15,-0.12421764948930192,-0.012182264994686332,-0.032021020168371495,-0.1046038007209168,0.11203538449461559,-0.019613848768385123,0.09242153572623046,0.0725827805525453,0.09219662932093042,-0.019838755173685163,-0.4249623667035224,0.23074252793782013,0.4249623667035224,0.0,False,0.6557048946413425
3,sketch,50,0.0,-0.026504782319742737,-0.014323543457521626,-0.007282680387621365,-0.026504782319742737,0.012181238862221111,0.0,0.012181238862221111,0.01922210193212137,0.01922210193212137,0.0070408630699002606,-0.9622318064264547,0.16152666710096864,0.9622318064264547,0.0,False,1.1237584735274233
3,sketch,50,0.02,-0.036504782319742635,-0.01932354345752163,-0.007282680387621365,-0.036504782319742635,0.017181238862221004,0.0,0.017181238862221004,0.02922210193212127,0.02922210193212127,0.012040863069900265,-0.9622318064264547,0.16152666710096864,0.9622318064264547,0.0,False,1.1237584735274233
3,sketch,50,0.05,-0.054076370218281156,-0.028011087440632187,-0.002356572013237246,-0.054076370218281156,0.026065282777648968,0.0,0.026065282777648968,0.05171979820504391,0.05171979820504391,0.02565451542739494,-0.9622318064264547,0.16152666710096864,0.9622318064264547,0.0,False,1.1237584735274233
3,sketch,50,0.1,-0.10224385271271919,-0.041356713810491774,-0.007179084940901026,-0.09928452186276182,0.06088713890222741,-0.0029593308499573645,0.05792780805227005,0.0921054369218608,0.09506476777181816,0.03417762886959075,-0.9622318064264547,0.16152666710096864,0.9622318064264547,0.0,False,1.1237584735274233
3,sketch,50,0.15,-0.15224385271271923,-0.041356713810491774,-0.007179084940901026,-0.1327355142568578,0.11088713890222746,-0.019508338455861418,0.09137880044636604,0.12555642931595679,0.1450647677718182,0.03417762886959075,-0.9622318064264547,0.16152666710096864,0.9622318064264547,0.0,False,1.1237584735274233
3,sketch,100,0.0,-0.026504782319742737,-0.012880992194808094,-0.016857822208545814,-0.026504782319742737,0.013623790124934643,0.0,0.013623790124934643,0.009646960111196923,0.009646960111196923,-0.00397683001373772,-1.3990562045771648,0.23500948909694686,1.3990562045771648,0.0,False,1.6340656936741116
3,sketch,100,0.02,-0.036504782319742635,-0.012880992194808094,-0.02035012095355082,-0.036504782319742635,0.02362379012493454,0.0,0.02362379012493454,0.016154661366191814,0.016154661366191814,-0.007469128758742727,-1.3990562045771648,0.23500948909694686,1.3990562045771648,0.0,False,1.6340656936741116
3,sketch,100,0.05,-0.054076370218281156,-0.014191972649281404,-0.02057981053053104,-0.054076370218281156,0.03988439756899975,0.0,0.03988439756899975,0.033496559687750116,0.033496559687750116,-0.006387837881249636,-1.3990562045771648,0.23500948909694686,1.3990562045771648,0.0,False,1.6340656936741116
3,sketch,100,0.1,-0.10224385271271919,-0.017690212741338085,-0.03124729302496909,-0.10224385271271919,0.0845536399713811,0.0,0.0845536399713811,0.0709965596877501,0.0709965596877501,-0.013557080283631007,-1.3990562045771648,0.23500948909694686,1.3990562045771648,0.0,False,1.6340656936741116
3,sketch,100,0.15,-0.15224385271271923,-0.017690212741338085,-0.0349071177823137,-0.15224385271271923,0.13455363997138114,0.0,0.13455363997138114,0.11733673493040553,0.11733673493040553,-0.017216905040975616,-1.3990562045771648,0.23500948909694686,1.3990562045771648,0.0,False,1.6340656936741116
4,art_painting,25,0.0,0.0008063570255687491,0.0,0.0,0.0,-0.0008063570255687491,0.0008063570255687491,0.0,0.0,-0.0008063570255687491,0.0,-0.1051893515174479,0.0025539263541418666,0.1051893515174479,0.0,False,0.10774327787158977
4,art_painting,25,0.02,0.005791858022727414,9.557257729697621e-05,0.0031613842536870607,0.0019738402705765656,-0.005696285445430438,0.0038180177521508485,-0.0018782676932795894,0.001187543983110495,-0.0026304737690403535,0.0030658116763900845,-0.1051893515174479,0.0025539263541418666,0.1051893515174479,0.0,False,0.10774327787158977
4,art_painting,25,0.05,0.0057376985874878494,0.013670434959778488,0.014389782454639732,0.00557493881105664,0.007932736372290639,0.00016275977643120942,0.008095496148721848,0.008814843643583092,0.008652083867151883,0.0007193474948612444,-0.1051893515174479,0.0025539263541418666,0.1051893515174479,0.0,False,0.10774327787158977
4,art_painting,25,0.1,-0.002287082309995858,0.020464359426116796,0.02118370692097804,0.0010896462656709849,0.022751441736112654,-0.003376728575666843,0.01937471316044581,0.020094060655307056,0.0234707892309739,0.0007193474948612444,-0.1051893515174479,0.0025539263541418666,0.1051893515174479,0.0,False,0.10774327787158977
4,art_painting,25,0.15,-0.0064714600417806745,0.020464359426116796,0.02118370692097804,0.0010896462656709849,0.02693581946789747,-0.007561106307451659,0.01937471316044581,0.020094060655307056,0.027655166962758715,0.0007193474948612444,-0.1051893515174479,0.0025539263541418666,0.1051893515174479,0.0,False,0.10774327787158977
4,art_painting,50,0.0,0.0,0.0043335187245086,0.0009652637473231973,0.0,0.0043335187245086,0.0,0.0043335187245086,0.0009652637473231973,0.0009652637473231973,-0.003368254977185403,-0.19217377752939702,0.01543923452708773,0.19217377752939702,0.0,False,0.20761301205648475
4,art_painting,50,0.02,-1.4499002841450448e-05,0.011022049819078061,0.005950764744481862,-1.4499002841450448e-05,0.011036548821919512,0.0,0.011036548821919512,0.005965263747323313,0.005965263747323313,-0.005071285074596199,-0.19217377752939702,0.01543923452708773,0.19217377752939702,0.0,False,0.20761301205648475
4,art_painting,50,0.05,0.0005973193968540347,0.019325153769716108,0.010546913662403568,-0.004451254231574331,0.018727834372862073,0.0050485736284283655,0.02377640800129044,0.014998167893977898,0.009949594265549533,-0.00877824010731254,-0.19217377752939702,0.01543923452708773,0.19217377752939702,0.0,False,0.20761301205648475
4,art_painting,50,0.1,-0.01635646067944385,0.01361907823605446,0.00484083812874192,-0.022657329765236045,0.029975538915498312,0.006300869085792193,0.036276408001290505,0.027498167893977965,0.02119729880818577,-0.00877824010731254,-0.19217377752939702,0.01543923452708773,0.19217377752939702,0.0,False,0.20761301205648475
4,art_painting,50,0.15,-0.028856460679443807,0.010812058925785073,-0.007659161871258147,-0.038405381119768545,0.03966851960522888,0.009548920440324737,0.04921744004555362,0.030746219248510398,0.02119729880818566,-0.01847122079704322,-0.19217377752939702,0.01543923452708773,0.19217377752939702,0.0,False,0.20761301205648475
4,art_painting,100,0.0,0.0,0.0007623739150832698,0.0,0.0,0.0007623739150832698,0.0,0.0007623739150832698,0.0,0.0,-0.0007623739150832698,-0.4612522813075808,0.05362720135003152,0.4612522813075808,0.0,False,0.5148794826576123
4,art_painting,100,0.02,-1.4499002841450448e-05,0.009384158986937674,0.002097276741939269,-1.4499002841450448e-05,0.009398657989779124,0.0,0.009398657989779124,0.0021117757447807195,0.0021117757447807195,-0.007286882244998405,-0.4612522813075808,0.05362720135003152,0.4612522813075808,0.0,False,0.5148794826576123
4,art_painting,100,0.05,-0.011930093876764913,0.024061509064571385,0.002020123008956154,-0.011930093876764913,0.0359916029413363,0.0,0.0359916029413363,0.013950216885721067,0.013950216885721067,-0.02204138605561523,-0.4612522813075808,0.05362720135003152,0.4612522813075808,0.0,False,0.5148794826576123
4,art_painting,100,0.1,-0.03784579368137475,0.030855433530909693,-0.0017961743938167407,-0.04121630497287476,0.06870122721228444,0.0033705112915000113,0.07207173850378445,0.03942013057905802,0.03604961928755801,-0.032651607924726433,-0.4612522813075808,0.05362720135003152,0.4612522813075808,0.0,False,0.5148794826576123
4,art_painting,100,0.15,-0.05524489044349046,0.030855433530909693,-0.0017961743938167407,-0.05837233477302284,0.08610032397440015,0.0031274443295323806,0.08922776830393253,0.0565761603792061,0.05344871604967372,-0.032651607924726433,-0.4612522813075808,0.05362720135003152,0.4612522813075808,0.0,False,0.5148794826576123
4,cartoon,25,0.0,0.0,0.0,0.0,0.0,0.0,0.0,0.0,0.0,0.0,0.0,-0.10755943248066335,-0.000886361174715633,0.10755943248066335,0.000886361174715633,True,0.10667307130594772
4,cartoon,25,0.02,0.0043030621005605285,0.004081471806881565,0.003071090081411043,0.003590670483894498,-0.00022159029367896377,0.0007123916166660305,0.0004908013229870667,-0.0005195804024834549,-0.0012319720191494854,-0.0010103817254705216,-0.10755943248066335,-0.000886361174715633,0.10755943248066335,0.000886361174715633,True,0.10667307130594772
4,cartoon,25,0.05,0.003201145311886644,0.005230918458343892,0.0030790868843092456,2.5699508028553808e-05,0.0020297731464572477,0.00317544580385809,0.005205218950315338,0.003053387376280692,-0.00012205842757739838,-0.002151831574034646,-0.10755943248066335,-0.000886361174715633,0.10755943248066335,0.000886361174715633,True,0.10667307130594772
4,cartoon,25,0.1,-0.008784306199857483,0.0120248429246822,-0.002626988649352402,-0.005825055915538724,0.020809149124539683,-0.0029592502843187596,0.017849898840220924,0.003198067266186322,0.0061573175505050814,-0.014651831574034602,-0.10755943248066335,-0.000886361174715633,0.10755943248066335,0.000886361174715633,True,0.10667307130594772
4,cartoon,25,0.15,-0.014643424901804702,0.0120248429246822,-0.010818590025810315,-0.005825055915538724,0.026668267826486902,-0.008818368986265979,0.017849898840220924,-0.004993534110271591,0.0038248348759943873,-0.022843432950492515,-0.10755943248066335,-0.000886361174715633,0.10755943248066335,0.000886361174715633,True,0.10667307130594772
4,cartoon,50,0.0,0.0,0.0,0.0,0.0,0.0,0.0,0.0,0.0,0.0,0.0,-0.0947455843020466,-0.008304104718184102,0.0947455843020466,0.008304104718184102,True,0.0864414795838625
4,cartoon,50,0.02,0.00038309822288873363,-1.4499002841450448e-05,-1.4499002841450448e-05,-1.4499002841450448e-05,-0.0003975972257301841,0.0003975972257301841,0.0,0.0,-0.0003975972257301841,0.0,-0.0947455843020466,-0.008304104718184102,0.0947455843020466,0.008304104718184102,True,0.0864414795838625
4,cartoon,50,0.05,-0.004032496651034778,-0.001729279596978217,-0.01103337776197355,-0.007701260829877876,0.002303217054056561,0.003668764178843098,0.005971981232899659,-0.0033321169320956745,-0.0070008811109387725,-0.009304098164995334,-0.0947455843020466,-0.008304104718184102,0.0947455843020466,0.008304104718184102,True,0.0864414795838625
4,cartoon,50,0.1,-0.023159020740660452,-0.004452698388304532,-0.021939374478060825,-0.01907272183407105,0.01870632235235592,-0.004086298906589403,0.014620023445766517,-0.0028666526439897755,0.0012196462625996274,-0.017486676089756292,-0.0947455843020466,-0.008304104718184102,0.0947455843020466,0.008304104718184102,True,0.0864414795838625
4,cartoon,50,0.15,-0.026063068284270297,-0.004452698388304532,-0.022195791485720706,-0.01907272183407105,0.021610369895965764,-0.006990346450199247,0.014620023445766517,-0.003123069651649657,0.0038672767985495904,-0.017743093097416174,-0.0947455843020466,-0.008304104718184102,0.0947455843020466,0.008304104718184102,True,0.0864414795838625
4,cartoon,100,0.0,0.0,0.0,0.0,0.0,0.0,0.0,0.0,0.0,0.0,0.0,-0.04849818476892509,-0.0113721990816118,0.04849818476892509,0.0113721990816118,True,0.03712598568731329
4,cartoon,100,0.02,0.0030698654950898074,0.0002268157246868574,-1.4499002841450448e-05,-1.4499002841450448e-05,-0.00284304977040295,0.003084364497931258,0.00024131472752830785,0.0,-0.003084364497931258,-0.00024131472752830785,-0.04849818476892509,-0.0113721990816118,0.04849818476892509,0.0113721990816118,True,0.03712598568731329
4,cartoon,100,0.05,-0.0009046802993825098,-0.004188779149236654,-0.008582328893925628,-0.00995685667969104,-0.0032840988498541446,0.00905217638030853,0.005768077530454385,0.0013745277857654115,-0.007677648594543118,-0.004393549744688974,-0.04849818476892509,-0.0113721990816118,0.04849818476892509,0.0113721990816118,True,0.03712598568731329
4,cartoon,100,0.1,-0.019110755833044224,-0.014583509363816916,-0.023682274592141006,-0.04066293221335271,0.0045272464692273084,0.021552176380308485,0.026079422849535794,0.016980657621211703,-0.004571518759096782,-0.00909876522832409,-0.04849818476892509,-0.0113721990816118,0.04849818476892509,0.0113721990816118,True,0.03712598568731329
4,cartoon,100,0.15,-0.03844440780935121,-0.027083509363816982,-0.024613944576268976,-0.07784913133162952,0.011360898445534229,0.03940472352227831,0.050765621967812535,0.05323518675536054,0.013830463233082235,0.0024695647875480065,-0.04849818476892509,-0.0113721990816118,0.04849818476892509,0.0113721990816118,True,0.03712598568731329
4,photo,25,0.0,0.0,0.0,0.0,0.0,0.0,0.0,0.0,0.0,0.0,0.0,-0.10266388087389333,-0.005102040816326481,0.10266388087389333,0.005102040816326481,True,0.09756184005756685
4,photo,25,0.02,-1.4499002841450448e-05,-1.4499002841450448e-05,-1.4499002841450448e-05,-1.4499002841450448e-05,0.0,0.0,0.0,0.0,0.0,0.0,-0.10266388087389333,-0.005102040816326481,0.10266388087389333,0.005102040816326481,True,0.09756184005756685
4,photo,25,0.05,-0.007499812309187948,-0.0016409814478725027,-0.0052882414070468675,-0.011930093876764913,0.005858830861315445,0.004430281567576966,0.01028911242889241,0.006641852469718046,0.00221157090214108,-0.003647259959174365,-0.10266388087389333,-0.005102040816326481,0.10266388087389333,0.005102040816326481,True,0.09756184005756685
4,photo,25,0.1,-0.024242952829149456,-0.00734705698153415,-0.010994316940708515,-0.03148101791800384,0.016895895847615305,0.007238065088854384,0.02413396093646969,0.020486700977295325,0.01324863588844094,-0.003647259959174365,-0.10266388087389333,-0.005102040816326481,0.10266388087389333,0.005102040816326481,True,0.09756184005756685
4,photo,25,0.15,-0.03674295282914952,-0.019847056981534217,-0.017472300666390717,-0.043981017918003906,0.016895895847615305,0.007238065088854384,0.02413396093646969,0.02650871725161319,0.019270652162758806,0.0023747563151435003,-0.10266388087389333,-0.005102040816326481,0.10266388087389333,0.005102040816326481,True,0.09756184005756685
4,photo,50,0.0,0.0,0.0,0.0,0.0,0.0,0.0,0.0,0.0,0.0,0.0,-0.3578590482358324,-0.000527797325826862,0.3578590482358324,0.000527797325826862,True,0.35733125091000556
4,photo,50,0.02,-1.4499002841450448e-05,-1.4499002841450448e-05,0.0069611441886190395,0.0019298571600909753,0.0,-0.0019443561629324257,-0.0019443561629324257,0.005031287028528064,0.00697564319146049,0.00697564319146049,-0.3578590482358324,-0.000527797325826862,0.3578590482358324,0.000527797325826862,True,0.35733125091000556
4,photo,50,0.05,-0.007499812309187948,-0.0008144772857976434,0.01810492724173529,-0.0024857377138325365,0.006685335023390304,-0.005014074595355411,0.001671260428034893,0.020590664955567828,0.02560473955092324,0.018919404527532935,-0.3578590482358324,-0.000527797325826862,0.3578590482358324,0.000527797325826862,True,0.35733125091000556
4,photo,50,0.1,-0.03820588784284962,-0.003957656138994681,0.0248988517080736,-0.033191813247494206,0.03424823170385494,-0.005014074595355411,0.029234157108499526,0.058090664955567806,0.06310473955092322,0.02885650784706828,-0.3578590482358324,-0.000527797325826862,0.3578590482358324,0.000527797325826862,True,0.35733125091000556
4,photo,50,0.15,-0.06414243250530272,-0.003957656138994681,0.0248988517080736,-0.06005886326258414,0.060184776366308035,-0.004083569242718577,0.05610120712358946,0.08495771497065774,0.08904128421337631,0.02885650784706828,-0.3578590482358324,-0.000527797325826862,0.3578590482358324,0.000527797325826862,True,0.35733125091000556
4,photo,100,0.0,0.0,0.0,0.004257469527701008,0.0,0.0,0.0,0.0,0.004257469527701008,0.004257469527701008,0.004257469527701008,-0.5631407234278804,0.02427867698803654,0.5631407234278804,0.0,False,0.5874194004159169
4,photo,100,0.02,-1.4499002841450448e-05,0.0041428846199143,0.013838978801311352,-1.4499002841450448e-05,0.00415738362275575,0.0,0.00415738362275575,0.013853477804152803,0.013853477804152803,0.009696094181397052,-0.5631407234278804,0.02427867698803654,0.5631407234278804,0.0,False,0.5874194004159169
4,photo,100,0.05,-0.011150410479490502,0.010540293821144409,0.020097217785925436,-0.007376375837825244,0.02169070430063491,-0.003774034641665258,0.017916669658969653,0.02747359362375068,0.03124762826541594,0.009556923964781028,-0.5631407234278804,0.02427867698803654,0.5631407234278804,0.0,False,0.5874194004159169
4,photo,100,0.1,-0.04185648601315217,0.012664773688487174,0.02375632881632206,-0.0380824513714868,0.054521259701639346,-0.003774034641665369,0.05074722505997398,0.06183878018780886,0.06561281482947423,0.011091555127834885,-0.5631407234278804,0.02427867698803654,0.5631407234278804,0.0,False,0.5874194004159169
4,photo,100,0.15,-0.0790565863124596,0.012664773688487174,0.02375632881632206,-0.07558245137148678,0.09172136000094677,-0.0034741349409728173,0.08824722505997395,0.09933878018780884,0.10281291512878166,0.011091555127834885,-0.5631407234278804,0.02427867698803654,0.5631407234278804,0.0,False,0.5874194004159169
4,sketch,25,0.0,0.0,0.0,0.0,0.0,0.0,0.0,0.0,0.0,0.0,0.0,-0.15202355467948858,0.04497306556243619,0.15202355467948858,0.0,False,0.19699662024192477
4,sketch,25,0.02,-1.4499002841450448e-05,-1.4499002841450448e-05,0.0009470190751760255,-1.4499002841450448e-05,0.0,0.0,0.0,0.0009615180780174759,0.0009615180780174759,0.0009615180780174759,-0.15202355467948858,0.04497306556243619,0.15202355467948858,0.0,False,0.19699662024192477
4,sketch,25,0.05,-0.011930093876764913,-0.004542540634858261,-0.0034685757987474863,-0.006733367280294056,0.0073875532419066525,-0.0051967265964708576,0.002190826645435795,0.0032647914815465695,0.008461518078017427,0.0010739648361107745,-0.15202355467948858,0.04497306556243619,0.15202355467948858,0.0,False,0.19699662024192477
4,sketch,25,0.1,-0.04420773607437489,-0.012452558790162827,-0.01790081656727005,-0.027168521834005532,0.031755177284212066,-0.01703921424036936,0.014715963043842706,0.009267705266735482,0.026306919507104842,-0.005448257777107224,-0.15202355467948858,0.04497306556243619,0.15202355467948858,0.0,False,0.19699662024192477
4,sketch,25,0.15,-0.05753031781725837,-0.012452558790162827,-0.030400816567270117,-0.04010886017037352,0.04507775902709554,-0.017421457646884853,0.02765630138021069,0.0097080436031034,0.027129501249988253,-0.01794825777710729,-0.15202355467948858,0.04497306556243619,0.15202355467948858,0.0,False,0.19699662024192477
4,sketch,50,0.0,0.0,0.0,0.0,0.0,0.0,0.0,0.0,0.0,0.0,0.0,-0.610224951410963,0.2182021922880638,0.610224951410963,0.0,False,0.8284271436990268
4,sketch,50,0.02,-1.4499002841450448e-05,0.00339269221159455,0.003464571316967424,-1.4499002841450448e-05,0.0034071912144360006,0.0,0.0034071912144360006,0.0034790703198088746,0.0034790703198088746,7.187910537287401e-05,-0.610224951410963,0.2182021922880638,0.610224951410963,0.0,False,0.8284271436990268
4,sketch,50,0.05,-0.011930093876764913,0.005094201223236117,0.007622687213509005,-0.011930093876764913,0.01702429510000103,0.0,0.01702429510000103,0.01955278109027392,0.01955278109027392,0.0025284859902728885,-0.610224951410963,0.2182021922880638,0.610224951410963,0.0,False,0.8284271436990268
4,sketch,50,0.1,-0.05513616941042654,0.004109547072365549,0.0115201583265373,-0.0534879736493683,0.05924571648279209,-0.0016481957610582354,0.05759752072173385,0.0650081319759056,0.06665632773696384,0.007410611254171751,-0.610224951410963,0.2182021922880638,0.610224951410963,0.0,False,0.8284271436990268
4,sketch,50,0.15,-0.1007814232797809,0.004109547072365549,0.0115201583265373,-0.09098797364936828,0.10489097035214645,-0.00979344963041262,0.09509752072173383,0.10250813197590558,0.1123015816063182,0.007410611254171751,-0.610224951410963,0.2182021922880638,0.610224951410963,0.0,False,0.8284271436990268
4,sketch,100,0.0,0.0,0.0,9.978130422416687e-05,0.0,0.0,0.0,0.0,9.978130422416687e-05,9.978130422416687e-05,9.978130422416687e-05,-1.1659471424453098,0.03472850743894684,1.1659471424453098,0.0,False,1.2006756498842566
4,sketch,100,0.02,-1.4499002841450448e-05,0.006901535009282922,0.007235298074350527,-1.4499002841450448e-05,0.006916034012124372,0.0,0.006916034012124372,0.007249797077191977,0.007249797077191977,0.0003337630650676049,-1.1659471424453098,0.03472850743894684,1.1659471424453098,0.0,False,1.2006756498842566
4,sketch,100,0.05,-0.011930093876764913,0.010757110672539816,0.015005370570823406,-0.011930093876764913,0.02268720454930473,0.0,0.02268720454930473,0.02693546444758832,0.02693546444758832,0.004248259898283591,-1.1659471424453098,0.03472850743894684,1.1659471424453098,0.0,False,1.2006756498842566
4,sketch,100,0.1,-0.05513616941042654,0.005051035138878168,0.009299295037161759,-0.05513616941042654,0.06018720454930471,0.0,0.06018720454930471,0.0644354644475883,0.0644354644475883,0.004248259898283591,-1.1659471424453098,0.03472850743894684,1.1659471424453098,0.0,False,1.2006756498842566
4,sketch,100,0.15,-0.10513616941042658,-0.004824930100165492,0.008094985363080509,-0.10513616941042658,0.10031123931026109,0.0,0.10031123931026109,0.11323115477350709,0.11323115477350709,0.012919915463246001,-1.1659471424453098,0.03472850743894684,1.1659471424453098,0.0,False,1.2006756498842566
