seed,domain,N,method,DeltaS_local,DeltaS_cross,I,evaluation_split,test_used,S_F0_photo,S_photo,DeltaS_photo,S_F0_art_painting,S_art_painting,DeltaS_art_painting,S_F0_cartoon,S_cartoon,DeltaS_cartoon,S_F0_sketch,S_sketch,DeltaS_sketch
0,photo,25,STD,0.021597651543623253,-0.260597710276249,0.260597710276249,validation,False,0.9086389345010035,0.9302365860446268,0.021597651543623253,0.7929104032291104,0.7402261873589447,-0.052684215870165696,0.8157554711821414,0.7266179814164895,-0.08913748976565194,0.7573850493834721,0.6386090447430407,-0.11877600464043137
0,photo,25,O50,0.021597651543623253,-0.22663750667790938,0.22663750667790938,validation,False,0.9086389345010035,0.9302365860446268,0.021597651543623253,0.7929104032291104,0.7345691877169827,-0.058341215512127786,0.8157554711821414,0.7268898855958906,-0.0888655855862508,0.7573850493834721,0.6779543438039413,-0.0794307055795308
0,photo,25,REP,0.010345962634219386,-0.11683759664039373,0.11683759664039373,validation,False,0.9086389345010035,0.9189848971352229,0.010345962634219386,0.7929104032291104,0.7813722294364197,-0.011538173792690731,0.8157554711821414,0.7652128174007073,-0.05054265378143408,0.7573850493834721,0.7026282803172031,-0.05475676906626892
0,photo,25,REP2,-0.003938616603482381,-0.18309200554686855,0.18309200554686855,validation,False,0.9086389345010035,0.9047003178975211,-0.003938616603482381,0.7929104032291104,0.7765368467366,-0.016373556492510488,0.8157554711821414,0.7509376149866002,-0.06481785619554126,0.7573850493834721,0.6554844565246553,-0.10190059285881681
0,art_painting,25,STD,-0.02923379878267085,-0.14903392810552096,0.14903392810552096,validation,False,0.9086389345010035,0.9096394583046418,0.0010005238036382424,0.7929104032291104,0.7636766044464396,-0.02923379878267085,0.8157554711821414,0.7340112260805037,-0.08174424510163769,0.7573850493834721,0.6890948425759506,-0.06829020680752151
0,art_painting,25,O50,-0.016823686793387194,-0.24249402805338605,0.24249402805338605,validation,False,0.9086389345010035,0.9047133499302575,-0.003925584570745988,0.7929104032291104,0.7760867164357232,-0.016823686793387194,0.8157554711821414,0.7337436469931531,-0.08201182418898834,0.7573850493834721,0.6008284300898203,-0.15655661929365172
0,art_painting,25,REP,-0.0058278247145937545,-0.10569365285087473,0.10569365285087473,validation,False,0.9086389345010035,0.9089567479445121,0.00031781344350856333,0.7929104032291104,0.7870825785145167,-0.0058278247145937545,0.8157554711821414,0.7692851167725662,-0.046470354409575254,0.7573850493834721,0.697843937498664,-0.05954111188480804
0,art_painting,25,REP2,-0.042119068103805946,-0.18539872000132285,0.18539872000132285,validation,False,0.9086389345010035,0.9087808155025698,0.000141881001566313,0.7929104032291104,0.7507913351253045,-0.042119068103805946,0.8157554711821414,0.7476271545906662,-0.06812831659147522,0.7573850493834721,0.6399727649720581,-0.11741228441141394
0,cartoon,25,STD,-0.007630628955986429,-0.13081826835990062,0.13081826835990062,validation,False,0.9086389345010035,0.9035238616519405,-0.005115072849062985,0.7929104032291104,0.7529481129974903,-0.03996229023162012,0.8157554711821414,0.808124842226155,-0.007630628955986429,0.7573850493834721,0.6716441441042545,-0.08574090527921752
0,cartoon,25,O50,-0.012206562439416868,-0.09695543058661493,0.09695543058661493,validation,False,0.9086389345010035,0.9084499700263248,-0.00018896447467875443,0.7929104032291104,0.7611113783036128,-0.03179902492549769,0.8157554711821414,0.8035489087427246,-0.012206562439416868,0.7573850493834721,0.6924176081970336,-0.06496744118643849
0,cartoon,25,REP,-0.014557294387440467,0.0073590324485998115,-0.0073590324485998115,validation,False,0.9086389345010035,0.9186670836917142,0.010028149190710711,0.7929104032291104,0.7825810083132493,-0.010329394915861156,0.8157554711821414,0.801198176794701,-0.014557294387440467,0.7573850493834721,0.7650453275572223,0.007660278173750257
0,cartoon,25,REP2,-0.006908162915557847,-0.01133890071387711,0.01133890071387711,validation,False,0.9086389345010035,0.9234172596241562,0.014778325123152691,0.7929104032291104,0.7782707479430631,-0.014639655286047382,0.8157554711821414,0.8088473082665836,-0.006908162915557847,0.7573850493834721,0.7459074788324896,-0.011477570550982419
0,sketch,25,STD,-0.09588954350044354,-0.324906568796012,0.324906568796012,validation,False,0.9086389345010035,0.7964264064295846,-0.1122125280714189,0.7929104032291104,0.5920991177303601,-0.20081128549875038,0.8157554711821414,0.8038727159562987,-0.0118827552258427,0.7573850493834721,0.6614955058830285,-0.09588954350044354
0,sketch,25,O50,-0.044325889637203186,-0.2932857840517894,0.2932857840517894,validation,False,0.9086389345010035,0.8117325288785642,-0.09690640562243935,0.7929104032291104,0.6130405972286794,-0.179869806000431,0.8157554711821414,0.7992458987532224,-0.01650957242891904,0.7573850493834721,0.7130591597462689,-0.044325889637203186
0,sketch,25,REP,-0.03624006083210074,-0.05054947218284145,0.05054947218284145,validation,False,0.9086389345010035,0.8834675632705189,-0.02517137123048463,0.7929104032291104,0.7717205237685543,-0.02118987946055617,0.8157554711821414,0.8115672496903408,-0.004188221491800648,0.7573850493834721,0.7211449885513713,-0.03624006083210074
0,sketch,25,REP2,-0.0658220835613279,-0.09254838692304668,0.09254838692304668,validation,False,0.9086389345010035,0.8739331599652591,-0.034705774535744416,0.7929104032291104,0.7323184471484325,-0.06059195608067791,0.8157554711821414,0.8185048148755171,0.00274934369337565,0.7573850493834721,0.6915629658221442,-0.0658220835613279
0,photo,50,STD,0.016130713810675656,-0.4096190420571204,0.4096190420571204,validation,False,0.9086389345010035,0.9247696483116792,0.016130713810675656,0.7929104032291104,0.727412525628214,-0.06549787760089643,0.8157554711821414,0.6672980299742001,-0.14845744120794135,0.7573850493834721,0.5617213261351894,-0.19566372324828263
0,photo,50,O50,0.026347827476065122,-0.36606543443178463,0.36606543443178463,validation,False,0.9086389345010035,0.9349867619770686,0.026347827476065122,0.7929104032291104,0.7283971299962771,-0.06451327323283329,0.8157554711821414,0.6582699479954602,-0.1574855231866812,0.7573850493834721,0.6133184113712019,-0.14406663801227015
0,photo,50,REP,0.005419854259835155,-0.11375618172793911,0.11375618172793911,validation,False,0.9086389345010035,0.9140587887608387,0.005419854259835155,0.7929104032291104,0.7817321377359532,-0.011178265493157258,0.8157554711821414,0.7643854782141215,-0.05136999296801992,0.7573850493834721,0.7061771261167101,-0.051207923266761934
0,photo,50,REP2,0.005561735261401468,-0.11188497519898899,0.11188497519898899,validation,False,0.9086389345010035,0.914200669762405,0.005561735261401468,0.7929104032291104,0.7683546107628701,-0.02455579246624029,0.8157554711821414,0.7611400009041501,-0.054615470277991296,0.7573850493834721,0.7246713369287147,-0.032713712454757404
0,art_painting,50,STD,0.001143494842294035,-0.2564017717690211,0.2564017717690211,validation,False,0.9086389345010035,0.904726381962994,-0.003912552538009484,0.7929104032291104,0.7940538980714045,0.001143494842294035,0.8157554711821414,0.709226643455558,-0.10652882772658345,0.7573850493834721,0.6114246578790439,-0.1459603915044282
0,art_painting,50,O50,0.009187414164408825,-0.24785504566925853,0.24785504566925853,validation,False,0.9086389345010035,0.9096524903373783,0.0010135558363747466,0.7929104032291104,0.8020978173935193,0.009187414164408825,0.8157554711821414,0.7163317917110258,-0.09942367947111563,0.7573850493834721,0.6079401273489544,-0.14944492203451765
0,art_painting,50,REP,-0.018162944675120474,-0.2051113905731976,0.2051113905731976,validation,False,0.9086389345010035,0.9041725205716943,-0.004466413929309243,0.7929104032291104,0.77474745855399,-0.018162944675120474,0.8157554711821414,0.7519395926510264,-0.06381587853111503,0.7573850493834721,0.6205559512706987,-0.13682909811277333
0,art_painting,50,REP2,-0.06147582887567171,-0.2816417158938457,0.2816417158938457,validation,False,0.9086389345010035,0.8900899378414078,-0.01854899665959575,0.7929104032291104,0.7314345743534387,-0.06147582887567171,0.8157554711821414,0.7574059947851005,-0.05834947639704091,0.7573850493834721,0.552641806546263,-0.20474324283720902
0,cartoon,50,STD,-0.0161003789872618,-0.15927456449276145,0.15927456449276145,validation,False,0.9086389345010035,0.8488219042406234,-0.0598170302603801,0.7929104032291104,0.7291188169428546,-0.06379158628625581,0.8157554711821414,0.7996550921948796,-0.0161003789872618,0.7573850493834721,0.7217191014373465,-0.03566594794612554
0,cartoon,50,O50,-0.02720464575145365,-0.12856299349937628,0.12856299349937628,validation,False,0.9086389345010035,0.8789063518127558,-0.029732582688247744,0.7929104032291104,0.7080482834663062,-0.08486211976280422,0.8157554711821414,0.7885508254306878,-0.02720464575145365,0.7573850493834721,0.7434167583351478,-0.01396829104832431
0,cartoon,50,REP,0.0012518657614714046,-0.034564288311911606,0.034564288311911606,validation,False,0.9086389345010035,0.9038547071281856,-0.0047842273728179174,0.7929104032291104,0.7738553027914491,-0.019055100437661343,0.8157554711821414,0.8170073369436128,0.0012518657614714046,0.7573850493834721,0.7466600888820397,-0.010724960501432346
0,cartoon,50,REP2,-0.021163637279688285,-0.041505536913771124,0.041505536913771124,validation,False,0.9086389345010035,0.8892182630065992,-0.019420671494404296,0.7929104032291104,0.7602096036110176,-0.0327007996180928,0.8157554711821414,0.7945918339024531,-0.021163637279688285,0.7573850493834721,0.768000983582198,0.010615934198725974
0,sketch,50,STD,-0.15181890651330787,-0.7282821658924837,0.7282821658924837,validation,False,0.9086389345010035,0.7181658710659188,-0.19047306343508474,0.7929104032291104,0.3605110858168876,-0.4323993174122228,0.8157554711821414,0.7103456861369652,-0.10540978504517617,0.7573850493834721,0.6055661428701642,-0.15181890651330787
0,sketch,50,O50,-0.23237991700497185,-0.7190156940449102,0.7190156940449102,validation,False,0.9086389345010035,0.670995193281861,-0.23764374121914256,0.7929104032291104,0.4169591533916525,-0.3759512498374579,0.8157554711821414,0.7103347681938318,-0.10542070298830963,0.7573850493834721,0.5250051323785002,-0.23237991700497185
0,sketch,50,REP,-0.13261296458868754,-0.08481538582190384,0.08481538582190384,validation,False,0.9086389345010035,0.8693719485074959,-0.03926698599350764,0.7929104032291104,0.7541009595773371,-0.0388094436517733,0.8157554711821414,0.8090165150055185,-0.006738956176622901,0.7573850493834721,0.6247720847947845,-0.13261296458868754
0,sketch,50,REP2,-0.18605042906620728,-0.1439436318863161,0.1439436318863161,validation,False,0.9086389345010035,0.8545936233843433,-0.05404531111666022,0.7929104032291104,0.7183546107628702,-0.07455579246624022,0.8157554711821414,0.8004129428787258,-0.015342528303415648,0.7573850493834721,0.5713346203172648,-0.18605042906620728
0,photo,100,STD,0.01546103548328237,-0.4945549536320788,0.4945549536320788,validation,False,0.9086389345010035,0.9240999699842859,0.01546103548328237,0.7929104032291104,0.6902291264764612,-0.10268127675264926,0.8157554711821414,0.6322790591954578,-0.18347641198668363,0.7573850493834721,0.5489877844907262,-0.2083972648927459
0,photo,100,O50,0.005243921817892905,-0.4703323923251598,0.4703323923251598,validation,False,0.9086389345010035,0.9138828563188964,0.005243921817892905,0.7929104032291104,0.702851478376111,-0.09005892485299949,0.8157554711821414,0.6270855300520392,-0.18866994113010227,0.7573850493834721,0.565781523041414,-0.19160352634205802
0,photo,100,REP,0.010170030192277024,-0.08126594383245567,0.08126594383245567,validation,False,0.9086389345010035,0.9188089646932805,0.010170030192277024,0.7929104032291104,0.7616216269173287,-0.03128877631178173,0.8157554711821414,0.7806385469517164,-0.035116924230425006,0.7573850493834721,0.7425248060932231,-0.014860243290248931
0,photo,100,REP2,0.025678149148671947,-0.1890098947097767,0.1890098947097767,validation,False,0.9086389345010035,0.9343170836496755,0.025678149148671947,0.7929104032291104,0.7559045980266943,-0.03700580520241614,0.8157554711821414,0.7898059324834605,-0.025949538698680885,0.7573850493834721,0.6313304985747924,-0.12605455080867967
0,art_painting,100,STD,-0.0513828993236467,-0.2974932682346463,0.2974932682346463,validation,False,0.9086389345010035,0.9107211170217685,0.0020821825207649747,0.7929104032291104,0.7415275039054637,-0.0513828993236467,0.8157554711821414,0.6678849760906702,-0.1478704950914712,0.7573850493834721,0.605680093719532,-0.15170495566394004
0,art_painting,100,O50,-0.03750892868275879,-0.30521614688566323,0.30521614688566323,validation,False,0.9086389345010035,0.9002332733859827,-0.008405661115020835,0.7929104032291104,0.7554014745463516,-0.03750892868275879,0.8157554711821414,0.6588633632518632,-0.1568921079302782,0.7573850493834721,0.6174666715431079,-0.1399183778403642
0,art_painting,100,REP,-0.04558045789669629,-0.12347894823272887,0.12347894823272887,validation,False,0.9086389345010035,0.8945433197379805,-0.014095614763023012,0.7929104032291104,0.7473299453324141,-0.04558045789669629,0.8157554711821414,0.762006292701617,-0.05374917848052441,0.7573850493834721,0.7017508943942906,-0.05563415498918145
0,art_painting,100,REP2,-0.07594207622823934,-0.04139261487334911,0.04139261487334911,validation,False,0.9086389345010035,0.9144707691505721,0.005831834649568601,0.7929104032291104,0.7169683270008711,-0.07594207622823934,0.8157554711821414,0.7977605596161096,-0.017994911566031835,0.7573850493834721,0.7281555114265862,-0.029229537956885876
0,cartoon,100,STD,-0.0313453975885869,-0.2163315994607855,0.2163315994607855,validation,False,0.9086389345010035,0.844058696275445,-0.06458023822555847,0.7929104032291104,0.6662611575135422,-0.12664924571556824,0.8157554711821414,0.7844100735935545,-0.0313453975885869,0.7573850493834721,0.7322829338638133,-0.025102115519658796
0,cartoon,100,O50,-0.06361278727348563,-0.36990139650138587,0.36990139650138587,validation,False,0.9086389345010035,0.8251918861723405,-0.08344704832866301,0.7929104032291104,0.6277966593812179,-0.16511374384789257,0.8157554711821414,0.7521426839086558,-0.06361278727348563,0.7573850493834721,0.6360444450586418,-0.12134060432483029
0,cartoon,100,REP,-0.01679089540437939,-0.014807553274198915,0.014807553274198915,validation,False,0.9086389345010035,0.9089567479445121,0.00031781344350856333,0.7929104032291104,0.7548211324330728,-0.03808927079603763,0.8157554711821414,0.798964575777762,-0.01679089540437939,0.7573850493834721,0.7803489534618022,0.022963904078330155
0,cartoon,100,REP2,-0.012100848386753515,-0.14748611720609428,0.14748611720609428,validation,False,0.9086389345010035,0.9139299397920088,0.005291005291005235,0.7929104032291104,0.7515969205173559,-0.0413134827117545,0.8157554711821414,0.8036546227953879,-0.012100848386753515,0.7573850493834721,0.645921409598127,-0.11146363978534501
0,sketch,100,STD,-0.1895304339806737,-1.1876474401624733,1.1876474401624733,validation,False,0.9086389345010035,0.4595616864963758,-0.4490772480046277,0.7929104032291104,0.26960818891578625,-0.5233022143133241,0.8157554711821414,0.6004874933376201,-0.21526797784452134,0.7573850493834721,0.5678546154027984,-0.1895304339806737
0,sketch,100,O50,-0.2693637999267681,-1.0623889399016022,1.0623889399016022,validation,False,0.9086389345010035,0.5605814317398617,-0.3480575027611418,0.7929104032291104,0.27266344610638177,-0.5202469571227286,0.8157554711821414,0.6216709911644095,-0.19408448001773193,0.7573850493834721,0.48802124945670394,-0.2693637999267681
0,sketch,100,REP,-0.17668095624419755,-0.07417652427837196,0.07417652427837196,validation,False,0.9086389345010035,0.8749677352092735,-0.033671199291730014,0.7929104032291104,0.7568257887077323,-0.03608461452137812,0.8157554711821414,0.8113347607168776,-0.004420710465263822,0.7573850493834721,0.5807040931392745,-0.17668095624419755
0,sketch,100,REP2,-0.1204081124875388,-0.16366070264085952,0.16366070264085952,validation,False,0.9086389345010035,0.8350651223287485,-0.073573812172255,0.7929104032291104,0.7050154704458373,-0.0878949327832731,0.8157554711821414,0.81356351349681,-0.002191957685331425,0.7573850493834721,0.6369769368959333,-0.1204081124875388
1,photo,25,STD,0.0027283061765820404,-0.2474386043571244,0.2474386043571244,validation,False,0.9185985474877896,0.9213268536643716,0.0027283061765820404,0.7107220113560592,0.6974486597705091,-0.013273351585550097,0.8431008405341763,0.7485030175558853,-0.094597822978291,0.643503839283553,0.5039364094902697,-0.1395674297932833
1,photo,25,O50,0.0,-0.23421399646838525,0.23421399646838525,validation,False,0.9185985474877896,0.9185985474877896,0.0,0.7107220113560592,0.6998073757977247,-0.010914635558334496,0.8431008405341763,0.7467349236510868,-0.09636591688308949,0.643503839283553,0.5165703952565918,-0.12693344402696127
1,photo,25,REP,0.014954257565095053,-0.034619585822820986,0.034619585822820986,validation,False,0.9185985474877896,0.9335528050528846,0.014954257565095053,0.7107220113560592,0.7291098430532837,0.018387831697224577,0.8431008405341763,0.8091366311868595,-0.03396420934731681,0.643503839283553,0.6244606311108243,-0.019043208172728754
1,photo,25,REP2,0.024630541871921152,-0.11212507677850247,0.11212507677850247,validation,False,0.9185985474877896,0.9432290893597107,0.024630541871921152,0.7107220113560592,0.7306504237376193,0.01992841238156018,0.8431008405341763,0.8018201655833697,-0.04128067495080667,0.643503839283553,0.552731025074297,-0.09077281420925598
1,art_painting,25,STD,0.006409473102324648,-0.08680071198513473,0.08680071198513473,validation,False,0.9185985474877896,0.9288026291204426,0.010204081632653073,0.7107220113560592,0.7171314844583838,0.006409473102324648,0.8431008405341763,0.7843845124155687,-0.05871632811860761,0.643503839283553,0.6052153737843728,-0.03828846549918019
1,art_painting,25,O50,0.0037797645024667537,-0.10512483394137351,0.10512483394137351,validation,False,0.9185985474877896,0.9187744799297318,0.00017593244194225033,0.7107220113560592,0.7145017758585259,0.0037797645024667537,0.8431008405341763,0.7801761675049453,-0.06292467302923099,0.643503839283553,0.6011277459294683,-0.042376093354084765
1,art_painting,25,REP,0.01557566840363378,0.0001515588254736855,-0.0001515588254736855,validation,False,0.9185985474877896,0.9233487234202314,0.004750175932441869,0.7107220113560592,0.726297679759693,0.01557566840363378,0.8431008405341763,0.8213624961160718,-0.021738344418104516,0.643503839283553,0.6606435665946894,0.017139727311136332
1,art_painting,25,REP2,0.0018703475105675826,-0.03618583909255524,0.03618583909255524,validation,False,0.9185985474877896,0.9282748317946157,0.0096762843068261,0.7107220113560592,0.7125923588666268,0.0018703475105675826,0.8431008405341763,0.8068166186070524,-0.03628422192712388,0.643503839283553,0.6339259378112956,-0.009577901472257455
1,cartoon,25,STD,-0.033012268475772766,-0.1402022237131597,0.1402022237131597,validation,False,0.9185985474877896,0.8766400134110288,-0.041958534076760756,0.7107220113560592,0.6535843199348979,-0.05713769142116132,0.8431008405341763,0.8100885720584036,-0.033012268475772766,0.643503839283553,0.6023978410683154,-0.04110599821523764
1,cartoon,25,O50,-0.019792448673055407,-0.12589038698221133,0.12589038698221133,validation,False,0.9185985474877896,0.8866681626017396,-0.031930384886049934,0.7107220113560592,0.6496859219617609,-0.061036089394298276,0.8431008405341763,0.8233083918611209,-0.019792448673055407,0.643503839283553,0.6105799265816899,-0.03292391270186312
1,cartoon,25,REP,-0.022171663077651393,-0.0013668562164164122,0.0013668562164164122,validation,False,0.9185985474877896,0.9264288944806981,0.007830346992908521,0.7107220113560592,0.6988050557571375,-0.011916955598921697,0.8431008405341763,0.8209291774565249,-0.022171663077651393,0.643503839283553,0.6462235916731498,0.0027197523895967635
1,cartoon,25,REP2,-0.034831345601698316,-0.0941768836441933,0.0941768836441933,validation,False,0.9185985474877896,0.9315309352970246,0.012932387809235002,0.7107220113560592,0.6712551769896625,-0.03946683436639664,0.8431008405341763,0.808269494932478,-0.034831345601698316,0.643503839283553,0.5758614021965214,-0.06764243708703166
1,sketch,25,STD,0.006696392344451629,-0.241459535662072,0.241459535662072,validation,False,0.9185985474877896,0.8326258200721891,-0.08597272741560047,0.7107220113560592,0.61258018676378,-0.09814182459227916,0.8431008405341763,0.785755856879984,-0.05734498365419238,0.643503839283553,0.6502002316280047,0.006696392344451629
1,sketch,25,O50,-0.04611335986596454,-0.26065730615570837,0.26065730615570837,validation,False,0.9185985474877896,0.7903154211115437,-0.12828312637624584,0.7107220113560592,0.6229793189225352,-0.08774269243352395,0.8431008405341763,0.7984693531882378,-0.04463148734593858,0.643503839283553,0.5973904794175885,-0.04611335986596454
1,sketch,25,REP,0.04592229867255582,-0.04042267567420599,0.04042267567420599,validation,False,0.9185985474877896,0.8937920731739261,-0.024806474313863514,0.7107220113560592,0.7072575421021162,-0.003464469253942948,0.8431008405341763,0.8309491084277768,-0.012151732106399527,0.643503839283553,0.6894261379561089,0.04592229867255582
1,sketch,25,REP2,0.04915723321549814,-0.05039038084518377,0.05039038084518377,validation,False,0.9185985474877896,0.8896775241285014,-0.028921023359288145,0.7107220113560592,0.7106589026463339,-6.310870972525695e-05,0.8431008405341763,0.821694591758006,-0.021406248776170367,0.643503839283553,0.6926610724990512,0.04915723321549814
1,photo,50,STD,0.00017593244194225033,-0.4164123108576937,0.4164123108576937,validation,False,0.9185985474877896,0.9187744799297318,0.00017593244194225033,0.7107220113560592,0.6888587096307891,-0.021863301725270068,0.8431008405341763,0.6902437788784751,-0.15285706165570123,0.643503839283553,0.40181189180683063,-0.2416919474767224
1,photo,50,O50,0.00017593244194225033,-0.3920787980335059,0.3920787980335059,validation,False,0.9185985474877896,0.9187744799297318,0.00017593244194225033,0.7107220113560592,0.7018070876616495,-0.008914923694409715,0.8431008405341763,0.6900424153447547,-0.1530584251894216,0.643503839283553,0.4133983901338784,-0.23010544914967462
1,photo,50,REP,0.014954257565095053,-0.12177796068776481,0.12177796068776481,validation,False,0.9185985474877896,0.9335528050528846,0.014954257565095053,0.7107220113560592,0.7209706844484086,0.010248673092349447,0.8431008405341763,0.7743360431202675,-0.06876479741390884,0.643503839283553,0.5802420029173476,-0.06326183636620542
1,photo,50,REP2,-0.009852216748768461,-0.16143946883660332,0.16143946883660332,validation,False,0.9185985474877896,0.9087463307390211,-0.009852216748768461,0.7107220113560592,0.7024039525273953,-0.008318058828663877,0.8431008405341763,0.7630704317006278,-0.0800304088335485,0.643503839283553,0.5704128381091621,-0.07309100117439093
1,art_painting,50,STD,-0.010259962650266852,-0.24838222354092754,0.24838222354092754,validation,False,0.9185985474877896,0.91402430399729,-0.004574243490499619,0.7107220113560592,0.7004620487057923,-0.010259962650266852,0.8431008405341763,0.7269117406749448,-0.11618909985923154,0.643503839283553,0.5158849590923567,-0.12761888019119638
1,art_painting,50,O50,0.015753483663931256,-0.22705241049597236,0.22705241049597236,validation,False,0.9185985474877896,0.9041720872485214,-0.01442646023926819,0.7107220113560592,0.7264754950199904,0.015753483663931256,0.8431008405341763,0.7197271703757818,-0.12337367015839451,0.643503839283553,0.5542515591852434,-0.08925228009830966
1,art_painting,50,REP,0.014453036167770827,-0.057874476918550855,0.057874476918550855,validation,False,0.9185985474877896,0.928450764236558,0.009852216748768461,0.7107220113560592,0.72517504752383,0.014453036167770827,0.8431008405341763,0.7943789373945306,-0.04872190313964575,0.643503839283553,0.6244990487558795,-0.019004790527673565
1,art_painting,50,REP2,0.0027970304819143754,-0.1355210146679604,0.1355210146679604,validation,False,0.9185985474877896,0.923700588304116,0.005102040816326481,0.7107220113560592,0.7135190418379735,0.0027970304819143754,0.8431008405341763,0.7807960646657098,-0.0623047758684665,0.643503839283553,0.5651855596677327,-0.07831827961582039
1,cartoon,50,STD,-0.021822845912719768,-0.24333726128898614,0.24333726128898614,validation,False,0.9185985474877896,0.856407782587665,-0.06219076490012454,0.7107220113560592,0.5860924440713465,-0.12462956728471264,0.8431008405341763,0.8212779946214566,-0.021822845912719768,0.643503839283553,0.5869869101794041,-0.05651692910414896
1,cartoon,50,O50,-0.049402927681465036,-0.3595722809013755,0.3595722809013755,validation,False,0.9185985474877896,0.8535035439691406,-0.06509500351864894,0.7107220113560592,0.5923134492991974,-0.11840856205686179,0.8431008405341763,0.7936979128527113,-0.049402927681465036,0.643503839283553,0.46743512395768827,-0.17606871532586477
1,cartoon,50,REP,-0.019691509971116572,-0.009254573358881912,0.009254573358881912,validation,False,0.9185985474877896,0.9483311301760373,0.029732582688247744,0.7107220113560592,0.6981362945171722,-0.012585716838886984,0.8431008405341763,0.8234093305630598,-0.019691509971116572,0.643503839283553,0.6171024000753104,-0.026401439208242672
1,cartoon,50,REP2,-0.06366151803063613,-0.10103991608127039,0.10103991608127039,validation,False,0.9185985474877896,0.9430531569177684,0.02445460942997879,0.7107220113560592,0.6715358829543546,-0.039186128401704545,0.8431008405341763,0.7794393225035402,-0.06366151803063613,0.643503839283553,0.5571954421740084,-0.08630839710954463
1,sketch,50,STD,-0.04964657521999083,-0.6106080895826397,0.6106080895826397,validation,False,0.9185985474877896,0.6438212642805047,-0.2747772832072849,0.7107220113560592,0.46096170462122654,-0.24976030673483263,0.8431008405341763,0.7570303408936542,-0.08607049964052216,0.643503839283553,0.5938572640635622,-0.04964657521999083
1,sketch,50,O50,-0.09048403349500433,-0.600176428780067,0.600176428780067,validation,False,0.9185985474877896,0.6363087307311047,-0.28228981675668485,0.7107220113560592,0.48859602431592114,-0.22212598704013803,0.8431008405341763,0.7473402155509322,-0.09576062498324411,0.643503839283553,0.5530198057885487,-0.09048403349500433
1,sketch,50,REP,0.07399015304960066,-0.07415088025284922,0.07415088025284922,validation,False,0.9185985474877896,0.8964836212571792,-0.0221149262306104,0.7107220113560592,0.7019585804121771,-0.0087634309438821,0.8431008405341763,0.7998283174558196,-0.04327252307835672,0.643503839283553,0.7174939923331537,0.07399015304960066
1,sketch,50,REP2,0.007030040784572478,-0.12836597480807443,0.12836597480807443,validation,False,0.9185985474877896,0.8571825838232957,-0.06141596366449387,0.7107220113560592,0.694933080153594,-0.015788931202465162,0.8431008405341763,0.7919397605930609,-0.051161079941115406,0.643503839283553,0.6505338800681255,0.007030040784572478
1,photo,100,STD,0.015130190007037192,-0.46097563370354183,0.46097563370354183,validation,False,0.9185985474877896,0.9337287374948268,0.015130190007037192,0.7107220113560592,0.6716922364492783,-0.039029774906780834,0.8431008405341763,0.6692099521058863,-0.17389088842829004,0.643503839283553,0.3954488689150821,-0.24805497036847096
1,photo,100,O50,0.005102040816326481,-0.5007935510455064,0.5007935510455064,validation,False,0.9185985474877896,0.923700588304116,0.005102040816326481,0.7107220113560592,0.6634407382415464,-0.0472812731145128,0.8431008405341763,0.6579671185756119,-0.18513372195856448,0.643503839283553,0.375125283311124,-0.26837855597242904
1,photo,100,REP,0.01970443349753681,-0.11991301995134385,0.11991301995134385,validation,False,0.9185985474877896,0.9383029809853264,0.01970443349753681,0.7107220113560592,0.7222986905570231,0.011576679200963946,0.8431008405341763,0.764187683329646,-0.0789131572045303,0.643503839283553,0.5909272973357755,-0.0525765419477775
1,photo,100,REP2,0.01460239268121033,-0.0942676170763157,0.0942676170763157,validation,False,0.9185985474877896,0.9332009401689999,0.01460239268121033,0.7107220113560592,0.6855604422095276,-0.02516156914653156,0.8431008405341763,0.7835033130450546,-0.05959752748912173,0.643503839283553,0.6339953188428906,-0.009508520440662416
1,art_painting,100,STD,0.007212289408451422,-0.33660937468025726,0.33660937468025726,validation,False,0.9185985474877896,0.9061939570043813,-0.012404590483408251,0.7107220113560592,0.7179343007645106,0.007212289408451422,0.8431008405341763,0.7036671935951233,-0.13943364693905302,0.643503839283553,0.45873270202575706,-0.18477113725779598
1,art_painting,100,O50,0.007228320958541867,-0.3275805087020423,0.3275805087020423,validation,False,0.9185985474877896,0.9061939570043813,-0.012404590483408251,0.7107220113560592,0.717950332314601,0.007228320958541867,0.8431008405341763,0.7161281615888784,-0.12697267894529796,0.643503839283553,0.45530060001021694,-0.1882032392733361
1,art_painting,100,REP,0.013207554757324602,0.0025441808953314826,-0.0025441808953314826,validation,False,0.9185985474877896,0.9332009401689999,0.01460239268121033,0.7107220113560592,0.7239295661133838,0.013207554757324602,0.8431008405341763,0.8029413865689551,-0.04015945396522125,0.643503839283553,0.6716050814628954,0.0281012421793424
1,art_painting,100,REP2,0.006361073474753232,-0.030169861292517974,0.030169861292517974,validation,False,0.9185985474877896,0.9189504123716742,0.0003518648838846117,0.7107220113560592,0.7170830848308124,0.006361073474753232,0.8431008405341763,0.7967946625780534,-0.04630617795612291,0.643503839283553,0.6592882910632734,0.01578445177972032
1,cartoon,100,STD,-0.08346625367657778,-0.44741089865691563,0.44741089865691563,validation,False,0.9185985474877896,0.7812505784379294,-0.13734796904986013,0.7107220113560592,0.49942922823632063,-0.21129278311973854,0.8431008405341763,0.7596345868575985,-0.08346625367657778,0.643503839283553,0.5447336927962361,-0.09877014648731697
1,cartoon,100,O50,-0.07328264986958377,-0.4685794186490441,0.4685794186490441,validation,False,0.9185985474877896,0.7778832693340877,-0.14071527815370188,0.7107220113560592,0.47512970846491215,-0.23559230289114702,0.8431008405341763,0.7698181906645926,-0.07328264986958377,0.643503839283553,0.5512320016793578,-0.09227183760419522
1,cartoon,100,REP,-0.05296084240809218,-0.046848846888544515,0.046848846888544515,validation,False,0.9185985474877896,0.897048176676335,-0.02155037081145461,0.7107220113560592,0.6832372762795834,-0.027484735076475753,0.8431008405341763,0.7901399981260842,-0.05296084240809218,0.643503839283553,0.6456900982829389,0.0021862589993858483
1,cartoon,100,REP2,-0.07055959818517643,-0.16000207639895037,0.16000207639895037,validation,False,0.9185985474877896,0.8992459788741372,-0.01935256861365242,0.7107220113560592,0.6714885170109051,-0.03923349434515411,0.8431008405341763,0.7725412423489999,-0.07055959818517643,0.643503839283553,0.5420878258434092,-0.10141601344014384
1,sketch,100,STD,-0.14473565150760004,-1.1779031198577326,1.1779031198577326,validation,False,0.9185985474877896,0.44183842271399876,-0.4767601247737908,0.7107220113560592,0.2572763805229297,-0.45344563083312944,0.8431008405341763,0.5954034762833641,-0.24769736425081224,0.643503839283553,0.498768187775953,-0.14473565150760004
1,sketch,100,O50,0.00047553340277517453,-1.123390232520567,1.123390232520567,validation,False,0.9185985474877896,0.48177913246243137,-0.4368194150253582,0.7107220113560592,0.26382927122462535,-0.4468927401314338,0.8431008405341763,0.6034227631704013,-0.239678077363775,0.643503839283553,0.6439793726863282,0.00047553340277517453
1,sketch,100,REP,0.028830328187071208,-0.07332461216723873,0.07332461216723873,validation,False,0.9185985474877896,0.9041380358081454,-0.014460511679644128,0.7107220113560592,0.6918660071168208,-0.01885600423923839,0.8431008405341763,0.8030927442858201,-0.04000809624835622,0.643503839283553,0.6723341674706242,0.028830328187071208
1,sketch,100,REP2,-0.012505690026213823,-0.08255213517486415,0.08255213517486415,validation,False,0.9185985474877896,0.8932642758480992,-0.025334271639690376,0.7107220113560592,0.7036809545562772,-0.007041056799781953,0.8431008405341763,0.7929240337987845,-0.05017680673539182,0.643503839283553,0.6309981492573392,-0.012505690026213823
2,photo,25,STD,0.010264197138502129,-0.2020327024068579,0.2020327024068579,validation,False,0.8953889305073159,0.9056531276458181,0.010264197138502129,0.71171273054058,0.7095927319161534,-0.002119998624426689,0.8208154578247024,0.7436354336536662,-0.0771800241710362,0.6723233184957227,0.5495906388843277,-0.122732679611395
2,photo,25,O50,0.01044012958044438,-0.1750939169647977,0.1750939169647977,validation,False,0.8953889305073159,0.9058290600877603,0.01044012958044438,0.71171273054058,0.7188386579487451,0.007125927408165089,0.8208154578247024,0.750661194777788,-0.07015426304691441,0.6723233184957227,0.5602577371696743,-0.11206558132604838
2,photo,25,REP,0.015001341038207494,-0.009137896834832349,0.009137896834832349,validation,False,0.8953889305073159,0.9103902715455234,0.015001341038207494,0.71171273054058,0.7670687638827894,0.0553560333422094,0.8208154578247024,0.8072706187427274,-0.013544839081975013,0.6723233184957227,0.621374227400656,-0.050949091095066734
2,photo,25,REP2,0.02046827877115509,-0.09663110145681808,0.09663110145681808,validation,False,0.8953889305073159,0.915857209278471,0.02046827877115509,0.71171273054058,0.7467260123390874,0.03501328179850738,0.8208154578247024,0.7824064801490807,-0.03840897767562179,0.6723233184957227,0.579087912916019,-0.09323540557970367
2,art_painting,25,STD,0.04835932741109483,-0.05139604857023794,0.05139604857023794,validation,False,0.8953889305073159,0.920607385210913,0.02521845470359707,0.71171273054058,0.7600720579516749,0.04835932741109483,0.8208154578247024,0.7999154801230165,-0.020899977701685946,0.6723233184957227,0.6166087929235736,-0.055714525572149065
2,art_painting,25,O50,0.057541825379682554,-0.03877503391072268,0.03877503391072268,validation,False,0.8953889305073159,0.9096735097450177,0.014284579237701767,0.71171273054058,0.7692545559202626,0.057541825379682554,0.8208154578247024,0.7909189384415202,-0.029896519383182274,0.6723233184957227,0.6491602247304805,-0.02316309376524217
2,art_painting,25,REP,0.035987254959103154,-0.01689736207497572,0.01689736207497572,validation,False,0.8953889305073159,0.9154923123618499,0.020103381854533975,0.71171273054058,0.7476999854996832,0.035987254959103154,0.8208154578247024,0.8084891713182495,-0.012326286506452955,0.6723233184957227,0.647648861072666,-0.02467445742305674
2,art_painting,25,REP2,0.05998397727103888,-0.03786584536752524,0.03786584536752524,validation,False,0.8953889305073159,0.9104033035782598,0.015014373070943887,0.71171273054058,0.7716967078116189,0.05998397727103888,0.8208154578247024,0.8021468409737704,-0.01866861685093202,0.6723233184957227,0.6381117169081856,-0.03421160158753711
2,cartoon,25,STD,-0.010669088372435964,-0.06881658433765725,0.06881658433765725,validation,False,0.8953889305073159,0.8958957084255035,0.0005067779181875398,0.71171273054058,0.6859585365741317,-0.02575419396644829,0.8208154578247024,0.8101463694522665,-0.010669088372435964,0.6723233184957227,0.6287541502063262,-0.0435691682893965
2,cartoon,25,O50,-0.007092820349975049,-0.03744800854848929,0.03744800854848929,validation,False,0.8953889305073159,0.8962475733093881,0.0008586428020721515,0.71171273054058,0.6942881842226648,-0.017424546317915235,0.8208154578247024,0.8137226374747274,-0.007092820349975049,0.6723233184957227,0.6514412134630765,-0.020882105032646203
2,cartoon,25,REP,0.005004493515190944,0.09325181538872795,-0.09325181538872795,validation,False,0.8953889305073159,0.9050992662545181,0.009710335747202148,0.71171273054058,0.7323198037792322,0.020607073238652185,0.8208154578247024,0.8258199513398934,0.005004493515190944,0.6723233184957227,0.7352577248985963,0.06293440640287362
2,cartoon,25,REP2,-0.014532725419958648,0.08830845307812074,-0.08830845307812074,validation,False,0.8953889305073159,0.9102013070708447,0.01481237656352874,0.71171273054058,0.7416895002502317,0.029976769709651685,0.8208154578247024,0.8062827324047438,-0.014532725419958648,0.6723233184957227,0.715842625300663,0.043519306804940316
2,sketch,25,STD,0.045646185877462164,-0.22985892881287895,0.22985892881287895,validation,False,0.8953889305073159,0.8297190461897278,-0.06566988431758813,0.71171273054058,0.5728715053396456,-0.13884122520093445,0.8208154578247024,0.7954676385303461,-0.025347819294356366,0.6723233184957227,0.7179695043731849,0.045646185877462164
2,sketch,25,O50,0.03438422260159446,-0.25470982102089756,0.25470982102089756,validation,False,0.8953889305073159,0.8300238276005001,-0.06536510290681585,0.71171273054058,0.5796117717638344,-0.13210095877674566,0.8208154578247024,0.7635716984873664,-0.05724375933733605,0.6723233184957227,0.7067075410973171,0.03438422260159446
2,sketch,25,REP,0.06840771186679595,0.005342745347321376,-0.005342745347321376,validation,False,0.8953889305073159,0.8953889305073159,0.0,0.71171273054058,0.730192392227096,0.018479661686515936,0.8208154578247024,0.8076785414855079,-0.01313691633919456,0.6723233184957227,0.7407310303625186,0.06840771186679595
2,sketch,25,REP2,0.08702723034955195,-0.004753250040991142,0.004753250040991142,validation,False,0.8953889305073159,0.8952129980653737,-0.00017593244194225033,0.71171273054058,0.7210574730986566,0.009344742558076602,0.8208154578247024,0.806893397667577,-0.013922060157125493,0.6723233184957227,0.7593505488452746,0.08702723034955195
2,photo,50,STD,0.029603733719417935,-0.29064493976512473,0.29064493976512473,validation,False,0.8953889305073159,0.9249926642267339,0.029603733719417935,0.71171273054058,0.7100481984022916,-0.0016645321382884326,0.8208154578247024,0.691111379155795,-0.12970407866890743,0.6723233184957227,0.5130469895377938,-0.15927632895792887
2,photo,50,O50,0.029603733719417935,-0.2588161467814939,0.2588161467814939,validation,False,0.8953889305073159,0.9249926642267339,0.029603733719417935,0.71171273054058,0.7146235903705845,0.0029108598300044974,0.8208154578247024,0.6872741740625044,-0.1335412837621981,0.6723233184957227,0.5441375956464224,-0.1281857228493003
2,photo,50,REP,0.025029490228918205,0.0527946688251556,-0.0527946688251556,validation,False,0.8953889305073159,0.9204184207362341,0.025029490228918205,0.71171273054058,0.7309074150783417,0.01919468453776163,0.8208154578247024,0.8125080193434234,-0.008307438481279017,0.6723233184957227,0.7142307412643957,0.041907422768672986
2,photo,50,REP2,0.03470577453574453,0.005260629971843622,-0.005260629971843622,validation,False,0.8953889305073159,0.9300947050430605,0.03470577453574453,0.71171273054058,0.7643765014382049,0.05266377089762486,0.8208154578247024,0.8009479680674788,-0.019867489757223633,0.6723233184957227,0.6447876673271651,-0.027535651168557607
2,art_painting,50,STD,0.0436495382495814,-0.018104883160507623,0.018104883160507623,validation,False,0.8953889305073159,0.9107551684621445,0.01536623795482861,0.71171273054058,0.7553622687901614,0.0436495382495814,0.8208154578247024,0.7771429065295522,-0.04367255129515024,0.6723233184957227,0.6825247486755367,0.010201430179814008
2,art_painting,50,O50,0.03862005121275047,-0.12898123852815246,0.12898123852815246,validation,False,0.8953889305073159,0.9059709410893265,0.010582010582010581,0.71171273054058,0.7503327817533305,0.03862005121275047,0.8208154578247024,0.7598453898466386,-0.06097006797806381,0.6723233184957227,0.5937301373636235,-0.07859318113209923
2,art_painting,50,REP,0.03642894666366481,0.023377396580881782,-0.023377396580881782,validation,False,0.8953889305073159,0.9202424882942919,0.024853557786975955,0.71171273054058,0.7481416772042448,0.03642894666366481,0.8208154578247024,0.8075267185750985,-0.013288739249603942,0.6723233184957227,0.6841358965392325,0.01181257804350977
2,art_painting,50,REP2,0.06383006078808506,-0.022765231126222973,0.022765231126222973,validation,False,0.8953889305073159,0.9204314527689706,0.02504252226165471,0.71171273054058,0.7755427913286651,0.06383006078808506,0.8208154578247024,0.7690718416187357,-0.05174361620596679,0.6723233184957227,0.6762591813138118,0.003935862818089109
2,cartoon,50,STD,-0.03825839380628138,-0.12233274742373246,0.12233274742373246,validation,False,0.8953889305073159,0.8755215966005733,-0.019867333906742668,0.71171273054058,0.6450048451560438,-0.0667078853845362,0.8208154578247024,0.7825570640184211,-0.03825839380628138,0.6723233184957227,0.6365657903632691,-0.035757528132453587
2,cartoon,50,O50,-0.02289181089436587,-0.1149419052954509,0.1149419052954509,validation,False,0.8953889305073159,0.8858675592347927,-0.009521371272523282,0.71171273054058,0.639069195671543,-0.07264353486903707,0.8208154578247024,0.7979236469303366,-0.02289181089436587,0.6723233184957227,0.6395463193418321,-0.03277699915389054
2,cartoon,50,REP,-0.0034025605491713184,0.11177420630067558,-0.11177420630067558,validation,False,0.8953889305073159,0.9105662039874657,0.015177273480149744,0.71171273054058,0.7319694827722765,0.02025675223169643,0.8208154578247024,0.8174128972755311,-0.0034025605491713184,0.6723233184957227,0.7486634990845521,0.07634018058882941
2,cartoon,50,REP2,-0.03238986827710144,-0.0021478172764252124,0.0021478172764252124,validation,False,0.8953889305073159,0.8959167278331429,0.000527797325826973,0.71171273054058,0.7053920953913754,-0.0063206351492046675,0.8208154578247024,0.788425589547601,-0.03238986827710144,0.6723233184957227,0.6759683390426752,0.003645020546952482
2,sketch,50,STD,0.04663787214725612,-0.6156249285222102,0.6156249285222102,validation,False,0.8953889305073159,0.6713901091463461,-0.22399882136096982,0.71171273054058,0.38632342023514893,-0.3253893103054311,0.8208154578247024,0.7545786609688931,-0.0662367968558093,0.6723233184957227,0.7189611906429788,0.04663787214725612
2,sketch,50,O50,-0.03117217105323411,-0.6184935422923808,0.6184935422923808,validation,False,0.8953889305073159,0.6805161053611714,-0.21487282514614459,0.71171273054058,0.3848189855173799,-0.3268937450232001,0.8208154578247024,0.7440884857016663,-0.07672697212303614,0.6723233184957227,0.6411511474424886,-0.03117217105323411
2,sketch,50,REP,0.06364250379807557,0.026407327011599757,-0.026407327011599757,validation,False,0.8953889305073159,0.9054170796980268,0.010028149190710822,0.71171273054058,0.7321831572533568,0.020470426712776768,0.8208154578247024,0.8167242089328146,-0.004091248891887833,0.6723233184957227,0.7359658222937983,0.06364250379807557
2,sketch,50,REP2,0.02938496923418743,0.039360592432827524,-0.039360592432827524,validation,False,0.8953889305073159,0.9051940637829722,0.009805133275656241,0.71171273054058,0.7462923950288051,0.034579664488225026,0.8208154578247024,0.8157912524936487,-0.005024205331053744,0.6723233184957227,0.7017082877299101,0.02938496923418743
2,photo,100,STD,0.029603733719417935,-0.24390224303724461,0.24390224303724461,validation,False,0.8953889305073159,0.9249926642267339,0.029603733719417935,0.71171273054058,0.697632508983218,-0.014080221557361994,0.8208154578247024,0.713473877172622,-0.10734158065208044,0.6723233184957227,0.5498428776679205,-0.12248044082780218
2,photo,100,O50,0.030604257523056178,-0.32796660493425184,0.32796660493425184,validation,False,0.8953889305073159,0.9259931880303721,0.030604257523056178,0.71171273054058,0.6903359751476967,-0.021376755392883307,0.8208154578247024,0.6972656198114672,-0.12354983801323527,0.6723233184957227,0.4892833069675894,-0.18304001152813326
2,photo,100,REP,0.02486658981971246,0.013317003148240691,-0.013317003148240691,validation,False,0.8953889305073159,0.9202555203270284,0.02486658981971246,0.71171273054058,0.7423860678378641,0.030673337297284053,0.8208154578247024,0.8206026951131478,-0.00021276271155468152,0.6723233184957227,0.655179747058234,-0.01714357143748868
2,photo,100,REP2,0.029603733719417935,0.0299627095294136,-0.0299627095294136,validation,False,0.8953889305073159,0.9249926642267339,0.029603733719417935,0.71171273054058,0.7483263649042323,0.03661363436365228,0.8208154578247024,0.8122399965064806,-0.008575461318221844,0.6723233184957227,0.6742478549797059,0.0019245364839831636
2,art_painting,100,STD,0.028437088520607667,-0.2142644451528224,0.2142644451528224,validation,False,0.8953889305073159,0.9112619463803319,0.015873015873015928,0.71171273054058,0.7401498190611877,0.028437088520607667,0.8208154578247024,0.6956146419028831,-0.1252008159218193,0.6723233184957227,0.5673866733917037,-0.10493664510401901
2,art_painting,100,O50,0.020208847853026457,-0.2661208281791211,0.2661208281791211,validation,False,0.8953889305073159,0.9014097296315634,0.006020799124247467,0.71171273054058,0.7319215783936065,0.020208847853026457,0.8208154578247024,0.6593450201940695,-0.16147043763063296,0.6723233184957227,0.5616521288229871,-0.11067118967273559
2,art_painting,100,REP,0.03724562584451685,0.00543953944061526,-0.00543953944061526,validation,False,0.8953889305073159,0.9156812768365288,0.02029234632921284,0.71171273054058,0.7489583563850969,0.03724562584451685,0.8208154578247024,0.7730985934446951,-0.04771686438000733,0.6723233184957227,0.7051873759871324,0.03286405749140975
2,art_painting,100,REP2,0.02196769092513917,0.008599278984697811,-0.008599278984697811,validation,False,0.8953889305073159,0.9058290600877603,0.01044012958044438,0.71171273054058,0.7336804214657192,0.02196769092513917,0.8208154578247024,0.78095076453892,-0.03986469328578246,0.6723233184957227,0.7103471611857586,0.03802384269003589
2,cartoon,100,STD,-0.07926728454547172,-0.31619956019600215,0.31619956019600215,validation,False,0.8953889305073159,0.8119418821786532,-0.08344704832866279,0.71171273054058,0.5622201204208548,-0.14949261011972526,0.8208154578247024,0.7415481732792307,-0.07926728454547172,0.6723233184957227,0.5890634167481086,-0.0832599017476141
2,cartoon,100,O50,-0.048385341971573625,-0.2562207557426244,0.2562207557426244,validation,False,0.8953889305073159,0.8356189837200484,-0.05976994678726755,0.71171273054058,0.6092520645116224,-0.10246066602895765,0.8208154578247024,0.7724301158531288,-0.048385341971573625,0.6723233184957227,0.5783331755693235,-0.09399014292639918
2,cartoon,100,REP,-0.0279126016716168,-0.03454873089051036,0.03454873089051036,validation,False,0.8953889305073159,0.8957407953912007,0.0003518648838847227,0.71171273054058,0.7270844932807637,0.015371762740183703,0.8208154578247024,0.7929028561530856,-0.0279126016716168,0.6723233184957227,0.6220509599811439,-0.050272358514578785
2,cartoon,100,REP2,-0.06781304958938827,-0.01968631412315447,0.01968631412315447,validation,False,0.8953889305073159,0.8700155627694163,-0.025373367737899666,0.71171273054058,0.6930789938961873,-0.018633736644392718,0.8208154578247024,0.7530024082353142,-0.06781304958938827,0.6723233184957227,0.6966441087548606,0.024320790259137914
2,sketch,100,STD,-0.009671010269628577,-1.0808034685283152,1.0808034685283152,validation,False,0.8953889305073159,0.523249941905591,-0.3721389886017249,0.71171273054058,0.24234287857298878,-0.4693698519675913,0.8208154578247024,0.5815208298657035,-0.23929462795899892,0.6723233184957227,0.6626523082260941,-0.009671010269628577
2,sketch,100,O50,-0.06163006180377273,-1.2275532620389749,1.2275532620389749,validation,False,0.8953889305073159,0.4252301802993047,-0.47015875020801123,0.71171273054058,0.19798382219002852,-0.5137289083505515,0.8208154578247024,0.5771498543442904,-0.243665603480412,0.6723233184957227,0.61069325669195,-0.06163006180377273
2,sketch,100,REP,0.0848008360980198,-0.012740012422066793,0.012740012422066793,validation,False,0.8953889305073159,0.8950240335906949,-0.00036489691662100476,0.71171273054058,0.6909463061957842,-0.02076642434479581,0.8208154578247024,0.8292067666640525,0.00839130883935002,0.6723233184957227,0.7571241545937425,0.0848008360980198
2,sketch,100,REP2,0.07841856490339905,-0.01673374563529062,0.01673374563529062,validation,False,0.8953889305073159,0.8895570958577473,-0.005831834649568601,0.71171273054058,0.7279574958205528,0.01624476527997276,0.8208154578247024,0.7936687815590077,-0.02714667626569478,0.6723233184957227,0.7507418833991217,0.07841856490339905
3,photo,25,STD,0.02587510099825374,-0.2513838380679586,0.2513838380679586,validation,False,0.8954490460131649,0.9213241470114186,0.02587510099825374,0.736018528909338,0.7754511545387991,0.03943262562946104,0.8303340507180447,0.734551117399807,-0.09578293331823762,0.8076755333419083,0.6126420029627263,-0.19503353037918203
3,photo,25,O50,0.0357273177470222,-0.19691948875091658,0.19691948875091658,validation,False,0.8954490460131649,0.9311763637601871,0.0357273177470222,0.736018528909338,0.7686342722477837,0.032615743338445635,0.8303340507180447,0.7407123126623031,-0.08962173805574158,0.8076755333419083,0.6677620393082877,-0.13991349403362063
3,photo,25,REP,0.025557287554744956,-0.15509575116707186,0.15509575116707186,validation,False,0.8954490460131649,0.9210063335679098,0.025557287554744956,0.736018528909338,0.7477386607955567,0.011720131886218677,0.8303340507180447,0.7714303932897578,-0.05890365742828685,0.8076755333419083,0.6997633077169046,-0.10791222562500369
3,photo,25,REP2,0.02587510099825374,-0.31352191667275,0.31352191667275,validation,False,0.8954490460131649,0.9213241470114186,0.02587510099825374,0.736018528909338,0.7483394876672848,0.012320958757946698,0.8303340507180447,0.7274095484634567,-0.10292450225458794,0.8076755333419083,0.5847571601657996,-0.22291837317610874
3,art_painting,25,STD,0.03413482177369509,-0.09276241674155483,0.09276241674155483,validation,False,0.8954490460131649,0.9213241470114186,0.02587510099825374,0.736018528909338,0.7701533506830331,0.03413482177369509,0.8303340507180447,0.7721814171428903,-0.05815263357515432,0.8076755333419083,0.7471906491772541,-0.06048488416465425
3,art_painting,25,O50,0.05518335640095262,-0.07005840916098105,0.07005840916098105,validation,False,0.8954490460131649,0.9311763637601871,0.0357273177470222,0.736018528909338,0.7912018853102907,0.05518335640095262,0.8303340507180447,0.7725323312742024,-0.05780171944384227,0.8076755333419083,0.7596915258777474,-0.04798400746416098
3,art_painting,25,REP,0.0338562290587876,-0.08461285111202554,0.08461285111202554,validation,False,0.8954490460131649,0.9160461737531499,0.02059712773998501,0.736018528909338,0.7698747579681257,0.0338562290587876,0.8303340507180447,0.8026728708169824,-0.027661179901062316,0.8076755333419083,0.7301267343909601,-0.07754879895094824
3,art_painting,25,REP2,0.04809197834671963,-0.023501377786827593,0.023501377786827593,validation,False,0.8954490460131649,0.9361024721345713,0.04065342612140643,0.736018528909338,0.7841105072560577,0.04809197834671963,0.8303340507180447,0.800524019527378,-0.02981003119066672,0.8076755333419083,0.773330760624341,-0.03434477271756731
3,cartoon,25,STD,0.014172584369005259,-0.09321442592028262,0.09321442592028262,validation,False,0.8954490460131649,0.8702305913095679,-0.02521845470359696,0.736018528909338,0.7025572103677815,-0.03346131854155654,0.8303340507180447,0.8445066350870499,0.014172584369005259,0.8076755333419083,0.7731408806667792,-0.03453465267512912
3,cartoon,25,O50,0.0061235180329146655,-0.11996727375647598,0.11996727375647598,validation,False,0.8954490460131649,0.8699127778660593,-0.025536268147105634,0.736018528909338,0.6545349692639559,-0.08148355964538212,0.8303340507180447,0.8364575687509593,0.0061235180329146655,0.8076755333419083,0.7947280873779201,-0.012947445963988224
3,cartoon,25,REP,0.005486211045887868,0.013187255354197736,-0.013187255354197736,validation,False,0.8954490460131649,0.909909557692809,0.014460511679644128,0.736018528909338,0.758392160215749,0.0223736313064109,0.8303340507180447,0.8358202617639325,0.005486211045887868,0.8076755333419083,0.784028645710051,-0.023646887631857294
3,cartoon,25,REP2,-0.010746152559053646,0.02325477437873158,-0.02325477437873158,validation,False,0.8954490460131649,0.9303307529908516,0.034881706977686666,0.736018528909338,0.7608346559362158,0.024816127026877743,0.8303340507180447,0.819587898158991,-0.010746152559053646,0.8076755333419083,0.7712324737160755,-0.03644305962583283
3,sketch,25,STD,-0.13459389330788452,-0.5578726605867762,0.5578726605867762,validation,False,0.8954490460131649,0.7332300730679882,-0.16221897294517673,0.736018528909338,0.42122986927161543,-0.3147886596377226,0.8303340507180447,0.7494690227141678,-0.08086502800387685,0.8076755333419083,0.6730816400340238,-0.13459389330788452
3,sketch,25,O50,-0.23742876204907004,-0.4670051925710178,0.4670051925710178,validation,False,0.8954490460131649,0.7679959631095814,-0.12745308290358348,0.736018528909338,0.4813187018719507,-0.25469982703738736,0.8303340507180447,0.7454817680879977,-0.08485228263004696,0.8076755333419083,0.5702467712928383,-0.23742876204907004
3,sketch,25,REP,-0.006686234111249911,-0.042042825867495415,0.042042825867495415,validation,False,0.8954490460131649,0.8905229376387807,-0.0049261083743842304,0.736018528909338,0.7067011879378617,-0.029317340971476313,0.8303340507180447,0.8225346741964098,-0.007799376521634871,0.8076755333419083,0.8009892992306584,-0.006686234111249911
3,sketch,25,REP2,-0.04778019739891037,-0.0803038832745756,0.0803038832745756,validation,False,0.8954490460131649,0.8655745823233508,-0.029874463689814057,0.736018528909338,0.7012910741672945,-0.03472745474204353,0.8303340507180447,0.8146320858753267,-0.01570196484271802,0.8076755333419083,0.759895335942998,-0.04778019739891037
3,photo,50,STD,0.06528396799332759,-0.3533632788940705,0.3533632788940705,validation,False,0.8954490460131649,0.9607330140064925,0.06528396799332759,0.736018528909338,0.7354631247628667,-0.0005554041464713722,0.8303340507180447,0.7061771154480313,-0.12415693527001337,0.8076755333419083,0.5790245938643226,-0.22865093947758575
3,photo,50,O50,0.055431751244559235,-0.41218161113522134,0.41218161113522134,validation,False,0.8954490460131649,0.9508807972577241,0.055431751244559235,0.736018528909338,0.7338993361156979,-0.0021191927936401456,0.8303340507180447,0.7123167907977425,-0.11801725992030221,0.8076755333419083,0.5156303749206294,-0.292045158421279
3,photo,50,REP,0.030625276930695722,-0.13253532967280635,0.13253532967280635,validation,False,0.8954490460131649,0.9260743229438606,0.030625276930695722,0.736018528909338,0.7771712507993509,0.041152721890012844,0.8303340507180447,0.7756524301573364,-0.054681620560708244,0.8076755333419083,0.6886691023397974,-0.11900643100211095
3,photo,50,REP2,0.04079530712297286,-0.1850678980869852,0.1850678980869852,validation,False,0.8954490460131649,0.9362443531361377,0.04079530712297286,0.736018528909338,0.7618349355977008,0.025816406688362714,0.8303340507180447,0.7665641734390013,-0.06376987727904337,0.8076755333419083,0.6605611058456038,-0.14711442749630455
3,art_painting,50,STD,0.03729152305069705,-0.25449951311282126,0.25449951311282126,validation,False,0.8954490460131649,0.8866654559487868,-0.008783590064378122,0.736018528909338,0.7733100519600351,0.03729152305069705,0.8303340507180447,0.7280249583582634,-0.10230909235978125,0.8076755333419083,0.6642687026532464,-0.1434068306886619
3,art_painting,50,O50,0.04019163046208263,-0.3245502471385977,0.3245502471385977,validation,False,0.8954490460131649,0.8866654559487868,-0.008783590064378122,0.736018528909338,0.7762101593714207,0.04019163046208263,0.8303340507180447,0.7150319504260122,-0.11530210029203247,0.8076755333419083,0.6072109765597212,-0.2004645567821871
3,art_painting,50,REP,0.03601042407012556,-0.11524955122706737,0.11524955122706737,validation,False,0.8954490460131649,0.91147193026265,0.01602288424948517,0.736018528909338,0.7720289529794636,0.03601042407012556,0.8303340507180447,0.7642858418688675,-0.06604820884917717,0.8076755333419083,0.742451306714533,-0.06522422662737537
3,art_painting,50,REP2,0.017022121757841457,-0.152393751262082,0.152393751262082,validation,False,0.8954490460131649,0.9065458218882659,0.01109677587510105,0.736018528909338,0.7530406506671795,0.017022121757841457,0.8303340507180447,0.7684819806298508,-0.06185207008819382,0.8076755333419083,0.7060370762929191,-0.10163845704898922
3,cartoon,50,STD,0.0027789422645587702,-0.24862433029713604,0.24862433029713604,validation,False,0.8954490460131649,0.8454712004688167,-0.04997784554434814,0.736018528909338,0.6403689572189178,-0.09564957169042021,0.8303340507180447,0.8331129929826034,0.0027789422645587702,0.8076755333419083,0.7046786202795406,-0.10299691306236769
3,cartoon,50,O50,0.0013270360882228216,-0.16755622111308632,0.16755622111308632,validation,False,0.8954490460131649,0.8481995066453989,-0.04724953936776599,0.736018528909338,0.6221589866635316,-0.11385954224580641,0.8303340507180447,0.8316610868062675,0.0013270360882228216,0.8076755333419083,0.8012283938423944,-0.006447139499513921
3,cartoon,50,REP,0.00839356117468848,-0.05405595072082625,0.05405595072082625,validation,False,0.8954490460131649,0.9203026038001408,0.024853557786975955,0.736018528909338,0.7630846839914286,0.027066155082090537,0.8303340507180447,0.8387276118927331,0.00839356117468848,0.8076755333419083,0.7016998697520156,-0.10597566358989274
3,cartoon,50,REP2,-0.040807304970487346,-0.05967469362801492,0.05967469362801492,validation,False,0.8954490460131649,0.9303307529908516,0.034881706977686666,0.736018528909338,0.7545831529783948,0.01856462406905679,0.8303340507180447,0.7895267457475573,-0.040807304970487346,0.8076755333419083,0.69455450866715,-0.11312102467475837
3,sketch,50,STD,-0.14722471035542606,-1.0610382795931894,1.0610382795931894,validation,False,0.8954490460131649,0.478660421509619,-0.41678862450354587,0.736018528909338,0.2725299389197942,-0.46348858998954384,0.8303340507180447,0.649572985617945,-0.1807610651000997,0.8076755333419083,0.6604508229864823,-0.14722471035542606
3,sketch,50,O50,-0.291063421593066,-0.9981219071763243,0.9981219071763243,validation,False,0.8954490460131649,0.515827814445326,-0.3796212315678389,0.736018528909338,0.3148123507061898,-0.42120617820314826,0.8303340507180447,0.6330395533127074,-0.19729449740533722,0.8076755333419083,0.5166121117488424,-0.291063421593066
3,sketch,50,REP,-0.12953675449209734,-0.03589010074986965,0.03589010074986965,validation,False,0.8954490460131649,0.8906988700807229,-0.00475017593244198,0.736018528909338,0.7031107441667422,-0.032907784742595814,0.8303340507180447,0.8321019106432128,0.001767859925168147,0.8076755333419083,0.678138778849811,-0.12953675449209734
3,sketch,50,REP2,-0.03874902952839243,0.010032689764788105,-0.010032689764788105,validation,False,0.8954490460131649,0.9151534795107018,0.019704433497536922,0.736018528909338,0.7167284771986825,-0.019290051710655565,0.8303340507180447,0.8399523586959514,0.009618307977906748,0.8076755333419083,0.7689265038135159,-0.03874902952839243
3,photo,100,STD,0.07545399818560483,-0.46972258882008855,0.46972258882008855,validation,False,0.8954490460131649,0.9709030441987697,0.07545399818560483,0.736018528909338,0.6955575684057335,-0.04046096050360459,0.8303340507180447,0.6703164250938446,-0.16001762562420008,0.8076755333419083,0.5384315306496245,-0.2692440026922839
3,photo,100,O50,0.06574366243840268,-0.43708115614857945,0.43708115614857945,validation,False,0.8954490460131649,0.9611927084515676,0.06574366243840268,0.736018528909338,0.7262481897708023,-0.009770339138535755,0.8303340507180447,0.6851820261521578,-0.14515202456588683,0.8076755333419083,0.5255167408977515,-0.28215879244415687
3,photo,100,REP,0.07545399818560483,-0.1522412541715642,0.1522412541715642,validation,False,0.8954490460131649,0.9709030441987697,0.07545399818560483,0.736018528909338,0.7796592583092414,0.04364072939990338,0.8303340507180447,0.7748826316417871,-0.05545141907625761,0.8076755333419083,0.6672449688466984,-0.14043056449520996
3,photo,100,REP2,0.0757718116291135,-0.20716479570235946,0.20716479570235946,validation,False,0.8954490460131649,0.9712208576422784,0.0757718116291135,0.736018528909338,0.7549527692721497,0.01893424036281166,0.8303340507180447,0.7665883303146989,-0.0637457204033458,0.8076755333419083,0.645322217680083,-0.16235331566182531
3,art_painting,100,STD,0.05434606416538856,-0.35007820418604196,0.35007820418604196,validation,False,0.8954490460131649,0.9262502553858029,0.030801209372637972,0.736018528909338,0.7903645930747266,0.05434606416538856,0.8303340507180447,0.6898323995429985,-0.1405016511750462,0.8076755333419083,0.5672977709582746,-0.24037776238363373
3,art_painting,100,O50,0.05423526834142922,-0.29337657402752837,0.29337657402752837,validation,False,0.8954490460131649,0.9162221061950921,0.02077306018192726,0.736018528909338,0.7902537972507673,0.05423526834142922,0.8303340507180447,0.7002119601005765,-0.13012209061746816,0.8076755333419083,0.6236479897499209,-0.18402754359198747
3,art_painting,100,REP,0.061487050960735035,-0.10125587526753266,0.10125587526753266,validation,False,0.8954490460131649,0.9310004313182448,0.03555138530507995,0.736018528909338,0.7975055798700731,0.061487050960735035,0.8303340507180447,0.7923239711873843,-0.03801007953066038,0.8076755333419083,0.7088783522999561,-0.09879718104195223
3,art_painting,100,REP2,0.06702844531371066,-0.07466160226668928,0.07466160226668928,validation,False,0.8954490460131649,0.9508807972577241,0.055431751244559235,0.736018528909338,0.8030469742230487,0.06702844531371066,0.8303340507180447,0.7882529358123634,-0.04208111490568123,0.8076755333419083,0.719663294736341,-0.08801223860556728
3,cartoon,100,STD,-0.013764968003313172,-0.3323792405013861,0.3323792405013861,validation,False,0.8954490460131649,0.8448015221414237,-0.05064752387174121,0.736018528909338,0.60091798437102,-0.1351005445383181,0.8303340507180447,0.8165690827147315,-0.013764968003313172,0.8076755333419083,0.6610443612505815,-0.1466311720913268
3,cartoon,100,O50,-0.054345140576068096,-0.6202236056924517,0.6202236056924517,validation,False,0.8954490460131649,0.782400773358981,-0.11304827265418393,0.736018528909338,0.540637396618768,-0.19538113229057008,0.8303340507180447,0.7759889101419766,-0.054345140576068096,0.8076755333419083,0.4958813325942106,-0.31179420074769776
3,cartoon,100,REP,0.018782812674846383,-0.07410668262252584,0.07410668262252584,validation,False,0.8954490460131649,0.9152005629838141,0.019751516970649252,0.736018528909338,0.7461099443705212,0.010091415461183195,0.8303340507180447,0.849116863392891,0.018782812674846383,0.8076755333419083,0.70372591828755,-0.10394961505435829
3,cartoon,100,REP2,-0.01036677071308223,-0.057177610634024045,0.057177610634024045,validation,False,0.8954490460131649,0.9349049964813512,0.039455950468186285,0.736018528909338,0.792843605103733,0.05682507619439492,0.8303340507180447,0.8199672800049624,-0.01036677071308223,0.8076755333419083,0.6542168960453031,-0.15345863729660525
3,sketch,100,STD,-0.353155507126431,-1.429049881200862,1.429049881200862,validation,False,0.8954490460131649,0.33995721806781715,-0.5554918279453478,0.736018528909338,0.17738990332975296,-0.5586286255795851,0.8303340507180447,0.5154046230421157,-0.314929427675929,0.8076755333419083,0.4545200262154773,-0.353155507126431
3,sketch,100,O50,-0.29400572742697506,-1.4108208172124894,1.4108208172124894,validation,False,0.8954490460131649,0.3017233747648494,-0.5937256712483154,0.736018528909338,0.23572809066019704,-0.500290438249141,0.8303340507180447,0.5135293430030116,-0.3168047077150331,0.8076755333419083,0.5136698059149333,-0.29400572742697506
3,sketch,100,REP,-0.058996238330028206,-0.011764612635324467,0.011764612635324467,validation,False,0.8954490460131649,0.8902051241952719,-0.005243921817893016,0.736018528909338,0.7220255685411112,-0.013992960368226837,0.8303340507180447,0.83780632026884,0.007472269550795385,0.8076755333419083,0.7486792950118801,-0.058996238330028206
3,sketch,100,REP2,-0.07303122873527512,-0.06659724239397968,0.06659724239397968,validation,False,0.8954490460131649,0.8945302877052441,-0.000918758307920764,0.736018528909338,0.6787092999022076,-0.057309229007130424,0.8303340507180447,0.8219647956391162,-0.008369255078928495,0.8076755333419083,0.7346443046066332,-0.07303122873527512
4,photo,25,STD,0.025158339197748236,-0.23899995687572217,0.23899995687572217,validation,False,0.8607693355428934,0.8859276747406416,0.025158339197748236,0.7149590314810724,0.6915623777678254,-0.023396653713247062,0.7865132479652815,0.7115591936782816,-0.07495405428699997,0.7169114594207088,0.5762622105452336,-0.14064924887547514
4,photo,25,O50,0.044896824135660984,-0.2276242527229897,0.2276242527229897,validation,False,0.8607693355428934,0.9056661596785543,0.044896824135660984,0.7149590314810724,0.6862629534965529,-0.028696077984519563,0.7865132479652815,0.7260723933670592,-0.06044085459822235,0.7169114594207088,0.578424139280461,-0.13848732014024778
4,photo,25,REP,0.039794783319334504,-0.12496037184909636,0.12496037184909636,validation,False,0.8607693355428934,0.9005641188622279,0.039794783319334504,0.7149590314810724,0.7243428887485228,0.00938385726745039,0.7865132479652815,0.7606780823218767,-0.025835165643404823,0.7169114594207088,0.6084023959475668,-0.10850906347314193
4,photo,25,REP2,0.03469274250300802,-0.10458194516857122,0.10458194516857122,validation,False,0.8607693355428934,0.8954620780459014,0.03469274250300802,0.7149590314810724,0.7123089006371492,-0.002650130843923182,0.7865132479652815,0.7632250714128793,-0.02328817655240223,0.7169114594207088,0.638267821648463,-0.07864363777224581
4,art_painting,25,STD,0.01251734355188916,-0.008158758489205553,0.008158758489205553,validation,False,0.8607693355428934,0.9258983905019182,0.06512905495902488,0.7149590314810724,0.7274763750329616,0.01251734355188916,0.7865132479652815,0.7610740054334643,-0.025439242531817285,0.7169114594207088,0.6690628885042956,-0.04784857091641315
4,art_painting,25,O50,0.002515065128558258,-0.02840090529568129,0.02840090529568129,validation,False,0.8607693355428934,0.941170461510522,0.0804011259676286,0.7149590314810724,0.7174740966096307,0.002515065128558258,0.7865132479652815,0.7471804304986278,-0.039332817466653736,0.7169114594207088,0.6474422456240526,-0.06946921379665616
4,art_painting,25,REP,0.005068991482700125,0.07678844622176662,-0.07678844622176662,validation,False,0.8607693355428934,0.9104163356109963,0.049647000068102964,0.7149590314810724,0.7200280229637726,0.005068991482700125,0.7865132479652815,0.7868955382744696,0.0003822903091880159,0.7169114594207088,0.7436706152651844,0.026759155844475635
4,art_painting,25,REP2,-0.0020793703780238593,0.0868141980619358,-0.0868141980619358,validation,False,0.8607693355428934,0.9306485664343602,0.06987923089146686,0.7149590314810724,0.7128796611030486,-0.0020793703780238593,0.7865132479652815,0.7796061783855741,-0.006907069579707437,0.7169114594207088,0.7407534961708852,0.023842036750176376
4,cartoon,25,STD,0.014362681935577992,-0.03766290559773322,0.03766290559773322,validation,False,0.8607693355428934,0.8913475290004768,0.03057819345758339,0.7149590314810724,0.686581989440098,-0.028377042040974465,0.7865132479652815,0.8008759299008595,0.014362681935577992,0.7169114594207088,0.6770474024063666,-0.03986405701434215
4,cartoon,25,O50,0.017212248402242114,-0.07578594800946148,0.07578594800946148,validation,False,0.8607693355428934,0.9011997457492452,0.04043041020635185,0.7149590314810724,0.6749108509425652,-0.04004818053850723,0.7865132479652815,0.8037254963675237,0.017212248402242114,0.7169114594207088,0.6407432817434027,-0.0761681776773061
4,cartoon,25,REP,0.01632588722752648,0.031773484471201874,-0.031773484471201874,validation,False,0.8607693355428934,0.895286145603959,0.03451681006106566,0.7149590314810724,0.7067812535486405,-0.008177777932431907,0.7865132479652815,0.802839135192808,0.01632588722752648,0.7169114594207088,0.7223459117632769,0.005434452342568119
4,cartoon,25,REP2,0.012284360325644283,-0.0555587204288861,0.0555587204288861,validation,False,0.8607693355428934,0.8906778506730835,0.029908515130190105,0.7149590314810724,0.714989904297345,3.087281627256466e-05,0.7865132479652815,0.7987976082909258,0.012284360325644283,0.7169114594207088,0.63141335104536,-0.08549810837534877
4,sketch,25,STD,0.018055203516366247,-0.17849064419786076,0.17849064419786076,validation,False,0.8607693355428934,0.7909638827722413,-0.06980545277065209,0.7149590314810724,0.6452481521454283,-0.06971087933564413,0.7865132479652815,0.747538935873717,-0.038974312091564545,0.7169114594207088,0.734966662937075,0.018055203516366247
4,sketch,25,O50,-0.056022029841050536,-0.19078482556152532,0.19078482556152532,validation,False,0.8607693355428934,0.7712594492747044,-0.08950988626818901,0.7149590314810724,0.6535178912469327,-0.06144114023413971,0.7865132479652815,0.746679448906085,-0.039833799059196595,0.7169114594207088,0.6608894295796582,-0.056022029841050536
4,sketch,25,REP,-0.011048964278614348,-0.038761270882036736,0.038761270882036736,validation,False,0.8607693355428934,0.8512349322376336,-0.009534403305259787,0.7149590314810724,0.6862399469480344,-0.028719084533038064,0.7865132479652815,0.7860054649215427,-0.0005077830437388853,0.7169114594207088,0.7058624951420944,-0.011048964278614348
4,sketch,25,REP2,-0.10460890412631563,-0.01887156339956375,0.01887156339956375,validation,False,0.8607693355428934,0.8561950920523937,-0.004574243490499619,0.7149590314810724,0.6968736352713041,-0.018085396209768345,0.7865132479652815,0.7903013242659858,0.003788076300704213,0.7169114594207088,0.6123025552943931,-0.10460890412631563
4,photo,50,STD,0.06495312251708263,-0.4277698665630277,0.4277698665630277,validation,False,0.8607693355428934,0.925722458059976,0.06495312251708263,0.7149590314810724,0.6423001685702868,-0.0726588629107856,0.7865132479652815,0.6567152381781646,-0.12979800978711697,0.7169114594207088,0.4915984655555837,-0.2253129938651251
4,photo,50,O50,0.044896824135660984,-0.4180586996016456,0.4180586996016456,validation,False,0.8607693355428934,0.9056661596785543,0.044896824135660984,0.7149590314810724,0.646282176205083,-0.06867685527598943,0.7865132479652815,0.655460736881662,-0.1310525110836196,0.7169114594207088,0.4985821261786722,-0.21832933324203657
4,photo,50,REP,0.04436902680983412,-0.06019965136581318,0.06019965136581318,validation,False,0.8607693355428934,0.9051383623527275,0.04436902680983412,0.7149590314810724,0.7203017101197559,0.005342678638683429,0.7865132479652815,0.7634510341084434,-0.023062213856838154,0.7169114594207088,0.6744313432730503,-0.04248011614765845
4,photo,50,REP2,0.03961885087739225,0.059976555954902144,-0.059976555954902144,validation,False,0.8607693355428934,0.9003881864202856,0.03961885087739225,0.7149590314810724,0.7461969218376899,0.031237890356617504,0.7865132479652815,0.7981892577369633,0.011676009771681706,0.7169114594207088,0.7339741152473117,0.017062655826602935
4,art_painting,50,STD,0.005952348220201298,-0.25412349147143964,0.25412349147143964,validation,False,0.8607693355428934,0.8969773671426301,0.036208031599736734,0.7149590314810724,0.7209113797012737,0.005952348220201298,0.7865132479652815,0.693463046535786,-0.0930502014294955,0.7169114594207088,0.5196301377790279,-0.19728132164168088
4,art_painting,50,O50,0.006442209236377949,-0.17080698558972296,0.17080698558972296,validation,False,0.8607693355428934,0.9166818006401671,0.05591246509727377,0.7149590314810724,0.7214012407174504,0.006442209236377949,0.7865132479652815,0.7114644337833711,-0.07504881418191045,0.7169114594207088,0.5652408229156225,-0.15167063650508628
4,art_painting,50,REP,0.02188144376346568,0.021366791939674057,-0.021366791939674057,validation,False,0.8607693355428934,0.9552791083062814,0.09450977276338801,0.7149590314810724,0.7368404752445381,0.02188144376346568,0.7865132479652815,0.7773300472521624,-0.009183200713119177,0.7169114594207088,0.652951679310114,-0.06395978011059478
4,art_painting,50,REP2,-0.004278270768341974,-0.029324605176388796,0.029324605176388796,validation,False,0.8607693355428934,0.9418060883975393,0.08103675285464595,0.7149590314810724,0.7106807607127305,-0.004278270768341974,0.7865132479652815,0.7818498212634618,-0.0046634267018197395,0.7169114594207088,0.6112135280914938,-0.10569793132921501
4,cartoon,50,STD,-0.013142663823817236,-0.06314822351246718,0.06314822351246718,validation,False,0.8607693355428934,0.86587137635922,0.005102040816326592,0.7149590314810724,0.6533493785160788,-0.061609652964993655,0.7865132479652815,0.7733705841414643,-0.013142663823817236,0.7169114594207088,0.7102708480569087,-0.00664061136380012
4,cartoon,50,O50,0.0015323928915549345,-0.10578466602863634,0.10578466602863634,validation,False,0.8607693355428934,0.8607693355428934,0.0,0.7149590314810724,0.638412164680456,-0.0765468668006164,0.7865132479652815,0.7880456408568365,0.0015323928915549345,0.7169114594207088,0.6876736601926888,-0.029237799228019945
4,cartoon,50,REP,-0.006771711826629168,-0.011039081726589739,0.011039081726589739,validation,False,0.8607693355428934,0.8954620780459014,0.03469274250300802,0.7149590314810724,0.7100282831516506,-0.0049307483294218635,0.7865132479652815,0.7797415361386524,-0.006771711826629168,0.7169114594207088,0.6761103835205329,-0.0408010759001759
4,cartoon,50,REP2,-0.026471131552199934,-0.062312034390683335,0.062312034390683335,validation,False,0.8607693355428934,0.8856098612971329,0.024840525754239562,0.7149590314810724,0.6815638422363061,-0.033395189244766366,0.7865132479652815,0.7600421164130816,-0.026471131552199934,0.7169114594207088,0.6631540885205522,-0.05375737090015653
4,sketch,50,STD,-0.12389096644746989,-0.5289127729886285,0.5289127729886285,validation,False,0.8607693355428934,0.6489358779363547,-0.2118334576065387,0.7149590314810724,0.471344929066115,-0.2436141024149574,0.7865132479652815,0.7130480349981492,-0.07346521296713238,0.7169114594207088,0.5930204929732389,-0.12389096644746989
4,sketch,50,O50,-0.2039347591904116,-0.6080541962191535,0.6080541962191535,validation,False,0.8607693355428934,0.6474794949210967,-0.21328984062179668,0.7149590314810724,0.43283368737249883,-0.2821253441085736,0.7865132479652815,0.6738742364764984,-0.11263901148878319,0.7169114594207088,0.5129767002302972,-0.2039347591904116
4,sketch,50,REP,0.014267433097652216,0.002170755191809537,-0.002170755191809537,validation,False,0.8607693355428934,0.856830718939411,-0.003938616603482381,0.7149590314810724,0.707497634429986,-0.007461397051086394,0.7865132479652815,0.8000840168116599,0.013570768846378312,0.7169114594207088,0.731178892518361,0.014267433097652216
4,sketch,50,REP2,0.027153546181090005,0.018927087125058417,-0.018927087125058417,validation,False,0.8607693355428934,0.8763592199950058,0.015589884452112401,0.7149590314810724,0.7044379488861485,-0.010521082594923903,0.7865132479652815,0.8003715332331515,0.013858285267869919,0.7169114594207088,0.7440650056017988,0.027153546181090005
4,photo,100,STD,0.04539057002111202,-0.48314842083357123,0.48314842083357123,validation,False,0.8607693355428934,0.9061599055640054,0.04539057002111202,0.7149590314810724,0.5979999157486873,-0.11695911573238515,0.7865132479652815,0.6467148302049146,-0.13979841776036694,0.7169114594207088,0.49052057207988964,-0.22639088734081914
4,photo,100,O50,0.030294431454450654,-0.5670547371164187,0.5670547371164187,validation,False,0.8607693355428934,0.891063766997344,0.030294431454450654,0.7149590314810724,0.6012279536576656,-0.11373107782340686,0.7865132479652815,0.5893815969102547,-0.19713165105502684,0.7169114594207088,0.4607194511827238,-0.256192008237985
4,photo,100,REP,0.054573108442487195,-0.003914013688538387,0.003914013688538387,validation,False,0.8607693355428934,0.9153424439853806,0.054573108442487195,0.7149590314810724,0.7466578893459179,0.0316988578648455,0.7865132479652815,0.7723098576773968,-0.014203390287884754,0.7169114594207088,0.6955019781552096,-0.02140948126549913
4,photo,100,REP2,0.014636444121586378,0.08038887114370186,-0.08038887114370186,validation,False,0.8607693355428934,0.8754057796644797,0.014636444121586378,0.7149590314810724,0.7127236902890458,-0.0022353411920266186,0.7865132479652815,0.8048392850597228,0.01832603709444125,0.7169114594207088,0.781209634661996,0.06429817524128723
4,art_painting,100,STD,-0.023596712357011107,-0.3163528749979113,0.3163528749979113,validation,False,0.8607693355428934,0.8522905268892874,-0.008478808653605951,0.7149590314810724,0.6913623191240613,-0.023596712357011107,0.7865132479652815,0.6878311327533239,-0.09868211521195769,0.7169114594207088,0.5077195082883611,-0.20919195113234768
4,art_painting,100,O50,-0.030346898014374624,-0.36111085051959924,0.36111085051959924,validation,False,0.8607693355428934,0.8725227577126512,0.011753422169757832,0.7149590314810724,0.6846121334666978,-0.030346898014374624,0.7865132479652815,0.6868588649054533,-0.09965438305982821,0.7169114594207088,0.4437015697911799,-0.27320988962952886
4,art_painting,100,REP,0.023280303335656893,0.10014143078798154,-0.10014143078798154,validation,False,0.8607693355428934,0.9409945290685797,0.08022519352568636,0.7149590314810724,0.7382393348167293,0.023280303335656893,0.7865132479652815,0.7728270317601448,-0.01368621620513677,0.7169114594207088,0.7505139128881407,0.03360245346743196
4,art_painting,100,REP2,-0.005473897334362432,-0.001710800240904975,0.001710800240904975,validation,False,0.8607693355428934,0.9263921363873692,0.0656228008444758,0.7149590314810724,0.70948513414671,-0.005473897334362432,0.7865132479652815,0.7643522372258628,-0.022161010739418785,0.7169114594207088,0.6717388690747468,-0.045172590345961994
4,cartoon,100,STD,-0.02216504722307,-0.3054246718925109,0.3054246718925109,validation,False,0.8607693355428934,0.7859639962770425,-0.07480533926585087,0.7149590314810724,0.6012835583817882,-0.11367547309928427,0.7865132479652815,0.7643482007422115,-0.02216504722307,0.7169114594207088,0.599967599893333,-0.11694385952737574
4,cartoon,100,O50,0.01227946198035923,-0.16605709321776452,0.16605709321776452,validation,False,0.8607693355428934,0.8058443622165218,-0.054924973326371584,0.7149590314810724,0.604794418141392,-0.11016461333968042,0.7865132479652815,0.7987927099456408,0.01227946198035923,0.7169114594207088,0.7159439528689963,-0.0009675065517125159
4,cartoon,100,REP,0.0009072628987474296,-0.11755890844883943,0.11755890844883943,validation,False,0.8607693355428934,0.8857857937390753,0.025016458196181923,0.7149590314810724,0.683432975800392,-0.031526055680680454,0.7865132479652815,0.787420510864029,0.0009072628987474296,0.7169114594207088,0.6058621484563679,-0.1110493109643409
4,cartoon,100,REP2,-0.016666936080008354,-0.08178884222506788,0.08178884222506788,validation,False,0.8607693355428934,0.8655535629157114,0.0047842273728180285,0.7149590314810724,0.6463016749183833,-0.06865735656268912,0.7865132479652815,0.7698463118852732,-0.016666936080008354,0.7169114594207088,0.698995746385512,-0.01791571303519679
4,sketch,100,STD,-0.2416036919233464,-1.1327208443359416,1.1327208443359416,validation,False,0.8607693355428934,0.41282557688087645,-0.4479437586620169,0.7149590314810724,0.28266178719055096,-0.43229724429052147,0.7865132479652815,0.5340334065818783,-0.2524798413834033,0.7169114594207088,0.47530776749736237,-0.2416036919233464
4,sketch,100,O50,-0.12696407126463838,-1.0930112990202807,1.0930112990202807,validation,False,0.8607693355428934,0.4585616380547256,-0.40220769748816776,0.7149590314810724,0.24923824968126104,-0.46572078179981136,0.7865132479652815,0.56143042823298,-0.2250828197323016,0.7169114594207088,0.5899473881560704,-0.12696407126463838
4,sketch,100,REP,-0.09223556382569154,0.07293584342502912,-0.07293584342502912,validation,False,0.8607693355428934,0.8910297155569681,0.030260380014074717,0.7149590314810724,0.7387108249518962,0.02375179347082379,0.7865132479652815,0.8054369179054122,0.018923669940130616,0.7169114594207088,0.6246758955950172,-0.09223556382569154
4,sketch,100,REP2,-0.057548941565842116,0.08992888301816382,-0.08992888301816382,validation,False,0.8607693355428934,0.9066877028898322,0.04591836734693888,0.7149590314810724,0.7504274800717922,0.03546844859071974,0.7865132479652815,0.7950553150457867,0.0085420670805052,0.7169114594207088,0.6593625178548667,-0.057548941565842116
