scope,grouping,label_mode,budget,i,j,n,mean_gamma,std_gamma,median_gamma,min_gamma,max_gamma,fraction_positive,fraction_negative,bootstrap95_low,bootstrap95_high
pair,competence,pseudo,5,1,2,10,0.000563492063492066,0.001781918364063142,0.0,0.0,0.005634920634920659,0.1,0.0,0.0,0.0016904761904761977
pair,competence,pseudo,5,1,3,10,-0.0005414363943775702,0.0028678207118291482,0.0,-0.0056438791732909,0.0028571428571430024,0.2,0.2,-0.002233704292527816,0.0011190476190475972
pair,competence,pseudo,5,1,4,10,0.0002777777777777768,0.0008784104611578409,0.0,0.0,0.002777777777777657,0.2,0.0,0.0,0.0008333333333333081
pair,competence,pseudo,5,2,3,10,0.000826254826254802,0.0018292009614470305,0.0,0.0,0.005405405405405239,0.3,0.0,0.0,0.00194446589446581
pair,competence,pseudo,5,2,4,10,0.0005480480480480443,0.0017463989431478195,0.0,-0.002777777777777657,0.002777777777777879,0.3,0.1,-0.0005555555555555092,0.001388888888888873
pair,competence,pseudo,5,3,4,10,0.0002702702702702564,0.001563693649831383,0.0,-0.002777777777777657,0.002777777777777657,0.2,0.1,-0.0005555555555555314,0.0011036036036035535
pair,competence,pseudo,10,1,2,10,-0.00021374315491964335,0.0020632469781633528,0.0,-0.005480480480480554,0.002941176470588225,0.3,0.2,-0.0016039568980745769,0.0008986928104574692
pair,competence,pseudo,10,1,3,10,-0.0013990461049284476,0.0029760689268558474,0.0,-0.008183183183183229,0.002777777777777657,0.1,0.4,-0.0031117845786963177,0.00024509803921567483
pair,competence,pseudo,10,1,4,10,-0.0002539304009892551,0.001554109835729928,0.0,-0.002777777777777879,0.002702702702702564,0.2,0.2,-0.0011036036036036311,0.0005882352941176006
pair,competence,pseudo,10,2,3,10,0.00031617331617330715,0.0024388244042904674,0.0,-0.002702702702702675,0.005634920634920437,0.3,0.3,-0.0010735735735735497,0.0017209352209351717
pair,competence,pseudo,10,2,4,10,4.6798899740008173e-05,0.0029310794649606226,0.0,-0.005405405405405461,0.005634920634920437,0.3,0.3,-0.0016216216216216395,0.0017400607540312295
pair,competence,pseudo,10,3,4,10,-0.0008271506800918927,0.001869004239805048,0.0,-0.002941176470588225,0.002777777777777657,0.1,0.4,-0.001915739268680483,0.00028528528528526387
pair,competence,pseudo,20,1,2,10,-0.0019453402982814948,0.0036920919358596964,-0.001351351351351393,-0.008183183183183007,0.002777777777777657,0.3,0.5,-0.0041461011431599675,7.507507507465427e-06
pair,competence,pseudo,20,1,3,10,-8.403361344555549e-06,0.003225205082895163,5.551115123125783e-17,-0.005718954248365882,0.005555555555555536,0.5,0.3,-0.0019543710727534217,0.0019298584298583778
pair,competence,pseudo,20,1,4,10,-0.002478335478335492,0.004855592147952444,0.0,-0.014056577585989327,0.002777777777777657,0.2,0.4,-0.005349821460115572,7.507507507475975e-06
pair,competence,pseudo,20,2,3,10,-0.0002548262548262681,0.0015521378731515759,0.0,-0.002702702702702786,0.002777777777777768,0.2,0.3,-0.0010810810810811034,0.0005868725868725669
pair,competence,pseudo,20,2,4,10,-0.0005246296716884813,0.0025824026085943344,0.0,-0.0027820677820676876,0.005718954248366104,0.1,0.4,-0.0019077649077648418,0.0011672092260327839
pair,competence,pseudo,20,3,4,10,0.0002610089080677724,0.002446321732243771,0.0,-0.002941176470588225,0.005555555555555536,0.3,0.3,-0.0010810810810809818,0.0019201680672268802
pair,competence,pseudo,40,1,2,10,-0.0002782446311857978,0.004207919000180198,-5.551115123125783e-17,-0.008258258258258433,0.005634920634920437,0.4,0.5,-0.002808604928457811,0.0022002678098266113
pair,competence,pseudo,40,1,3,10,-0.00196078431372535,0.004332723591141603,-0.0013867438867437576,-0.008496732026143539,0.005405405405405461,0.2,0.6,-0.004479065725389072,0.0005246889746890928
pair,competence,pseudo,40,1,4,10,0.000811277664218868,0.005475677902937773,0.0027027027027027306,-0.01135816488757646,0.008421656951068668,0.6,0.3,-0.002819401859842958,0.0038616962550786223
pair,competence,pseudo,40,2,3,10,-0.00021553486259362487,0.002392418587760323,1.1102230246251565e-16,-0.002777777777777768,0.0028571428571427804,0.5,0.4,-0.0015823302293889398,0.0011499463749463975
pair,competence,pseudo,40,2,4,10,-0.0008183183183182896,0.004147266301630066,-3.7537537537546406e-05,-0.008337623337623334,0.005634920634920437,0.4,0.5,-0.003337194021752841,0.0016442832538420549
pair,competence,pseudo,40,3,4,10,-0.00028614328614327,0.003598728670617653,0.0,-0.008416988416988236,0.002941176470588225,0.4,0.3,-0.0025584191334190915,0.0016847067655891498
pair,competence,true,5,1,2,10,0.0005555555555555758,0.0011712139482105536,0.0,0.0,0.002777777777777879,0.2,0.0,0.0,0.0013888888888889395
pair,competence,true,5,1,3,10,6.182653241493252e-06,0.0026041468093433075,0.0,-0.005405405405405461,0.0028571428571430024,0.3,0.3,-0.0016066290029525133,0.0013959295429883621
pair,competence,true,5,1,4,10,0.0008333333333333526,0.0013417941431656942,0.0,0.0,0.002777777777777879,0.4,0.0,4.4408920985006264e-17,0.001666666666666683
pair,competence,true,5,2,3,10,0.0008183183183182896,0.001832969911814243,0.0,0.0,0.005405405405405239,0.2,0.0,0.0,0.002177177177177103
pair,competence,true,5,2,4,10,0.0005480480480480443,0.0017463989431478195,0.0,-0.002777777777777657,0.002777777777777879,0.3,0.1,-0.0005555555555555314,0.0016366366366365793
pair,competence,true,5,3,4,10,0.0005480480480480221,0.0017463989431477883,0.0,-0.002777777777777657,0.002777777777777657,0.3,0.1,-0.0005555555555555314,0.0016441441441440662
pair,competence,true,10,1,2,10,0.0014467408585055463,0.001999071106061908,8.169934640517296e-05,0.0,0.005643879173290789,0.5,0.0,0.00032679738562089165,0.0025993640699522704
pair,competence,true,10,1,3,10,7.507507507498179e-06,0.0018144264919929768,0.0,-0.002702702702702675,0.002777777777777657,0.2,0.2,-0.0010810810810810366,0.0010960960960960443
pair,competence,true,10,1,4,10,0.0003179650238473664,0.0009247444815376314,0.0,0.0,0.002941176470588225,0.2,0.0,0.0,0.0009062003179650113
pair,competence,true,10,2,3,10,0.0005785070785071178,0.0021967631165430357,0.0,-0.002702702702702675,0.005634920634920437,0.4,0.1,-0.0005330330330330041,0.0019757614757614727
pair,competence,true,10,2,4,10,0.0014295051353874321,0.0023996992557310764,0.0,-2.220446049250313e-16,0.0056438791732909,0.4,0.1,2.2522522522493426e-05,0.0031124738183560654
pair,competence,true,10,3,4,10,-0.0008271506800918815,0.001869004239805036,0.0,-0.002941176470588225,0.002777777777777657,0.1,0.4,-0.0019395866454690158,0.0002927927927927398
pair,competence,true,20,1,2,10,-0.0016688873747697564,0.0026782818412600484,-0.0013513513513513375,-0.005639589169000869,0.002777777777777657,0.1,0.6,-0.003090504580210486,-1.6339869281112306e-05
pair,competence,true,20,1,3,10,0.0014131652661064753,0.002697737303172033,0.002702702702702675,-0.002777777777777657,0.005634920634920881,0.7,0.2,-0.0002548369798368938,0.0028245612208848605
pair,competence,true,20,1,4,10,-0.00023891538597419214,0.0027603092827064185,-1.1102230246251565e-16,-0.002777777777777435,0.005555555555555536,0.2,0.5,-0.0016441441441439899,0.0016905140434551609
pair,competence,true,20,2,3,10,0.0005794029323441085,0.0021990366851141895,0.0,-0.0027820677820677986,0.002941176470588114,0.4,0.2,-0.0007948999419587377,0.0017315592903828115
pair,competence,true,20,2,4,10,0.0005869104398515956,0.0028657422039025603,0.0,-0.005405405405405461,0.005718954248366104,0.4,0.2,-0.0010810810810811145,0.0022712418300653513
pair,competence,true,20,3,4,10,0.000301625154566354,0.0020843667371764573,0.0,-0.002702702702702564,0.005718954248366104,0.1,0.1,-0.0008108108108107692,0.0017156862745098312
pair,competence,true,40,1,2,10,-0.0011446867035102004,0.00444022988191153,1.1102230246251565e-16,-0.008421656951068779,0.005634920634920659,0.5,0.4,-0.003702259507406564,0.0013804962525551417
pair,competence,true,40,1,3,10,-0.0014127362656773835,0.003251274681727232,-0.002777777777777768,-0.005480480480480554,0.005405405405405461,0.2,0.7,-0.00308820911247372,0.0005171221641810945
pair,competence,true,40,1,4,10,-0.0008514649102884797,0.0037865299107584056,-0.001351351351351393,-0.005643879173290789,0.008492063492063329,0.1,0.6,-0.0028294470941529707,0.0014283184444948728
pair,competence,true,40,2,3,10,-0.002144068438186064,0.0028309501464830384,-0.0012299694652634918,-0.008183183183183229,0.00016339869281045694,0.1,0.5,-0.004043038837156444,-0.0007130400358341043
pair,competence,true,40,2,4,10,0.0008969011027834429,0.003265009293986307,0.0,-0.002702702702702675,0.008567138567138533,0.4,0.3,-0.000787151121709945,0.003105705390264179
pair,competence,true,40,3,4,10,-0.0007785979256567432,0.002694981022235118,-0.001351351351351282,-0.002941176470588225,0.005714285714285672,0.3,0.5,-0.002184872372372365,0.0009658417871652531
pair,random,pseudo,5,1,2,10,7.93650793651235e-06,2.5097441747382042e-05,0.0,0.0,7.936507936512349e-05,0.1,0.0,0.0,2.3809523809537048e-05
pair,random,pseudo,5,1,3,10,0.0002777777777777768,0.0008784104611578409,0.0,0.0,0.002777777777777657,0.2,0.0,0.0,0.0008333333333333193
pair,random,pseudo,5,1,4,10,0.00028571428571428915,0.0009035079029052229,0.0,0.0,0.0028571428571427804,0.2,0.0,0.0,0.0008571428571428452
pair,random,pseudo,5,2,3,10,-0.0008333333333333193,0.002635231383473605,0.0,-0.008333333333333193,0.0,0.0,0.1,-0.002499999999999958,0.0
pair,random,pseudo,5,2,4,10,3.2679738562091384e-05,0.0026968210504284555,0.0,-0.005555555555555536,0.00588235294117645,0.1,0.1,-0.0016666666666666607,0.001764705882352935
pair,random,pseudo,5,3,4,10,-0.000563492063492077,0.0017819183640631771,0.0,-0.00563492063492077,0.0,0.0,0.1,-0.0016904761904762311,0.0
pair,random,pseudo,10,1,2,10,-0.0011124359653771232,0.0026324450954803603,0.0,-0.005480480480480443,0.002777777777777657,0.1,0.4,-0.0027415650945062375,0.0002614379084967089
pair,random,pseudo,10,1,3,10,-0.0011119691119691132,0.0032770199942095198,-1.1102230246251565e-16,-0.008416988416988236,0.002777777777777879,0.2,0.5,-0.0030806520806520247,0.0005705705705704838
pair,random,pseudo,10,1,4,10,-0.0005476190476190523,0.00117565732763049,0.0,-0.002777777777777657,7.936507936501247e-05,0.1,0.3,-0.0013809523809523278,1.587301587298029e-05
pair,random,pseudo,10,2,3,10,-0.00026276276276276933,0.003292336650733422,0.0,-0.005480480480480443,0.005555555555555314,0.3,0.4,-0.002162537537537536,0.0016666666666666052
pair,random,pseudo,10,2,4,10,-0.0005242006712595559,0.0017296828127041546,0.0,-0.002777777777777879,0.0028571428571425583,0.1,0.4,-0.0015418325888914592,0.0005555555555554869
pair,random,pseudo,10,3,4,10,1.544401544402163e-05,0.0026302157840133902,0.0,-0.002777777777777879,0.005634920634920548,0.2,0.4,-0.0013743028743028575,0.00169841269841271
pair,random,pseudo,20,1,2,10,0.0005405405405405461,0.004268824211712476,0.0,-0.008258258258258322,0.008337623337623556,0.4,0.4,-0.0019519626769627157,0.0030180180180180765
pair,random,pseudo,20,1,3,10,0.0008576097105509218,0.005056922168122335,5.551115123125783e-17,-0.005480480480480443,0.011199434728846658,0.5,0.3,-0.0019069069069068691,0.004186085244908834
pair,random,pseudo,20,1,4,10,0.0004985615867969418,0.004361191707343029,0.0013888888888889395,-0.008421656951068668,0.005634920634920437,0.5,0.4,-0.002051295518207205,0.0030321479042067943
pair,random,pseudo,20,2,3,10,-0.0011437529966941474,0.004601192498558863,-0.0013513513513513375,-0.011278799808211781,0.005480480480480554,0.4,0.5,-0.0039630050218286035,0.0013429858429859231
pair,random,pseudo,20,2,4,10,-0.0011433239962651554,0.004437563448909524,-3.968253968261726e-05,-0.011353874883286652,0.005480480480480554,0.2,0.5,-0.003962752984076538,0.0013506917631917758
pair,random,pseudo,20,3,4,10,-0.0002473187473187255,0.00420339720345356,5.551115123125783e-17,-0.005480480480480665,0.008337623337623334,0.5,0.4,-0.002454954954954969,0.0022387012012012584
pair,random,pseudo,40,1,2,10,-0.00280337900926132,0.005256970079952937,-0.0013888888888888284,-0.011362833421656893,0.002777777777777879,0.3,0.6,-0.005924910730057771,1.3116688116680742e-05
pair,random,pseudo,40,1,3,10,-0.0013187094657682642,0.004151037278845469,-0.002658540893834993,-0.008258258258258322,0.0055598455598456775,0.4,0.6,-0.0037794395235571723,0.0011591970121382358
pair,random,pseudo,40,1,4,10,-0.002224442930325221,0.004061135125720128,-0.0027402402402402215,-0.008333333333333193,0.005555555555555647,0.1,0.8,-0.004657448204506999,0.000269396812779245
pair,random,pseudo,40,2,3,10,-0.0016591591591591293,0.004405188915222032,0.0,-0.008571807101218853,0.0055598455598454555,0.3,0.4,-0.004160017160017116,0.0008576097105508995
pair,random,pseudo,40,2,4,10,0.0011512983571807633,0.004324028845646665,5.551115123125783e-17,-0.005321371791960017,0.008412698412698427,0.5,0.2,-0.0013009535796299752,0.0038912701567114204
pair,random,pseudo,40,3,4,10,5.426855426862165e-05,0.004120071417699474,0.0,-0.005392156862744968,0.008337623337623445,0.4,0.4,-0.0019457399626516651,0.002600281058369369
pair,random,true,5,1,2,10,0.0002936507936507904,0.0009010645701260046,0.0,0.0,0.0028571428571427804,0.2,0.0,0.0,0.0008650793650793465
pair,random,true,5,1,3,10,0.0005555555555555424,0.0011712139482104834,0.0,0.0,0.002777777777777768,0.2,0.0,0.0,0.0013888888888888506
pair,random,true,5,1,4,10,0.00028571428571428915,0.0009035079029052229,0.0,0.0,0.0028571428571427804,0.2,0.0,0.0,0.0008571428571428452
pair,random,true,5,2,3,10,-0.0010960960960960998,0.002638734331991518,0.0,-0.008183183183183118,0.0,0.0,0.2,-0.0027327327327327233,0.0
pair,random,true,5,2,4,10,3.2679738562091384e-05,0.0026968210504284555,0.0,-0.005555555555555536,0.00588235294117645,0.1,0.1,-0.0016666666666666607,0.001764705882352935
pair,random,true,5,3,4,10,-0.0002777777777777879,0.0008784104611579152,0.0,-0.002777777777777879,0.0,0.0,0.1,-0.0008333333333333636,0.0
pair,random,true,10,1,2,10,-0.0008187473187472816,0.0031975508356435066,0.0,-0.00826254826254802,0.002777777777777879,0.2,0.3,-0.002749034749034651,0.0008333333333333636
pair,random,true,10,1,3,10,-0.0008262548262547908,0.0026390804823166218,0.0,-0.00563492063492077,0.002777777777777879,0.2,0.4,-0.0022387119262119513,0.0005705705705705725
pair,random,true,10,1,4,10,1.6339869281034593e-05,0.0018795979849723537,0.0,-0.002777777777777879,0.002941176470588225,0.2,0.3,-0.0011111111111111293,0.0011437908496732207
pair,random,true,10,2,3,10,-0.001111969111969091,0.0035216222229354902,-0.0013513513513513375,-0.005634920634920548,0.005555555555555314,0.2,0.5,-0.0030652080652079808,0.0011027456027455475
pair,random,true,10,2,4,10,8.83236177352531e-06,0.002302485859574562,0.0,-0.0028571428571427804,0.002941176470588225,0.3,0.3,-0.001389075630252095,0.0014065274307920631
pair,random,true,10,3,4,10,-0.00026233376233374405,0.002455776526873513,0.0,-0.002932217932217873,0.005634920634920548,0.2,0.3,-0.0016445731445730923,0.0013974528099528
pair,random,true,20,1,2,10,-0.0011119691119691132,0.003968846434168062,-0.0013513513513515596,-0.005634920634920659,0.008337623337623556,0.1,0.6,-0.0030964821964822643,0.0013972651222651242
pair,random,true,20,1,3,10,-0.000518018018017996,0.0033821385892766026,-0.001351351351351282,-0.005484770484770363,0.005555555555555647,0.3,0.5,-0.0024491634491634055,0.0016520377520377624
pair,random,true,20,1,4,10,-0.0010735735735735608,0.004392217262796946,-0.0012321144674086182,-0.011119691119691022,0.0028571428571431134,0.4,0.5,-0.003869128056628019,0.0012406976304034376
pair,random,true,20,2,3,10,-0.0005705327175915432,0.0017815729982222433,0.0,-0.0028571428571430024,0.002702702702702564,0.3,0.4,-0.0016979458450046448,0.0005405405405405353
pair,random,true,20,2,4,10,7.078507078517316e-06,0.0026298848055103068,0.0,-0.0028571428571427804,0.00563492063492077,0.2,0.4,-0.0013901758901758822,0.0016979836979837514
pair,random,true,20,3,4,10,-0.000540540540540535,0.0025019518913780296,0.0,-0.00540540540540535,0.002777777777777768,0.2,0.4,-0.00190690690690688,0.0008258258258258211
pair,random,true,40,1,2,10,-0.0005723244252655357,0.005215350068393991,1.6653345369377348e-16,-0.00849673202614376,0.00818318318318334,0.5,0.5,-0.003440403323491521,0.002453663222045659
pair,random,true,40,1,3,10,0.0008324374794963397,0.006519459165991462,0.0,-0.01104928457869625,0.01104032604032612,0.4,0.3,-0.003315214374037834,0.004685971685971724
pair,random,true,40,1,4,10,0.001683006535947773,0.0022819760159673804,0.00023847376788560526,0.0,0.005555555555555647,0.6,0.0,0.0005385728165140657,0.0030728020036843956
pair,random,true,40,2,3,10,-0.0016534433593256791,0.005024786946830259,-0.0012696520049461646,-0.011362833421656893,0.0055598455598455665,0.4,0.5,-0.004773457806546003,0.0011737675700910812
pair,random,true,40,2,4,10,-0.0005184848714259837,0.005051643477076048,0.0,-0.010965250965250695,0.008567138567138644,0.4,0.4,-0.003592096297978587,0.002315480606657174
pair,random,true,40,3,4,10,-0.0007870012870012433,0.005100998243897499,0.0,-0.011036036036035868,0.00563492063492077,0.4,0.4,-0.004097324740706982,0.001975317018699388
global_primary,competence,pseudo,5,all,all,60,0.0003240677652442292,0.0018422926296935648,0.0,-0.0056438791732909,0.005634920634920659,0.21666666666666667,0.06666666666666667,-0.0001489200860524375,0.0007822796010295798
global_primary,competence,pseudo,10,all,all,60,-0.0003884830208359872,0.002334475090374243,0.0,-0.008183183183183229,0.005634920634920437,0.21666666666666667,0.3,-0.0009868773184949795,0.00017280710332178196
global_primary,competence,pseudo,20,all,all,60,-0.0008250876927347532,0.0032587735115203135,0.0,-0.014056577585989327,0.005718954248366104,0.26666666666666666,0.36666666666666664,-0.0016802488938518416,-3.7645681395691074e-05
global_primary,competence,pseudo,40,all,all,60,-0.00045795795795791074,0.0040384319655823,0.0,-0.01135816488757646,0.008421656951068668,0.4166666666666667,0.43333333333333335,-0.0014617108705343314,0.0004928997274585952
