seed,grouping,label_mode,budget,competence,classes,requested_examples,actual_examples,transfer_indices
0,competence,pseudo,5,1,"[1,2,6,8]",5,5,"[476,1092,1185,1264,1462]"
0,competence,pseudo,5,2,[7],5,5,"[191,963,1036,1348,1422]"
0,competence,pseudo,5,3,"[3,4,5,9]",5,5,"[100,162,231,339,1567]"
0,competence,pseudo,5,4,[0],5,5,"[642,718,772,1388,1715]"
0,competence,pseudo,10,1,"[1,2,6,8]",10,10,"[90,205,277,284,436,1014,1123,1353,1394,1648]"
0,competence,pseudo,10,2,[7],10,10,"[52,86,147,240,263,1019,1036,1269,1348,1674]"
0,competence,pseudo,10,3,"[3,4,5,9]",10,10,"[771,1116,1118,1147,1328,1444,1520,1562,1606,1611]"
0,competence,pseudo,10,4,[0],10,10,"[209,305,694,772,855,902,1106,1323,1388,1715]"
0,competence,pseudo,20,1,"[1,2,6,8]",20,20,"[8,218,258,298,310,482,538,846,906,1123,1175,1410,1436,1437,1462,1495,1529,1585,1596,1619]"
0,competence,pseudo,20,2,[7],20,20,"[27,147,299,403,438,472,690,698,870,1019,1036,1073,1139,1164,1238,1269,1348,1422,1467,1653]"
0,competence,pseudo,20,3,"[3,4,5,9]",20,20,"[45,68,190,239,318,377,506,539,605,677,710,896,938,988,1350,1397,1520,1611,1772,1788]"
0,competence,pseudo,20,4,[0],20,20,"[30,49,126,130,209,286,564,642,854,902,915,974,980,1106,1323,1487,1579,1677,1687,1716]"
0,competence,pseudo,40,1,"[1,2,6,8]",40,40,"[106,123,129,164,170,284,360,388,538,556,728,792,829,846,906,907,911,1014,1123,1175,1185,1237,1264,1271,1273,1299,1308,1315,1321,1353,1372,1436,1462,1495,1530,1648,1666,1669,1725,1734]"
0,competence,pseudo,40,2,[7],40,36,"[17,27,52,86,147,191,240,263,299,403,438,472,560,690,698,820,870,894,963,1009,1019,1036,1073,1121,1139,1164,1238,1269,1348,1422,1442,1467,1653,1674,1748,1779]"
0,competence,pseudo,40,3,"[3,4,5,9]",40,40,"[4,189,190,231,246,339,361,381,506,521,539,633,946,990,1116,1118,1136,1194,1202,1216,1221,1254,1278,1282,1347,1424,1440,1444,1518,1554,1568,1584,1617,1650,1671,1704,1706,1738,1741,1778]"
0,competence,pseudo,40,4,[0],40,36,"[30,49,126,130,140,185,202,209,286,305,328,334,386,564,642,694,718,772,854,855,902,915,974,980,1025,1106,1235,1323,1388,1487,1555,1579,1677,1687,1715,1716]"
0,competence,true,5,1,"[1,2,6,8]",5,5,"[476,1092,1185,1264,1462]"
0,competence,true,5,2,[7],5,5,"[191,963,1036,1348,1422]"
0,competence,true,5,3,"[3,4,5,9]",5,5,"[100,162,231,339,1567]"
0,competence,true,5,4,[0],5,5,"[642,718,772,1388,1715]"
0,competence,true,10,1,"[1,2,6,8]",10,10,"[90,205,277,284,436,1014,1123,1353,1394,1648]"
0,competence,true,10,2,[7],10,10,"[52,86,147,240,263,1019,1036,1269,1348,1674]"
0,competence,true,10,3,"[3,4,5,9]",10,10,"[771,1116,1118,1147,1328,1444,1520,1562,1606,1611]"
0,competence,true,10,4,[0],10,10,"[209,305,694,772,855,902,1106,1323,1388,1715]"
0,competence,true,20,1,"[1,2,6,8]",20,20,"[8,218,258,298,310,482,538,846,906,1123,1175,1410,1436,1437,1462,1495,1529,1585,1596,1619]"
0,competence,true,20,2,[7],20,20,"[27,147,299,403,438,472,690,698,870,1019,1036,1073,1139,1164,1238,1269,1348,1422,1467,1653]"
0,competence,true,20,3,"[3,4,5,9]",20,20,"[45,68,190,239,318,377,506,539,605,677,710,896,938,988,1350,1397,1520,1611,1772,1788]"
0,competence,true,20,4,[0],20,20,"[30,49,126,130,209,286,564,642,854,902,915,974,980,1106,1323,1487,1579,1677,1687,1716]"
0,competence,true,40,1,"[1,2,6,8]",40,40,"[106,123,129,164,170,284,360,388,538,556,728,792,829,846,906,907,911,1014,1123,1175,1185,1237,1264,1271,1273,1299,1308,1315,1321,1353,1372,1436,1462,1495,1530,1648,1666,1669,1725,1734]"
0,competence,true,40,2,[7],40,36,"[17,27,52,86,147,191,240,263,299,403,438,472,560,690,698,820,870,894,963,1009,1019,1036,1073,1121,1139,1164,1238,1269,1348,1422,1442,1467,1653,1674,1748,1779]"
0,competence,true,40,3,"[3,4,5,9]",40,40,"[4,189,190,231,246,339,361,381,506,521,539,633,946,990,1116,1118,1136,1194,1202,1216,1221,1254,1278,1282,1347,1424,1440,1444,1518,1554,1568,1584,1617,1650,1671,1704,1706,1738,1741,1778]"
0,competence,true,40,4,[0],40,36,"[30,49,126,130,140,185,202,209,286,305,328,334,386,564,642,694,718,772,854,855,902,915,974,980,1025,1106,1235,1323,1388,1487,1555,1579,1677,1687,1715,1716]"
0,random,pseudo,5,1,"[0,4,6,9]",5,5,"[514,650,1005,1060,1194]"
0,random,pseudo,5,2,[3],5,5,"[749,964,1216,1332,1518]"
0,random,pseudo,5,3,"[1,2,5,8]",5,5,"[57,123,170,227,1741]"
0,random,pseudo,5,4,[7],5,5,"[698,870,894,1348,1748]"
0,random,pseudo,10,1,"[0,4,6,9]",10,10,"[100,209,282,290,381,924,1023,1092,1328,1562]"
0,random,pseudo,10,2,[3],10,10,"[189,190,231,339,389,1052,1240,1347,1350,1566]"
0,random,pseudo,10,3,"[1,2,5,8]",10,10,"[204,556,702,778,781,890,1264,1440,1530,1617]"
0,random,pseudo,10,4,[7],10,10,"[263,403,820,894,1009,1019,1164,1269,1348,1748]"
0,random,pseudo,20,1,"[0,4,6,9]",20,20,"[30,247,280,320,323,490,608,772,854,1060,1106,1239,1278,1424,1487,1515,1520,1561,1608,1671]"
0,random,pseudo,20,2,[3],20,20,"[231,446,539,576,605,619,649,749,964,1052,1090,1116,1202,1216,1240,1332,1347,1350,1478,1518]"
0,random,pseudo,20,3,"[1,2,5,8]",20,20,"[46,57,138,186,227,440,476,657,721,766,930,1136,1192,1295,1420,1466,1472,1617,1637,1648]"
0,random,pseudo,20,4,[7],20,20,"[17,27,52,86,263,299,690,698,963,1019,1036,1073,1121,1164,1269,1422,1467,1653,1674,1779]"
0,random,pseudo,40,1,"[0,4,6,9]",40,40,"[106,130,140,164,185,275,290,361,377,514,608,627,710,718,728,772,854,902,911,931,974,1005,1023,1096,1137,1221,1235,1239,1254,1262,1278,1282,1555,1562,1677,1687,1704,1716,1778,1788]"
0,random,pseudo,40,2,[3],40,37,"[45,63,189,190,231,318,339,389,446,539,576,605,614,619,649,708,749,867,964,990,1052,1090,1116,1118,1125,1180,1202,1216,1240,1332,1347,1350,1478,1518,1566,1606,1750]"
0,random,pseudo,40,3,"[1,2,5,8]",40,40,"[1,129,138,170,204,258,277,307,388,436,476,556,693,778,846,987,1014,1051,1081,1175,1189,1192,1242,1264,1271,1295,1299,1308,1315,1420,1530,1585,1596,1619,1650,1666,1669,1707,1709,1741]"
0,random,pseudo,40,4,[7],40,36,"[17,27,52,86,147,191,240,263,299,403,438,472,560,690,698,820,870,894,963,1009,1019,1036,1073,1121,1139,1164,1238,1269,1348,1422,1442,1467,1653,1674,1748,1779]"
0,random,true,5,1,"[0,4,6,9]",5,5,"[514,650,1005,1060,1194]"
0,random,true,5,2,[3],5,5,"[749,964,1216,1332,1518]"
0,random,true,5,3,"[1,2,5,8]",5,5,"[57,123,170,227,1741]"
0,random,true,5,4,[7],5,5,"[698,870,894,1348,1748]"
0,random,true,10,1,"[0,4,6,9]",10,10,"[100,209,282,290,381,924,1023,1092,1328,1562]"
0,random,true,10,2,[3],10,10,"[189,190,231,339,389,1052,1240,1347,1350,1566]"
0,random,true,10,3,"[1,2,5,8]",10,10,"[204,556,702,778,781,890,1264,1440,1530,1617]"
0,random,true,10,4,[7],10,10,"[263,403,820,894,1009,1019,1164,1269,1348,1748]"
0,random,true,20,1,"[0,4,6,9]",20,20,"[30,247,280,320,323,490,608,772,854,1060,1106,1239,1278,1424,1487,1515,1520,1561,1608,1671]"
0,random,true,20,2,[3],20,20,"[231,446,539,576,605,619,649,749,964,1052,1090,1116,1202,1216,1240,1332,1347,1350,1478,1518]"
0,random,true,20,3,"[1,2,5,8]",20,20,"[46,57,138,186,227,440,476,657,721,766,930,1136,1192,1295,1420,1466,1472,1617,1637,1648]"
0,random,true,20,4,[7],20,20,"[17,27,52,86,263,299,690,698,963,1019,1036,1073,1121,1164,1269,1422,1467,1653,1674,1779]"
0,random,true,40,1,"[0,4,6,9]",40,40,"[106,130,140,164,185,275,290,361,377,514,608,627,710,718,728,772,854,902,911,931,974,1005,1023,1096,1137,1221,1235,1239,1254,1262,1278,1282,1555,1562,1677,1687,1704,1716,1778,1788]"
0,random,true,40,2,[3],40,37,"[45,63,189,190,231,318,339,389,446,539,576,605,614,619,649,708,749,867,964,990,1052,1090,1116,1118,1125,1180,1202,1216,1240,1332,1347,1350,1478,1518,1566,1606,1750]"
0,random,true,40,3,"[1,2,5,8]",40,40,"[1,129,138,170,204,258,277,307,388,436,476,556,693,778,846,987,1014,1051,1081,1175,1189,1192,1242,1264,1271,1295,1299,1308,1315,1420,1530,1585,1596,1619,1650,1666,1669,1707,1709,1741]"
0,random,true,40,4,[7],40,36,"[17,27,52,86,147,191,240,263,299,403,438,472,560,690,698,820,870,894,963,1009,1019,1036,1073,1121,1139,1164,1238,1269,1348,1422,1442,1467,1653,1674,1748,1779]"
1,competence,pseudo,5,1,"[1,2,4,5,7,8,9]",5,5,"[183,428,934,1075,1766]"
1,competence,pseudo,5,2,[6],5,5,"[522,620,871,1449,1519]"
1,competence,pseudo,5,3,[3],5,5,"[605,874,1032,1074,1118]"
1,competence,pseudo,5,4,[0],5,5,"[266,564,617,1323,1413]"
1,competence,pseudo,10,1,"[1,2,4,5,7,8,9]",10,10,"[317,337,527,570,1048,1111,1288,1291,1721,1766]"
1,competence,pseudo,10,2,[6],10,10,"[195,351,713,871,996,1122,1222,1354,1609,1683]"
1,competence,pseudo,10,3,[3],10,10,"[269,605,614,999,1032,1074,1118,1217,1349,1385]"
1,competence,pseudo,10,4,[0],10,10,"[202,209,564,701,981,1099,1366,1388,1687,1715]"
1,competence,pseudo,20,1,"[1,2,4,5,7,8,9]",20,20,"[27,167,230,258,454,733,755,794,817,844,893,1070,1121,1181,1288,1363,1440,1571,1622,1684]"
1,competence,pseudo,20,2,[6],20,20,"[88,106,188,195,351,420,550,704,713,728,996,1122,1173,1222,1449,1482,1519,1629,1725,1733]"
1,competence,pseudo,20,3,[3],20,20,"[133,189,269,318,389,469,599,605,614,705,821,1042,1087,1118,1217,1346,1385,1477,1605,1670]"
1,competence,pseudo,20,4,[0],20,20,"[0,185,266,382,564,666,694,701,981,1025,1049,1099,1187,1206,1359,1388,1413,1687,1697,1703]"
1,competence,pseudo,40,1,"[1,2,4,5,7,8,9]",40,40,"[8,76,108,113,125,151,312,324,371,375,461,570,733,868,887,1013,1015,1022,1070,1088,1113,1121,1144,1175,1192,1214,1231,1272,1275,1276,1279,1280,1291,1322,1324,1337,1584,1600,1740,1760]"
1,competence,pseudo,40,2,[6],40,36,"[88,95,106,188,195,212,234,351,420,474,492,522,550,620,704,713,728,871,996,1109,1122,1173,1183,1222,1354,1449,1482,1519,1561,1601,1609,1629,1636,1683,1725,1733]"
1,competence,pseudo,40,3,[3],40,37,"[13,133,189,231,269,318,385,389,469,489,599,605,614,705,779,821,874,918,961,999,1032,1042,1074,1087,1118,1180,1217,1346,1349,1385,1390,1438,1477,1506,1588,1605,1670]"
1,competence,pseudo,40,4,[0],40,36,"[0,49,79,150,185,202,209,252,266,292,382,406,564,617,666,694,701,786,981,1025,1049,1099,1187,1206,1212,1283,1323,1336,1359,1366,1388,1413,1687,1697,1703,1715]"
1,competence,true,5,1,"[1,2,4,5,7,8,9]",5,5,"[183,428,934,1075,1766]"
1,competence,true,5,2,[6],5,5,"[522,620,871,1449,1519]"
1,competence,true,5,3,[3],5,5,"[605,874,1032,1074,1118]"
1,competence,true,5,4,[0],5,5,"[266,564,617,1323,1413]"
1,competence,true,10,1,"[1,2,4,5,7,8,9]",10,10,"[317,337,527,570,1048,1111,1288,1291,1721,1766]"
1,competence,true,10,2,[6],10,10,"[195,351,713,871,996,1122,1222,1354,1609,1683]"
1,competence,true,10,3,[3],10,10,"[269,605,614,999,1032,1074,1118,1217,1349,1385]"
1,competence,true,10,4,[0],10,10,"[202,209,564,701,981,1099,1366,1388,1687,1715]"
1,competence,true,20,1,"[1,2,4,5,7,8,9]",20,20,"[27,167,230,258,454,733,755,794,817,844,893,1070,1121,1181,1288,1363,1440,1571,1622,1684]"
1,competence,true,20,2,[6],20,20,"[88,106,188,195,351,420,550,704,713,728,996,1122,1173,1222,1449,1482,1519,1629,1725,1733]"
1,competence,true,20,3,[3],20,20,"[133,189,269,318,389,469,599,605,614,705,821,1042,1087,1118,1217,1346,1385,1477,1605,1670]"
1,competence,true,20,4,[0],20,20,"[0,185,266,382,564,666,694,701,981,1025,1049,1099,1187,1206,1359,1388,1413,1687,1697,1703]"
1,competence,true,40,1,"[1,2,4,5,7,8,9]",40,40,"[8,76,108,113,125,151,312,324,371,375,461,570,733,868,887,1013,1015,1022,1070,1088,1113,1121,1144,1175,1192,1214,1231,1272,1275,1276,1279,1280,1291,1322,1324,1337,1584,1600,1740,1760]"
1,competence,true,40,2,[6],40,36,"[88,95,106,188,195,212,234,351,420,474,492,522,550,620,704,713,728,871,996,1109,1122,1173,1183,1222,1354,1449,1482,1519,1561,1601,1609,1629,1636,1683,1725,1733]"
1,competence,true,40,3,[3],40,37,"[13,133,189,231,269,318,385,389,469,489,599,605,614,705,779,821,874,918,961,999,1032,1042,1074,1087,1118,1180,1217,1346,1349,1385,1390,1438,1477,1506,1588,1605,1670]"
1,competence,true,40,4,[0],40,36,"[0,49,79,150,185,202,209,252,266,292,382,406,564,617,666,694,701,786,981,1025,1049,1099,1187,1206,1212,1283,1323,1336,1359,1366,1388,1413,1687,1697,1703,1715]"
1,random,pseudo,5,1,"[1,2,3,5,7,8,9]",5,5,"[167,403,963,1087,1748]"
1,random,pseudo,5,2,[4],5,5,"[603,650,733,1070,1181]"
1,random,pseudo,5,3,[6],5,5,"[550,996,1122,1173,1629]"
1,random,pseudo,5,4,[0],5,5,"[266,564,617,1323,1413]"
1,random,pseudo,10,1,"[1,2,3,5,7,8,9]",10,10,"[303,318,513,599,1081,1113,1295,1322,1714,1760]"
1,random,pseudo,10,2,[4],10,10,"[377,454,710,733,743,844,998,1022,1387,1584]"
1,random,pseudo,10,3,[6],10,10,"[195,212,522,550,1109,1173,1183,1449,1561,1683]"
1,random,pseudo,10,4,[0],10,10,"[202,209,564,701,981,1099,1366,1388,1687,1715]"
1,random,pseudo,20,1,"[1,2,3,5,7,8,9]",20,20,"[22,155,201,231,498,601,888,961,1041,1087,1111,1118,1385,1440,1492,1505,1571,1574,1616,1748]"
1,random,pseudo,20,2,[4],20,20,"[260,324,353,377,454,520,616,660,710,714,743,844,887,998,1070,1127,1181,1512,1661,1788]"
1,random,pseudo,20,3,[6],20,20,"[95,106,195,212,351,420,492,522,550,620,713,1173,1222,1354,1449,1482,1519,1629,1683,1733]"
1,random,pseudo,20,4,[0],20,20,"[0,185,266,382,564,666,694,701,981,1025,1049,1099,1187,1206,1359,1388,1413,1687,1697,1703]"
1,random,pseudo,40,1,"[1,2,3,5,7,8,9]",40,40,"[8,105,109,123,141,308,371,423,469,471,476,506,794,809,938,963,1018,1028,1083,1101,1112,1113,1217,1279,1284,1288,1346,1349,1380,1406,1432,1440,1447,1465,1492,1528,1542,1588,1622,1737]"
1,random,pseudo,40,2,[4],40,36,"[260,270,324,353,377,390,450,454,520,530,540,603,616,650,660,710,714,733,743,817,844,887,897,998,1022,1070,1127,1181,1254,1291,1387,1512,1526,1584,1661,1788]"
1,random,pseudo,40,3,[6],40,36,"[88,95,106,188,195,212,234,351,420,474,492,522,550,620,704,713,728,871,996,1109,1122,1173,1183,1222,1354,1449,1482,1519,1561,1601,1609,1629,1636,1683,1725,1733]"
1,random,pseudo,40,4,[0],40,36,"[0,49,79,150,185,202,209,252,266,292,382,406,564,617,666,694,701,786,981,1025,1049,1099,1187,1206,1212,1283,1323,1336,1359,1366,1388,1413,1687,1697,1703,1715]"
1,random,true,5,1,"[1,2,3,5,7,8,9]",5,5,"[167,403,963,1087,1748]"
1,random,true,5,2,[4],5,5,"[603,650,733,1070,1181]"
1,random,true,5,3,[6],5,5,"[550,996,1122,1173,1629]"
1,random,true,5,4,[0],5,5,"[266,564,617,1323,1413]"
1,random,true,10,1,"[1,2,3,5,7,8,9]",10,10,"[303,318,513,599,1081,1113,1295,1322,1714,1760]"
1,random,true,10,2,[4],10,10,"[377,454,710,733,743,844,998,1022,1387,1584]"
1,random,true,10,3,[6],10,10,"[195,212,522,550,1109,1173,1183,1449,1561,1683]"
1,random,true,10,4,[0],10,10,"[202,209,564,701,981,1099,1366,1388,1687,1715]"
1,random,true,20,1,"[1,2,3,5,7,8,9]",20,20,"[22,155,201,231,498,601,888,961,1041,1087,1111,1118,1385,1440,1492,1505,1571,1574,1616,1748]"
1,random,true,20,2,[4],20,20,"[260,324,353,377,454,520,616,660,710,714,743,844,887,998,1070,1127,1181,1512,1661,1788]"
1,random,true,20,3,[6],20,20,"[95,106,195,212,351,420,492,522,550,620,713,1173,1222,1354,1449,1482,1519,1629,1683,1733]"
1,random,true,20,4,[0],20,20,"[0,185,266,382,564,666,694,701,981,1025,1049,1099,1187,1206,1359,1388,1413,1687,1697,1703]"
1,random,true,40,1,"[1,2,3,5,7,8,9]",40,40,"[8,105,109,123,141,308,371,423,469,471,476,506,794,809,938,963,1018,1028,1083,1101,1112,1113,1217,1279,1284,1288,1346,1349,1380,1406,1432,1440,1447,1465,1492,1528,1542,1588,1622,1737]"
1,random,true,40,2,[4],40,36,"[260,270,324,353,377,390,450,454,520,530,540,603,616,650,660,710,714,733,743,817,844,887,897,998,1022,1070,1127,1181,1254,1291,1387,1512,1526,1584,1661,1788]"
1,random,true,40,3,[6],40,36,"[88,95,106,188,195,212,234,351,420,474,492,522,550,620,704,713,728,871,996,1109,1122,1173,1183,1222,1354,1449,1482,1519,1561,1601,1609,1629,1636,1683,1725,1733]"
1,random,true,40,4,[0],40,36,"[0,49,79,150,185,202,209,252,266,292,382,406,564,617,666,694,701,786,981,1025,1049,1099,1187,1206,1212,1283,1323,1336,1359,1366,1388,1413,1687,1697,1703,1715]"
2,competence,pseudo,5,1,"[2,8]",5,5,"[249,1017,1057,1409,1511]"
2,competence,pseudo,5,2,"[0,1,3,4,5,9]",5,5,"[169,400,621,855,957]"
2,competence,pseudo,5,3,[7],5,5,"[273,732,1201,1587,1719]"
2,competence,pseudo,5,4,[6],5,5,"[581,704,871,1115,1369]"
2,competence,pseudo,10,1,"[2,8]",10,10,"[51,243,645,658,1037,1057,1273,1443,1689,1794]"
2,competence,pseudo,10,2,"[0,1,3,4,5,9]",10,10,"[31,33,343,519,531,774,958,1044,1420,1650]"
2,competence,pseudo,10,3,[7],10,10,"[43,447,559,1009,1201,1269,1339,1459,1649,1657]"
2,competence,pseudo,10,4,[6],10,10,"[136,420,711,871,1115,1183,1252,1577,1623,1701]"
2,competence,pseudo,20,1,"[2,8]",20,20,"[113,152,214,253,398,645,658,853,872,1037,1084,1210,1270,1309,1417,1443,1547,1593,1669,1689]"
2,competence,pseudo,20,2,"[0,1,3,4,5,9]",20,20,"[120,171,185,202,353,386,419,421,489,679,687,818,821,876,1062,1125,1287,1450,1513,1741]"
2,competence,pseudo,20,3,[7],20,20,"[43,137,236,240,273,299,308,447,559,1108,1201,1269,1314,1339,1459,1476,1587,1595,1649,1657]"
2,competence,pseudo,20,4,[6],20,20,"[26,58,66,67,95,136,146,212,704,871,882,968,984,1045,1115,1252,1601,1701,1732,1733]"
2,competence,pseudo,40,1,"[2,8]",40,40,"[51,76,113,152,183,214,249,253,268,313,369,371,398,482,501,524,645,829,830,898,905,997,1017,1047,1057,1084,1103,1211,1309,1364,1417,1443,1511,1547,1553,1593,1695,1763,1790,1794]"
2,competence,pseudo,40,2,"[0,1,3,4,5,9]",40,40,"[14,117,159,176,202,312,329,419,445,512,557,687,705,709,774,823,863,866,876,908,958,981,1018,1025,1039,1059,1065,1125,1170,1176,1231,1236,1328,1411,1412,1438,1522,1548,1612,1786]"
2,competence,pseudo,40,3,[7],40,36,"[17,43,137,182,191,236,240,273,299,308,317,403,447,494,559,732,894,1009,1046,1108,1201,1238,1269,1314,1339,1459,1476,1587,1595,1622,1649,1653,1657,1710,1719,1748]"
2,competence,pseudo,40,4,[6],40,36,"[26,58,66,67,95,136,146,212,360,420,581,662,704,711,713,728,810,871,882,968,984,1045,1115,1183,1252,1345,1369,1441,1473,1577,1601,1608,1623,1701,1732,1733]"
2,competence,true,5,1,"[2,8]",5,5,"[249,1017,1057,1409,1511]"
2,competence,true,5,2,"[0,1,3,4,5,9]",5,5,"[169,400,621,855,957]"
2,competence,true,5,3,[7],5,5,"[273,732,1201,1587,1719]"
2,competence,true,5,4,[6],5,5,"[581,704,871,1115,1369]"
2,competence,true,10,1,"[2,8]",10,10,"[51,243,645,658,1037,1057,1273,1443,1689,1794]"
2,competence,true,10,2,"[0,1,3,4,5,9]",10,10,"[31,33,343,519,531,774,958,1044,1420,1650]"
2,competence,true,10,3,[7],10,10,"[43,447,559,1009,1201,1269,1339,1459,1649,1657]"
2,competence,true,10,4,[6],10,10,"[136,420,711,871,1115,1183,1252,1577,1623,1701]"
2,competence,true,20,1,"[2,8]",20,20,"[113,152,214,253,398,645,658,853,872,1037,1084,1210,1270,1309,1417,1443,1547,1593,1669,1689]"
2,competence,true,20,2,"[0,1,3,4,5,9]",20,20,"[120,171,185,202,353,386,419,421,489,679,687,818,821,876,1062,1125,1287,1450,1513,1741]"
2,competence,true,20,3,[7],20,20,"[43,137,236,240,273,299,308,447,559,1108,1201,1269,1314,1339,1459,1476,1587,1595,1649,1657]"
2,competence,true,20,4,[6],20,20,"[26,58,66,67,95,136,146,212,704,871,882,968,984,1045,1115,1252,1601,1701,1732,1733]"
2,competence,true,40,1,"[2,8]",40,40,"[51,76,113,152,183,214,249,253,268,313,369,371,398,482,501,524,645,829,830,898,905,997,1017,1047,1057,1084,1103,1211,1309,1364,1417,1443,1511,1547,1553,1593,1695,1763,1790,1794]"
2,competence,true,40,2,"[0,1,3,4,5,9]",40,40,"[14,117,159,176,202,312,329,419,445,512,557,687,705,709,774,823,863,866,876,908,958,981,1018,1025,1039,1059,1065,1125,1170,1176,1231,1236,1328,1411,1412,1438,1522,1548,1612,1786]"
2,competence,true,40,3,[7],40,36,"[17,43,137,182,191,236,240,273,299,308,317,403,447,494,559,732,894,1009,1046,1108,1201,1238,1269,1314,1339,1459,1476,1587,1595,1622,1649,1653,1657,1710,1719,1748]"
2,competence,true,40,4,[6],40,36,"[26,58,66,67,95,136,146,212,360,420,581,662,704,711,713,728,810,871,882,968,984,1045,1115,1183,1252,1345,1369,1441,1473,1577,1601,1608,1623,1701,1732,1733]"
2,random,pseudo,5,1,"[4,6]",5,5,"[212,626,713,1221,1267]"
2,random,pseudo,5,2,"[1,2,3,5,7,9]",5,5,"[159,371,593,856,973]"
2,random,pseudo,5,3,[8],5,5,"[127,829,1047,1409,1410]"
2,random,pseudo,5,4,[0],5,5,"[516,725,981,1065,1287]"
2,random,pseudo,10,1,"[4,6]",10,10,"[4,239,581,603,711,871,873,1267,1732,1754]"
2,random,pseudo,10,2,"[1,2,3,5,7,9]",10,10,"[33,43,477,709,745,940,1024,1130,1329,1554]"
2,random,pseudo,10,3,[8],10,10,"[127,439,664,829,898,1103,1295,1443,1511,1553]"
2,random,pseudo,10,4,[0],10,10,"[382,512,772,981,1065,1177,1229,1388,1487,1677]"
2,random,pseudo,20,1,"[4,6]",20,20,"[58,67,121,171,360,557,603,704,817,984,1045,1115,1183,1267,1328,1441,1577,1601,1608,1671]"
2,random,pseudo,20,2,"[1,2,3,5,7,9]",20,20,"[120,161,176,200,308,336,375,387,460,675,677,823,826,901,1108,1155,1339,1532,1548,1719]"
2,random,pseudo,20,3,[8],20,20,"[127,168,253,439,482,524,643,645,829,898,1057,1103,1210,1295,1409,1410,1443,1553,1720,1743]"
2,random,pseudo,20,4,[0],20,20,"[78,185,202,304,357,382,386,458,725,981,1025,1029,1039,1059,1065,1229,1415,1677,1739,1768]"
2,random,pseudo,40,1,"[4,6]",40,40,"[4,26,58,67,97,121,146,171,239,270,324,343,360,420,427,454,603,687,704,756,810,863,871,876,882,968,984,1095,1244,1252,1345,1369,1411,1441,1473,1577,1623,1731,1733,1754]"
2,random,pseudo,40,2,"[1,2,3,5,7,9]",40,40,"[31,113,117,142,169,200,258,273,375,391,398,471,484,621,677,823,853,860,865,868,906,944,994,1009,1060,1075,1108,1125,1259,1269,1270,1285,1309,1329,1438,1513,1622,1649,1657,1723]"
2,random,pseudo,40,3,[8],40,35,"[76,127,168,183,249,253,439,482,524,643,645,664,829,872,898,905,997,1037,1047,1057,1103,1210,1295,1305,1409,1410,1443,1511,1553,1695,1720,1743,1763,1790,1794]"
2,random,pseudo,40,4,[0],40,36,"[78,185,202,304,357,382,386,458,465,512,516,588,725,772,824,855,957,981,1025,1029,1039,1059,1065,1177,1229,1236,1287,1336,1366,1388,1415,1445,1487,1677,1739,1768]"
2,random,true,5,1,"[4,6]",5,5,"[212,626,713,1221,1267]"
2,random,true,5,2,"[1,2,3,5,7,9]",5,5,"[159,371,593,856,973]"
2,random,true,5,3,[8],5,5,"[127,829,1047,1409,1410]"
2,random,true,5,4,[0],5,5,"[516,725,981,1065,1287]"
2,random,true,10,1,"[4,6]",10,10,"[4,239,581,603,711,871,873,1267,1732,1754]"
2,random,true,10,2,"[1,2,3,5,7,9]",10,10,"[33,43,477,709,745,940,1024,1130,1329,1554]"
2,random,true,10,3,[8],10,10,"[127,439,664,829,898,1103,1295,1443,1511,1553]"
2,random,true,10,4,[0],10,10,"[382,512,772,981,1065,1177,1229,1388,1487,1677]"
2,random,true,20,1,"[4,6]",20,20,"[58,67,121,171,360,557,603,704,817,984,1045,1115,1183,1267,1328,1441,1577,1601,1608,1671]"
2,random,true,20,2,"[1,2,3,5,7,9]",20,20,"[120,161,176,200,308,336,375,387,460,675,677,823,826,901,1108,1155,1339,1532,1548,1719]"
2,random,true,20,3,[8],20,20,"[127,168,253,439,482,524,643,645,829,898,1057,1103,1210,1295,1409,1410,1443,1553,1720,1743]"
2,random,true,20,4,[0],20,20,"[78,185,202,304,357,382,386,458,725,981,1025,1029,1039,1059,1065,1229,1415,1677,1739,1768]"
2,random,true,40,1,"[4,6]",40,40,"[4,26,58,67,97,121,146,171,239,270,324,343,360,420,427,454,603,687,704,756,810,863,871,876,882,968,984,1095,1244,1252,1345,1369,1411,1441,1473,1577,1623,1731,1733,1754]"
2,random,true,40,2,"[1,2,3,5,7,9]",40,40,"[31,113,117,142,169,200,258,273,375,391,398,471,484,621,677,823,853,860,865,868,906,944,994,1009,1060,1075,1108,1125,1259,1269,1270,1285,1309,1329,1438,1513,1622,1649,1657,1723]"
2,random,true,40,3,[8],40,35,"[76,127,168,183,249,253,439,482,524,643,645,664,829,872,898,905,997,1037,1047,1057,1103,1210,1295,1305,1409,1410,1443,1511,1553,1695,1720,1743,1763,1790,1794]"
2,random,true,40,4,[0],40,36,"[78,185,202,304,357,382,386,458,465,512,516,588,725,772,824,855,957,981,1025,1029,1039,1059,1065,1177,1229,1236,1287,1336,1366,1388,1415,1445,1487,1677,1739,1768]"
3,competence,pseudo,5,1,"[1,3,4,5,6,7,8]",5,5,"[419,530,923,1252,1645]"
3,competence,pseudo,5,2,[9],5,5,"[161,1027,1534,1676,1792]"
3,competence,pseudo,5,3,[2],5,5,"[115,470,631,700,1531]"
3,competence,pseudo,5,4,[0],5,5,"[724,806,855,1413,1697]"
3,competence,pseudo,10,1,"[1,3,4,5,6,7,8]",10,10,"[224,318,560,886,997,1022,1160,1383,1407,1442]"
3,competence,pseudo,10,2,[9],10,10,"[19,425,715,765,1024,1096,1155,1507,1646,1665]"
3,competence,pseudo,10,3,[2],10,10,"[205,463,648,827,889,979,1031,1159,1654,1780]"
3,competence,pseudo,10,4,[0],10,10,"[185,464,552,646,725,824,825,1413,1494,1592]"
3,competence,pseudo,20,1,"[1,3,4,5,6,7,8]",20,20,"[43,88,319,640,836,1003,1022,1074,1094,1150,1313,1383,1420,1453,1509,1512,1609,1692,1702,1781]"
3,competence,pseudo,20,2,[9],20,20,"[92,125,139,149,161,285,287,478,555,665,715,751,942,1096,1186,1296,1534,1554,1646,1665]"
3,competence,pseudo,20,3,[2],20,20,"[115,187,340,463,470,631,648,700,703,827,889,977,979,1031,1207,1499,1547,1654,1669,1780]"
3,competence,pseudo,20,4,[0],20,20,"[78,185,286,292,357,552,571,594,724,796,855,974,1059,1153,1187,1235,1413,1487,1494,1715]"
3,competence,pseudo,40,1,"[1,3,4,5,6,7,8]",40,40,"[47,95,163,218,279,296,376,444,486,534,618,671,702,729,740,763,884,912,920,926,1074,1092,1136,1141,1315,1329,1357,1397,1407,1453,1485,1512,1546,1623,1630,1639,1645,1694,1767,1781]"
3,competence,pseudo,40,2,[9],40,36,"[19,39,73,92,125,139,149,161,251,285,287,381,425,478,555,621,665,715,751,765,881,942,1024,1027,1096,1155,1186,1230,1296,1507,1534,1554,1646,1665,1676,1792]"
3,competence,pseudo,40,3,[2],40,35,"[115,152,187,205,340,398,463,470,631,648,658,700,703,827,830,851,860,889,977,979,1031,1084,1104,1111,1159,1207,1371,1402,1499,1531,1547,1594,1654,1669,1780]"
3,competence,pseudo,40,4,[0],40,36,"[10,78,185,286,292,311,357,435,464,552,571,594,646,682,724,725,796,806,824,825,855,974,1049,1059,1153,1177,1187,1235,1413,1463,1487,1494,1591,1592,1697,1715]"
3,competence,true,5,1,"[1,3,4,5,6,7,8]",5,5,"[419,530,923,1252,1645]"
3,competence,true,5,2,[9],5,5,"[161,1027,1534,1676,1792]"
3,competence,true,5,3,[2],5,5,"[115,470,631,700,1531]"
3,competence,true,5,4,[0],5,5,"[724,806,855,1413,1697]"
3,competence,true,10,1,"[1,3,4,5,6,7,8]",10,10,"[224,318,560,886,997,1022,1160,1383,1407,1442]"
3,competence,true,10,2,[9],10,10,"[19,425,715,765,1024,1096,1155,1507,1646,1665]"
3,competence,true,10,3,[2],10,10,"[205,463,648,827,889,979,1031,1159,1654,1780]"
3,competence,true,10,4,[0],10,10,"[185,464,552,646,725,824,825,1413,1494,1592]"
3,competence,true,20,1,"[1,3,4,5,6,7,8]",20,20,"[43,88,319,640,836,1003,1022,1074,1094,1150,1313,1383,1420,1453,1509,1512,1609,1692,1702,1781]"
3,competence,true,20,2,[9],20,20,"[92,125,139,149,161,285,287,478,555,665,715,751,942,1096,1186,1296,1534,1554,1646,1665]"
3,competence,true,20,3,[2],20,20,"[115,187,340,463,470,631,648,700,703,827,889,977,979,1031,1207,1499,1547,1654,1669,1780]"
3,competence,true,20,4,[0],20,20,"[78,185,286,292,357,552,571,594,724,796,855,974,1059,1153,1187,1235,1413,1487,1494,1715]"
3,competence,true,40,1,"[1,3,4,5,6,7,8]",40,40,"[47,95,163,218,279,296,376,444,486,534,618,671,702,729,740,763,884,912,920,926,1074,1092,1136,1141,1315,1329,1357,1397,1407,1453,1485,1512,1546,1623,1630,1639,1645,1694,1767,1781]"
3,competence,true,40,2,[9],40,36,"[19,39,73,92,125,139,149,161,251,285,287,381,425,478,555,621,665,715,751,765,881,942,1024,1027,1096,1155,1186,1230,1296,1507,1534,1554,1646,1665,1676,1792]"
3,competence,true,40,3,[2],40,35,"[115,152,187,205,340,398,463,470,631,648,658,700,703,827,830,851,860,889,977,979,1031,1084,1104,1111,1159,1207,1371,1402,1499,1531,1547,1594,1654,1669,1780]"
3,competence,true,40,4,[0],40,36,"[10,78,185,286,292,311,357,435,464,552,571,594,646,682,724,725,796,806,824,825,855,974,1049,1059,1153,1177,1187,1235,1413,1463,1487,1494,1591,1592,1697,1715]"
3,random,pseudo,5,1,"[0,2,4,5,6,7,9]",5,5,"[430,548,912,1190,1645]"
3,random,pseudo,5,2,[8],5,5,"[426,1141,1150,1685,1781]"
3,random,pseudo,5,3,[3],5,5,"[3,318,431,578,1160]"
3,random,pseudo,5,4,[1],5,5,"[688,726,906,1357,1752]"
3,random,pseudo,10,1,"[0,2,4,5,6,7,9]",10,10,"[163,330,562,860,970,1183,1395,1413,1692,1715]"
3,random,pseudo,10,2,[8],10,10,"[53,784,997,1028,1141,1295,1315,1453,1666,1695]"
3,random,pseudo,10,3,[3],10,10,"[259,315,354,578,744,836,867,1260,1602,1730]"
3,random,pseudo,10,4,[1],10,10,"[107,341,433,572,702,777,856,1357,1485,1585]"
3,random,pseudo,20,1,"[0,2,4,5,6,7,9]",20,20,"[34,78,311,317,340,468,583,646,650,792,1036,1422,1431,1487,1591,1592,1645,1657,1773,1785]"
3,random,pseudo,20,2,[8],20,20,"[264,274,296,414,426,592,638,814,816,933,997,1026,1103,1295,1315,1383,1414,1666,1685,1695]"
3,random,pseudo,20,3,[3],20,20,"[3,133,269,315,318,319,354,431,529,578,744,779,836,867,1260,1378,1513,1630,1730,1770]"
3,random,pseudo,20,4,[1],20,20,"[70,107,186,200,257,433,456,479,688,716,906,926,1097,1158,1237,1329,1357,1416,1485,1757]"
3,random,pseudo,40,1,"[0,2,4,5,6,7,9]",40,40,"[39,88,135,161,285,287,398,467,488,555,640,671,700,725,727,755,855,886,900,919,1059,1070,1092,1094,1263,1313,1371,1413,1420,1494,1509,1525,1547,1609,1611,1623,1645,1684,1767,1785]"
3,random,pseudo,40,2,[8],40,35,"[53,224,248,264,274,296,414,426,534,592,638,775,784,814,816,923,933,997,1026,1028,1047,1103,1141,1150,1295,1315,1327,1383,1414,1453,1666,1685,1695,1707,1781]"
3,random,pseudo,40,3,[3],40,37,"[3,98,133,259,269,279,315,318,319,354,389,431,529,578,599,659,729,744,779,836,867,1074,1160,1180,1202,1260,1290,1350,1378,1428,1513,1602,1630,1639,1670,1730,1770]"
3,random,pseudo,40,4,[1],40,36,"[47,70,107,186,200,218,257,298,341,433,456,479,572,601,688,702,716,726,777,856,906,926,1008,1097,1158,1213,1237,1329,1357,1372,1416,1485,1546,1585,1752,1757]"
3,random,true,5,1,"[0,2,4,5,6,7,9]",5,5,"[430,548,912,1190,1645]"
3,random,true,5,2,[8],5,5,"[426,1141,1150,1685,1781]"
3,random,true,5,3,[3],5,5,"[3,318,431,578,1160]"
3,random,true,5,4,[1],5,5,"[688,726,906,1357,1752]"
3,random,true,10,1,"[0,2,4,5,6,7,9]",10,10,"[163,330,562,860,970,1183,1395,1413,1692,1715]"
3,random,true,10,2,[8],10,10,"[53,784,997,1028,1141,1295,1315,1453,1666,1695]"
3,random,true,10,3,[3],10,10,"[259,315,354,578,744,836,867,1260,1602,1730]"
3,random,true,10,4,[1],10,10,"[107,341,433,572,702,777,856,1357,1485,1585]"
3,random,true,20,1,"[0,2,4,5,6,7,9]",20,20,"[34,78,311,317,340,468,583,646,650,792,1036,1422,1431,1487,1591,1592,1645,1657,1773,1785]"
3,random,true,20,2,[8],20,20,"[264,274,296,414,426,592,638,814,816,933,997,1026,1103,1295,1315,1383,1414,1666,1685,1695]"
3,random,true,20,3,[3],20,20,"[3,133,269,315,318,319,354,431,529,578,744,779,836,867,1260,1378,1513,1630,1730,1770]"
3,random,true,20,4,[1],20,20,"[70,107,186,200,257,433,456,479,688,716,906,926,1097,1158,1237,1329,1357,1416,1485,1757]"
3,random,true,40,1,"[0,2,4,5,6,7,9]",40,40,"[39,88,135,161,285,287,398,467,488,555,640,671,700,725,727,755,855,886,900,919,1059,1070,1092,1094,1263,1313,1371,1413,1420,1494,1509,1525,1547,1609,1611,1623,1645,1684,1767,1785]"
3,random,true,40,2,[8],40,35,"[53,224,248,264,274,296,414,426,534,592,638,775,784,814,816,923,933,997,1026,1028,1047,1103,1141,1150,1295,1315,1327,1383,1414,1453,1666,1685,1695,1707,1781]"
3,random,true,40,3,[3],40,37,"[3,98,133,259,269,279,315,318,319,354,389,431,529,578,599,659,729,744,779,836,867,1074,1160,1180,1202,1260,1290,1350,1378,1428,1513,1602,1630,1639,1670,1730,1770]"
3,random,true,40,4,[1],40,36,"[47,70,107,186,200,218,257,298,341,433,456,479,572,601,688,702,716,726,777,856,906,926,1008,1097,1158,1213,1237,1329,1357,1372,1416,1485,1546,1585,1752,1757]"
4,competence,pseudo,5,1,"[4,7,9]",5,5,"[324,771,929,1379,1735]"
4,competence,pseudo,5,2,"[1,6,8]",5,5,"[188,509,596,1394,1623]"
4,competence,pseudo,5,3,"[0,5]",5,5,"[551,642,1018,1078,1099]"
4,competence,pseudo,5,4,"[2,3]",5,5,"[318,1116,1179,1344,1742]"
4,competence,pseudo,10,1,"[4,7,9]",10,10,"[125,157,233,486,585,626,828,1249,1520,1549]"
4,competence,pseudo,10,2,"[1,6,8]",10,10,"[146,218,508,742,1239,1253,1288,1343,1393,1623]"
4,competence,pseudo,10,3,"[0,5]",10,10,"[202,208,411,503,694,786,941,1106,1229,1388]"
4,competence,pseudo,10,4,"[2,3]",10,10,"[45,278,398,461,632,778,1143,1214,1427,1679]"
4,competence,pseudo,20,1,"[4,7,9]",20,20,"[87,94,273,317,405,423,698,719,1022,1108,1124,1137,1249,1282,1339,1406,1467,1533,1652,1658]"
4,competence,pseudo,20,2,"[1,6,8]",20,20,"[196,197,253,351,355,664,752,753,852,899,945,1000,1133,1237,1382,1394,1514,1538,1601,1610]"
4,competence,pseudo,20,3,"[0,5]",20,20,"[25,74,79,145,150,201,202,401,411,457,564,679,694,718,781,981,1075,1157,1319,1493]"
4,competence,pseudo,20,4,"[2,3]",20,20,"[60,142,153,190,318,566,579,599,631,860,1004,1143,1214,1219,1246,1299,1341,1344,1385,1679]"
4,competence,pseudo,40,1,"[4,7,9]",40,40,"[81,139,273,287,299,317,356,374,393,455,467,486,557,585,602,635,655,683,719,754,780,820,837,863,912,1036,1137,1164,1269,1339,1379,1424,1467,1520,1533,1536,1641,1658,1731,1779]"
4,competence,pseudo,40,2,"[1,6,8]",40,40,"[21,28,95,218,264,267,274,336,346,352,355,383,439,490,508,574,581,596,752,880,933,1028,1083,1093,1103,1107,1134,1165,1197,1233,1237,1247,1416,1423,1521,1537,1601,1634,1666,1743]"
4,competence,pseudo,40,3,"[0,5]",40,40,"[15,135,145,150,261,304,396,401,411,441,465,503,541,679,718,720,755,776,781,786,941,951,1021,1054,1075,1078,1106,1157,1162,1205,1319,1335,1366,1388,1389,1470,1532,1568,1713,1793]"
4,competence,pseudo,40,4,"[2,3]",40,40,"[45,60,98,142,190,192,207,278,301,318,369,398,461,566,632,778,821,836,839,853,918,992,999,1004,1051,1074,1170,1179,1214,1219,1246,1299,1337,1341,1344,1350,1427,1566,1606,1690]"
4,competence,true,5,1,"[4,7,9]",5,5,"[324,771,929,1379,1735]"
4,competence,true,5,2,"[1,6,8]",5,5,"[188,509,596,1394,1623]"
4,competence,true,5,3,"[0,5]",5,5,"[551,642,1018,1078,1099]"
4,competence,true,5,4,"[2,3]",5,5,"[318,1116,1179,1344,1742]"
4,competence,true,10,1,"[4,7,9]",10,10,"[125,157,233,486,585,626,828,1249,1520,1549]"
4,competence,true,10,2,"[1,6,8]",10,10,"[146,218,508,742,1239,1253,1288,1343,1393,1623]"
4,competence,true,10,3,"[0,5]",10,10,"[202,208,411,503,694,786,941,1106,1229,1388]"
4,competence,true,10,4,"[2,3]",10,10,"[45,278,398,461,632,778,1143,1214,1427,1679]"
4,competence,true,20,1,"[4,7,9]",20,20,"[87,94,273,317,405,423,698,719,1022,1108,1124,1137,1249,1282,1339,1406,1467,1533,1652,1658]"
4,competence,true,20,2,"[1,6,8]",20,20,"[196,197,253,351,355,664,752,753,852,899,945,1000,1133,1237,1382,1394,1514,1538,1601,1610]"
4,competence,true,20,3,"[0,5]",20,20,"[25,74,79,145,150,201,202,401,411,457,564,679,694,718,781,981,1075,1157,1319,1493]"
4,competence,true,20,4,"[2,3]",20,20,"[60,142,153,190,318,566,579,599,631,860,1004,1143,1214,1219,1246,1299,1341,1344,1385,1679]"
4,competence,true,40,1,"[4,7,9]",40,40,"[81,139,273,287,299,317,356,374,393,455,467,486,557,585,602,635,655,683,719,754,780,820,837,863,912,1036,1137,1164,1269,1339,1379,1424,1467,1520,1533,1536,1641,1658,1731,1779]"
4,competence,true,40,2,"[1,6,8]",40,40,"[21,28,95,218,264,267,274,336,346,352,355,383,439,490,508,574,581,596,752,880,933,1028,1083,1093,1103,1107,1134,1165,1197,1233,1237,1247,1416,1423,1521,1537,1601,1634,1666,1743]"
4,competence,true,40,3,"[0,5]",40,40,"[15,135,145,150,261,304,396,401,411,441,465,503,541,679,718,720,755,776,781,786,941,951,1021,1054,1075,1078,1106,1157,1162,1205,1319,1335,1366,1388,1389,1470,1532,1568,1713,1793]"
4,competence,true,40,4,"[2,3]",40,40,"[45,60,98,142,190,192,207,278,301,318,369,398,461,566,632,778,821,836,839,853,918,992,999,1004,1051,1074,1170,1179,1214,1219,1246,1299,1337,1341,1344,1350,1427,1566,1606,1690]"
4,random,pseudo,5,1,"[1,2,4]",5,5,"[356,906,1137,1466,1742]"
4,random,pseudo,5,2,"[3,7,8]",5,5,"[489,602,839,1789,1794]"
4,random,pseudo,5,3,"[6,9]",5,5,"[547,581,914,1239,1249]"
4,random,pseudo,5,4,"[0,5]",5,5,"[209,1054,1078,1205,1692]"
4,random,pseudo,10,1,"[1,2,4]",10,10,"[198,218,278,566,660,753,952,1343,1597,1648]"
4,random,pseudo,10,2,"[3,7,8]",10,10,"[274,556,742,1108,1164,1467,1537,1566,1789,1790]"
4,random,pseudo,10,3,"[6,9]",10,10,"[139,146,381,455,620,752,771,1282,1393,1521]"
4,random,pseudo,10,4,"[0,5]",10,10,"[15,202,281,401,642,718,1062,1099,1335,1470]"
4,random,pseudo,20,1,"[1,2,4]",20,20,"[87,200,324,355,486,507,780,875,988,1051,1134,1168,1214,1237,1341,1343,1344,1394,1525,1634]"
4,random,pseudo,20,2,"[3,7,8]",20,20,"[253,299,383,414,706,727,742,836,899,1036,1170,1197,1219,1253,1350,1423,1538,1566,1666,1789]"
4,random,pseudo,20,3,"[6,9]",20,20,"[65,82,88,106,125,128,139,360,381,405,574,585,620,635,719,880,1186,1345,1424,1601]"
4,random,pseudo,20,4,"[0,5]",20,20,"[25,74,79,135,209,457,465,503,564,781,1018,1062,1099,1101,1106,1128,1162,1205,1319,1470]"
4,random,pseudo,40,1,"[1,2,4]",40,40,"[68,207,324,336,346,355,369,398,461,530,557,566,631,660,667,778,780,860,875,892,916,929,1000,1041,1051,1107,1179,1288,1299,1341,1427,1466,1536,1597,1611,1648,1652,1717,1735,1751]"
4,random,pseudo,40,2,"[3,7,8]",40,40,"[45,60,157,274,301,317,318,352,374,393,414,445,467,489,508,556,560,579,706,820,837,912,918,922,933,945,995,999,1036,1072,1074,1108,1304,1339,1423,1459,1491,1566,1666,1743]"
4,random,pseudo,40,3,"[6,9]",40,40,"[34,95,106,125,197,287,351,360,381,384,423,455,490,585,635,655,675,683,719,752,771,774,1038,1132,1186,1239,1282,1345,1379,1382,1424,1431,1520,1521,1534,1577,1608,1610,1658,1771]"
4,random,pseudo,40,4,"[0,5]",40,40,"[15,25,33,74,135,145,150,202,208,209,261,281,401,457,642,718,720,755,766,776,951,974,981,1018,1025,1049,1075,1078,1099,1101,1106,1128,1157,1162,1205,1229,1335,1388,1463,1493]"
4,random,true,5,1,"[1,2,4]",5,5,"[356,906,1137,1466,1742]"
4,random,true,5,2,"[3,7,8]",5,5,"[489,602,839,1789,1794]"
4,random,true,5,3,"[6,9]",5,5,"[547,581,914,1239,1249]"
4,random,true,5,4,"[0,5]",5,5,"[209,1054,1078,1205,1692]"
4,random,true,10,1,"[1,2,4]",10,10,"[198,218,278,566,660,753,952,1343,1597,1648]"
4,random,true,10,2,"[3,7,8]",10,10,"[274,556,742,1108,1164,1467,1537,1566,1789,1790]"
4,random,true,10,3,"[6,9]",10,10,"[139,146,381,455,620,752,771,1282,1393,1521]"
4,random,true,10,4,"[0,5]",10,10,"[15,202,281,401,642,718,1062,1099,1335,1470]"
4,random,true,20,1,"[1,2,4]",20,20,"[87,200,324,355,486,507,780,875,988,1051,1134,1168,1214,1237,1341,1343,1344,1394,1525,1634]"
4,random,true,20,2,"[3,7,8]",20,20,"[253,299,383,414,706,727,742,836,899,1036,1170,1197,1219,1253,1350,1423,1538,1566,1666,1789]"
4,random,true,20,3,"[6,9]",20,20,"[65,82,88,106,125,128,139,360,381,405,574,585,620,635,719,880,1186,1345,1424,1601]"
4,random,true,20,4,"[0,5]",20,20,"[25,74,79,135,209,457,465,503,564,781,1018,1062,1099,1101,1106,1128,1162,1205,1319,1470]"
4,random,true,40,1,"[1,2,4]",40,40,"[68,207,324,336,346,355,369,398,461,530,557,566,631,660,667,778,780,860,875,892,916,929,1000,1041,1051,1107,1179,1288,1299,1341,1427,1466,1536,1597,1611,1648,1652,1717,1735,1751]"
4,random,true,40,2,"[3,7,8]",40,40,"[45,60,157,274,301,317,318,352,374,393,414,445,467,489,508,556,560,579,706,820,837,912,918,922,933,945,995,999,1036,1072,1074,1108,1304,1339,1423,1459,1491,1566,1666,1743]"
4,random,true,40,3,"[6,9]",40,40,"[34,95,106,125,197,287,351,360,381,384,423,455,490,585,635,655,675,683,719,752,771,774,1038,1132,1186,1239,1282,1345,1379,1382,1424,1431,1520,1521,1534,1577,1608,1610,1658,1771]"
4,random,true,40,4,"[0,5]",40,40,"[15,25,33,74,135,145,150,202,208,209,261,281,401,457,642,718,720,755,766,776,951,974,981,1018,1025,1049,1075,1078,1099,1101,1106,1128,1157,1162,1205,1229,1335,1388,1463,1493]"
5,competence,pseudo,5,1,"[1,3,4,5,6,8]",5,5,"[80,887,1118,1189,1332]"
5,competence,pseudo,5,2,"[7,9]",5,5,"[240,295,425,1501,1795]"
5,competence,pseudo,5,3,[2],5,5,"[566,703,891,1016,1724]"
5,competence,pseudo,5,4,[0],5,5,"[334,725,747,848,1494]"
5,competence,pseudo,10,1,"[1,3,4,5,6,8]",10,10,"[67,192,264,343,579,630,990,1007,1387,1511]"
5,competence,pseudo,10,2,"[7,9]",10,10,"[81,86,216,472,560,624,942,1056,1330,1587]"
5,competence,pseudo,10,3,[2],10,10,"[207,499,668,700,830,891,892,1371,1437,1618]"
5,competence,pseudo,10,4,[0],10,10,"[286,311,786,848,1002,1077,1078,1099,1235,1768]"
5,competence,pseudo,20,1,"[1,3,4,5,6,8]",20,20,"[343,376,394,427,704,834,866,958,1021,1050,1260,1295,1370,1387,1408,1483,1629,1670,1671,1714]"
5,competence,pseudo,20,2,"[7,9]",20,20,"[27,61,329,337,374,375,405,459,514,543,610,624,1056,1296,1356,1467,1484,1501,1586,1740]"
5,competence,pseudo,20,3,[2],20,20,"[180,207,307,443,461,499,566,648,668,700,723,891,1159,1272,1341,1371,1437,1618,1724,1751]"
5,competence,pseudo,20,4,[0],20,20,"[48,286,311,328,334,465,701,786,831,848,974,1002,1077,1099,1105,1212,1258,1487,1592,1768]"
5,competence,pseudo,40,1,"[1,3,4,5,6,8]",40,40,"[60,67,93,163,177,213,260,264,400,414,427,460,477,520,613,686,687,742,781,784,823,865,879,919,951,1161,1259,1374,1409,1420,1471,1483,1517,1521,1535,1551,1638,1673,1714,1760]"
5,competence,pseudo,40,2,"[7,9]",40,40,"[27,29,61,73,81,125,139,147,149,167,211,287,295,300,337,374,375,425,472,514,525,535,543,560,597,621,624,634,663,783,820,868,942,1056,1066,1072,1399,1523,1740,1795]"
5,competence,pseudo,40,3,[2],40,35,"[180,184,207,307,310,443,461,499,566,648,668,700,703,723,826,830,891,892,927,1016,1017,1159,1207,1272,1338,1341,1371,1437,1557,1565,1618,1679,1717,1724,1751]"
5,competence,pseudo,40,4,[0],40,36,"[48,55,78,208,286,311,328,334,465,571,646,666,701,725,747,786,831,848,974,1002,1049,1077,1078,1099,1105,1167,1212,1235,1258,1451,1487,1494,1579,1592,1697,1768]"
5,competence,true,5,1,"[1,3,4,5,6,8]",5,5,"[80,887,1118,1189,1332]"
5,competence,true,5,2,"[7,9]",5,5,"[240,295,425,1501,1795]"
5,competence,true,5,3,[2],5,5,"[566,703,891,1016,1724]"
5,competence,true,5,4,[0],5,5,"[334,725,747,848,1494]"
5,competence,true,10,1,"[1,3,4,5,6,8]",10,10,"[67,192,264,343,579,630,990,1007,1387,1511]"
5,competence,true,10,2,"[7,9]",10,10,"[81,86,216,472,560,624,942,1056,1330,1587]"
5,competence,true,10,3,[2],10,10,"[207,499,668,700,830,891,892,1371,1437,1618]"
5,competence,true,10,4,[0],10,10,"[286,311,786,848,1002,1077,1078,1099,1235,1768]"
5,competence,true,20,1,"[1,3,4,5,6,8]",20,20,"[343,376,394,427,704,834,866,958,1021,1050,1260,1295,1370,1387,1408,1483,1629,1670,1671,1714]"
5,competence,true,20,2,"[7,9]",20,20,"[27,61,329,337,374,375,405,459,514,543,610,624,1056,1296,1356,1467,1484,1501,1586,1740]"
5,competence,true,20,3,[2],20,20,"[180,207,307,443,461,499,566,648,668,700,723,891,1159,1272,1341,1371,1437,1618,1724,1751]"
5,competence,true,20,4,[0],20,20,"[48,286,311,328,334,465,701,786,831,848,974,1002,1077,1099,1105,1212,1258,1487,1592,1768]"
5,competence,true,40,1,"[1,3,4,5,6,8]",40,40,"[60,67,93,163,177,213,260,264,400,414,427,460,477,520,613,686,687,742,781,784,823,865,879,919,951,1161,1259,1374,1409,1420,1471,1483,1517,1521,1535,1551,1638,1673,1714,1760]"
5,competence,true,40,2,"[7,9]",40,40,"[27,29,61,73,81,125,139,147,149,167,211,287,295,300,337,374,375,425,472,514,525,535,543,560,597,621,624,634,663,783,820,868,942,1056,1066,1072,1399,1523,1740,1795]"
5,competence,true,40,3,[2],40,35,"[180,184,207,307,310,443,461,499,566,648,668,700,703,723,826,830,891,892,927,1016,1017,1159,1207,1272,1338,1341,1371,1437,1557,1565,1618,1679,1717,1724,1751]"
5,competence,true,40,4,[0],40,36,"[48,55,78,208,286,311,328,334,465,571,646,666,701,725,747,786,831,848,974,1002,1049,1077,1078,1099,1105,1167,1212,1235,1258,1451,1487,1494,1579,1592,1697,1768]"
5,random,pseudo,5,1,"[0,4,6,7,8,9]",5,5,"[67,742,1035,1077,1226]"
5,random,pseudo,5,2,"[1,2]",5,5,"[461,499,826,1640,1760]"
5,random,pseudo,5,3,[3],5,5,"[316,561,990,1110,1428]"
5,random,pseudo,5,4,[5],5,5,"[548,1003,1010,1062,1535]"
5,random,pseudo,10,1,"[0,4,6,7,8,9]",10,10,"[61,167,473,804,810,868,1056,1077,1352,1592]"
5,random,pseudo,10,2,"[1,2]",10,10,"[180,184,443,958,1030,1338,1565,1640,1648,1679]"
5,random,pseudo,10,3,[3],10,10,"[60,91,213,316,529,561,579,607,1118,1332]"
5,random,pseudo,10,4,[5],10,10,"[421,460,1021,1062,1129,1189,1192,1203,1358,1787]"
5,random,pseudo,20,1,"[0,4,6,7,8,9]",20,20,"[300,334,353,392,610,701,722,834,919,945,1167,1195,1330,1352,1356,1467,1583,1645,1652,1704]"
5,random,pseudo,20,2,"[1,2]",20,20,"[11,93,606,648,668,700,723,846,891,927,947,1030,1242,1334,1471,1557,1618,1626,1648,1714]"
5,random,pseudo,20,3,[3],20,20,"[59,91,189,192,193,213,231,279,316,347,448,561,865,874,879,1110,1118,1332,1349,1370]"
5,random,pseudo,20,4,[5],20,20,"[33,421,460,521,548,549,951,1021,1061,1062,1064,1129,1189,1203,1259,1333,1420,1524,1699,1787]"
5,random,pseudo,40,1,"[0,4,6,7,8,9]",40,40,"[55,61,78,125,149,208,260,264,375,379,392,400,405,425,571,598,604,634,646,662,687,712,728,786,831,1056,1164,1387,1434,1451,1453,1467,1487,1494,1512,1523,1592,1671,1704,1755]"
5,random,pseudo,40,2,"[1,2]",40,40,"[11,93,177,180,200,207,235,307,397,493,499,566,648,668,700,826,866,891,892,927,958,994,1017,1030,1050,1117,1159,1207,1242,1298,1341,1371,1457,1522,1618,1631,1640,1724,1751,1760]"
5,random,pseudo,40,3,[3],40,37,"[59,60,91,189,190,192,193,213,231,279,316,347,389,448,477,529,561,579,607,737,749,865,874,879,990,1110,1118,1220,1246,1260,1332,1349,1370,1428,1603,1670,1758]"
5,random,pseudo,40,4,[5],40,36,"[33,109,163,376,421,460,521,548,549,679,681,781,951,1003,1010,1021,1061,1062,1064,1129,1172,1189,1192,1203,1259,1319,1333,1358,1420,1517,1524,1535,1692,1699,1769,1787]"
5,random,true,5,1,"[0,4,6,7,8,9]",5,5,"[67,742,1035,1077,1226]"
5,random,true,5,2,"[1,2]",5,5,"[461,499,826,1640,1760]"
5,random,true,5,3,[3],5,5,"[316,561,990,1110,1428]"
5,random,true,5,4,[5],5,5,"[548,1003,1010,1062,1535]"
5,random,true,10,1,"[0,4,6,7,8,9]",10,10,"[61,167,473,804,810,868,1056,1077,1352,1592]"
5,random,true,10,2,"[1,2]",10,10,"[180,184,443,958,1030,1338,1565,1640,1648,1679]"
5,random,true,10,3,[3],10,10,"[60,91,213,316,529,561,579,607,1118,1332]"
5,random,true,10,4,[5],10,10,"[421,460,1021,1062,1129,1189,1192,1203,1358,1787]"
5,random,true,20,1,"[0,4,6,7,8,9]",20,20,"[300,334,353,392,610,701,722,834,919,945,1167,1195,1330,1352,1356,1467,1583,1645,1652,1704]"
5,random,true,20,2,"[1,2]",20,20,"[11,93,606,648,668,700,723,846,891,927,947,1030,1242,1334,1471,1557,1618,1626,1648,1714]"
5,random,true,20,3,[3],20,20,"[59,91,189,192,193,213,231,279,316,347,448,561,865,874,879,1110,1118,1332,1349,1370]"
5,random,true,20,4,[5],20,20,"[33,421,460,521,548,549,951,1021,1061,1062,1064,1129,1189,1203,1259,1333,1420,1524,1699,1787]"
5,random,true,40,1,"[0,4,6,7,8,9]",40,40,"[55,61,78,125,149,208,260,264,375,379,392,400,405,425,571,598,604,634,646,662,687,712,728,786,831,1056,1164,1387,1434,1451,1453,1467,1487,1494,1512,1523,1592,1671,1704,1755]"
5,random,true,40,2,"[1,2]",40,40,"[11,93,177,180,200,207,235,307,397,493,499,566,648,668,700,826,866,891,892,927,958,994,1017,1030,1050,1117,1159,1207,1242,1298,1341,1371,1457,1522,1618,1631,1640,1724,1751,1760]"
5,random,true,40,3,[3],40,37,"[59,60,91,189,190,192,193,213,231,279,316,347,389,448,477,529,561,579,607,737,749,865,874,879,990,1110,1118,1220,1246,1260,1332,1349,1370,1428,1603,1670,1758]"
5,random,true,40,4,[5],40,36,"[33,109,163,376,421,460,521,548,549,679,681,781,951,1003,1010,1021,1061,1062,1064,1129,1172,1189,1192,1203,1259,1319,1333,1358,1420,1517,1524,1535,1692,1699,1769,1787]"
6,competence,pseudo,5,1,"[1,3,4,5,6,8,9]",5,5,"[489,625,873,1028,1461]"
6,competence,pseudo,5,2,[7],5,5,"[222,690,820,1113,1405]"
6,competence,pseudo,5,3,[0],5,5,"[78,776,848,1494,1739]"
6,competence,pseudo,5,4,[2],5,5,"[2,205,1344,1717,1721]"
6,competence,pseudo,10,1,"[1,3,4,5,6,8,9]",10,10,"[107,281,519,719,768,998,1483,1532,1550,1692]"
6,competence,pseudo,10,2,[7],10,10,"[182,222,368,480,568,690,707,1113,1314,1467]"
6,competence,pseudo,10,3,[0],10,10,"[30,202,252,682,1105,1287,1335,1493,1615,1703]"
6,competence,pseudo,10,4,[2],10,10,"[51,184,205,528,851,1104,1214,1344,1625,1717]"
6,competence,pseudo,20,1,"[1,3,4,5,6,8,9]",20,20,"[9,69,111,119,221,379,390,432,519,611,699,710,794,873,931,1008,1028,1040,1558,1784]"
6,competence,pseudo,20,2,[7],20,20,"[17,94,222,342,368,413,429,480,533,602,628,820,1009,1046,1121,1275,1314,1432,1595,1674]"
6,competence,pseudo,20,3,[0],20,20,"[55,78,79,202,252,416,464,718,812,1077,1105,1106,1206,1287,1335,1359,1388,1470,1494,1687]"
6,competence,pseudo,20,4,[2],20,20,"[2,51,205,333,463,499,528,631,851,1081,1142,1214,1344,1499,1557,1597,1625,1717,1721,1742]"
6,competence,pseudo,40,1,"[1,3,4,5,6,8,9]",40,40,"[9,14,31,46,58,117,324,373,379,387,397,402,419,432,482,527,540,586,601,608,615,768,818,838,867,911,988,1010,1062,1138,1168,1346,1384,1447,1453,1473,1602,1614,1659,1723]"
6,competence,pseudo,40,2,[7],40,36,"[17,94,182,222,299,342,368,393,413,429,480,494,533,568,602,628,690,707,820,837,912,1009,1036,1046,1113,1121,1164,1275,1314,1405,1432,1467,1509,1595,1674,1710]"
6,competence,pseudo,40,3,[0],40,36,"[30,55,78,79,202,252,416,464,656,676,682,718,776,812,848,1077,1105,1106,1153,1205,1206,1287,1335,1359,1365,1388,1470,1487,1493,1494,1615,1663,1687,1703,1722,1739]"
6,competence,pseudo,40,4,[2],40,35,"[2,51,84,152,184,205,331,333,463,499,528,566,631,851,891,917,1031,1081,1104,1142,1169,1214,1234,1344,1472,1492,1499,1557,1593,1597,1618,1625,1717,1721,1742]"
6,competence,true,5,1,"[1,3,4,5,6,8,9]",5,5,"[489,625,873,1028,1461]"
6,competence,true,5,2,[7],5,5,"[222,690,820,1113,1405]"
6,competence,true,5,3,[0],5,5,"[78,776,848,1494,1739]"
6,competence,true,5,4,[2],5,5,"[2,205,1344,1717,1721]"
6,competence,true,10,1,"[1,3,4,5,6,8,9]",10,10,"[107,281,519,719,768,998,1483,1532,1550,1692]"
6,competence,true,10,2,[7],10,10,"[182,222,368,480,568,690,707,1113,1314,1467]"
6,competence,true,10,3,[0],10,10,"[30,202,252,682,1105,1287,1335,1493,1615,1703]"
6,competence,true,10,4,[2],10,10,"[51,184,205,528,851,1104,1214,1344,1625,1717]"
6,competence,true,20,1,"[1,3,4,5,6,8,9]",20,20,"[9,69,111,119,221,379,390,432,519,611,699,710,794,873,931,1008,1028,1040,1558,1784]"
6,competence,true,20,2,[7],20,20,"[17,94,222,342,368,413,429,480,533,602,628,820,1009,1046,1121,1275,1314,1432,1595,1674]"
6,competence,true,20,3,[0],20,20,"[55,78,79,202,252,416,464,718,812,1077,1105,1106,1206,1287,1335,1359,1388,1470,1494,1687]"
6,competence,true,20,4,[2],20,20,"[2,51,205,333,463,499,528,631,851,1081,1142,1214,1344,1499,1557,1597,1625,1717,1721,1742]"
6,competence,true,40,1,"[1,3,4,5,6,8,9]",40,40,"[9,14,31,46,58,117,324,373,379,387,397,402,419,432,482,527,540,586,601,608,615,768,818,838,867,911,988,1010,1062,1138,1168,1346,1384,1447,1453,1473,1602,1614,1659,1723]"
6,competence,true,40,2,[7],40,36,"[17,94,182,222,299,342,368,393,413,429,480,494,533,568,602,628,690,707,820,837,912,1009,1036,1046,1113,1121,1164,1275,1314,1405,1432,1467,1509,1595,1674,1710]"
6,competence,true,40,3,[0],40,36,"[30,55,78,79,202,252,416,464,656,676,682,718,776,812,848,1077,1105,1106,1153,1205,1206,1287,1335,1359,1365,1388,1470,1487,1493,1494,1615,1663,1687,1703,1722,1739]"
6,competence,true,40,4,[2],40,35,"[2,51,84,152,184,205,331,333,463,499,528,566,631,851,891,917,1031,1081,1104,1142,1169,1214,1234,1344,1472,1492,1499,1557,1593,1597,1618,1625,1717,1721,1742]"
6,random,pseudo,5,1,"[1,2,3,5,6,7,9]",5,5,"[456,581,882,1036,1492]"
6,random,pseudo,5,2,[4],5,5,"[198,746,863,1070,1374]"
6,random,pseudo,5,3,[0],5,5,"[78,776,848,1494,1739]"
6,random,pseudo,5,4,[8],5,5,"[76,482,1175,1583,1675]"
6,random,pseudo,10,1,"[1,2,3,5,6,7,9]",10,10,"[94,251,479,705,791,1010,1532,1572,1593,1710]"
6,random,pseudo,10,2,[4],10,10,"[111,198,324,584,710,746,770,1070,1328,1429]"
6,random,pseudo,10,3,[0],10,10,"[30,202,252,682,1105,1287,1335,1493,1615,1703]"
6,random,pseudo,10,4,[8],10,10,"[114,414,482,664,722,1057,1123,1175,1537,1583]"
6,random,pseudo,20,1,"[1,2,3,5,6,7,9]",20,20,"[6,63,103,119,205,355,381,413,479,566,631,690,835,882,936,1021,1036,1046,1595,1784]"
6,random,pseudo,20,2,[4],20,20,"[14,68,198,320,324,390,540,584,687,714,743,863,988,1043,1138,1221,1328,1384,1512,1515]"
6,random,pseudo,20,3,[0],20,20,"[55,78,79,202,252,416,464,718,812,1077,1105,1106,1206,1287,1335,1359,1388,1470,1494,1687]"
6,random,pseudo,20,4,[8],20,20,"[76,114,482,630,638,639,664,699,722,1028,1067,1123,1175,1305,1327,1453,1537,1583,1675,1685]"
6,random,pseudo,40,1,"[1,2,3,5,6,7,9]",40,40,"[6,9,19,42,51,117,299,342,355,368,389,392,402,413,445,480,494,533,551,561,568,791,837,858,875,917,1008,1024,1081,1164,1234,1378,1447,1473,1474,1499,1618,1633,1690,1723]"
6,random,pseudo,40,2,[4],40,36,"[14,68,111,198,260,320,324,353,390,540,584,640,687,710,714,743,746,770,863,873,897,988,998,1043,1070,1138,1148,1221,1328,1374,1384,1429,1483,1512,1515,1777]"
6,random,pseudo,40,3,[0],40,36,"[30,55,78,79,202,252,416,464,656,676,682,718,776,812,848,1077,1105,1106,1153,1205,1206,1287,1335,1359,1365,1388,1470,1487,1493,1494,1615,1663,1687,1703,1722,1739]"
6,random,pseudo,40,4,[8],40,35,"[76,114,309,379,414,482,513,630,638,639,664,674,699,722,742,768,794,1028,1057,1067,1069,1123,1141,1175,1210,1280,1305,1327,1443,1453,1455,1537,1583,1675,1685]"
6,random,true,5,1,"[1,2,3,5,6,7,9]",5,5,"[456,581,882,1036,1492]"
6,random,true,5,2,[4],5,5,"[198,746,863,1070,1374]"
6,random,true,5,3,[0],5,5,"[78,776,848,1494,1739]"
6,random,true,5,4,[8],5,5,"[76,482,1175,1583,1675]"
6,random,true,10,1,"[1,2,3,5,6,7,9]",10,10,"[94,251,479,705,791,1010,1532,1572,1593,1710]"
6,random,true,10,2,[4],10,10,"[111,198,324,584,710,746,770,1070,1328,1429]"
6,random,true,10,3,[0],10,10,"[30,202,252,682,1105,1287,1335,1493,1615,1703]"
6,random,true,10,4,[8],10,10,"[114,414,482,664,722,1057,1123,1175,1537,1583]"
6,random,true,20,1,"[1,2,3,5,6,7,9]",20,20,"[6,63,103,119,205,355,381,413,479,566,631,690,835,882,936,1021,1036,1046,1595,1784]"
6,random,true,20,2,[4],20,20,"[14,68,198,320,324,390,540,584,687,714,743,863,988,1043,1138,1221,1328,1384,1512,1515]"
6,random,true,20,3,[0],20,20,"[55,78,79,202,252,416,464,718,812,1077,1105,1106,1206,1287,1335,1359,1388,1470,1494,1687]"
6,random,true,20,4,[8],20,20,"[76,114,482,630,638,639,664,699,722,1028,1067,1123,1175,1305,1327,1453,1537,1583,1675,1685]"
6,random,true,40,1,"[1,2,3,5,6,7,9]",40,40,"[6,9,19,42,51,117,299,342,355,368,389,392,402,413,445,480,494,533,551,561,568,791,837,858,875,917,1008,1024,1081,1164,1234,1378,1447,1473,1474,1499,1618,1633,1690,1723]"
6,random,true,40,2,[4],40,36,"[14,68,111,198,260,320,324,353,390,540,584,640,687,710,714,743,746,770,863,873,897,988,998,1043,1070,1138,1148,1221,1328,1374,1384,1429,1483,1512,1515,1777]"
6,random,true,40,3,[0],40,36,"[30,55,78,79,202,252,416,464,656,676,682,718,776,812,848,1077,1105,1106,1153,1205,1206,1287,1335,1359,1365,1388,1470,1487,1493,1494,1615,1663,1687,1703,1722,1739]"
6,random,true,40,4,[8],40,35,"[76,114,309,379,414,482,513,630,638,639,664,674,699,722,742,768,794,1028,1057,1067,1069,1123,1141,1175,1210,1280,1305,1327,1443,1453,1455,1537,1583,1675,1685]"
7,competence,pseudo,5,1,"[2,3,5,6,8,9]",5,5,"[109,332,524,1354,1468]"
7,competence,pseudo,5,2,"[1,4]",5,5,"[390,873,972,1091,1242]"
7,competence,pseudo,5,3,[0],5,5,"[286,536,806,854,1359]"
7,competence,pseudo,5,4,[7],5,5,"[86,472,568,698,764]"
7,competence,pseudo,10,1,"[2,3,5,6,8,9]",10,10,"[484,774,801,1018,1100,1143,1147,1409,1750,1765]"
7,competence,pseudo,10,2,"[1,4]",10,10,"[90,210,343,496,623,897,952,998,1053,1071]"
7,competence,pseudo,10,3,[0],10,10,"[0,202,311,386,526,565,854,1335,1493,1573]"
7,competence,pseudo,10,4,[7],10,10,"[300,577,689,764,948,1275,1570,1595,1674,1761]"
7,competence,pseudo,20,1,"[2,3,5,6,8,9]",20,20,"[51,371,524,699,815,1004,1010,1169,1319,1325,1340,1427,1468,1482,1531,1606,1647,1695,1717,1742]"
7,competence,pseudo,20,2,"[1,4]",20,20,"[56,90,100,239,270,324,476,479,563,1053,1117,1151,1242,1247,1419,1439,1485,1567,1760,1774]"
7,competence,pseudo,20,3,[0],20,20,"[20,179,386,434,526,536,565,571,676,747,806,854,877,925,1157,1212,1335,1493,1715,1722]"
7,competence,pseudo,20,4,[7],20,20,"[27,273,300,374,393,472,560,568,663,689,754,828,888,1275,1330,1523,1552,1595,1674,1748]"
7,competence,pseudo,40,1,"[2,3,5,6,8,9]",40,40,"[6,34,109,114,146,161,246,369,371,431,436,489,535,562,685,706,781,851,910,938,962,978,1004,1018,1057,1118,1132,1143,1147,1190,1293,1300,1346,1352,1453,1465,1540,1602,1645,1647]"
7,competence,pseudo,40,2,"[1,4]",40,40,"[56,90,121,154,171,270,324,390,428,442,496,520,537,558,623,650,693,733,767,787,856,952,998,1053,1070,1071,1091,1151,1221,1242,1247,1334,1394,1549,1556,1564,1567,1660,1757,1760]"
7,competence,pseudo,40,3,[0],40,36,"[0,20,36,49,179,202,286,304,311,386,434,526,536,565,571,666,676,695,725,747,806,854,877,902,925,935,1029,1157,1212,1335,1359,1493,1573,1615,1715,1722]"
7,competence,pseudo,40,4,[7],40,36,"[27,86,273,300,308,374,393,429,430,472,504,559,560,568,577,663,689,698,754,764,828,888,948,1056,1275,1330,1399,1509,1523,1552,1570,1595,1674,1748,1753,1761]"
7,competence,true,5,1,"[2,3,5,6,8,9]",5,5,"[109,332,524,1354,1468]"
7,competence,true,5,2,"[1,4]",5,5,"[390,873,972,1091,1242]"
7,competence,true,5,3,[0],5,5,"[286,536,806,854,1359]"
7,competence,true,5,4,[7],5,5,"[86,472,568,698,764]"
7,competence,true,10,1,"[2,3,5,6,8,9]",10,10,"[484,774,801,1018,1100,1143,1147,1409,1750,1765]"
7,competence,true,10,2,"[1,4]",10,10,"[90,210,343,496,623,897,952,998,1053,1071]"
7,competence,true,10,3,[0],10,10,"[0,202,311,386,526,565,854,1335,1493,1573]"
7,competence,true,10,4,[7],10,10,"[300,577,689,764,948,1275,1570,1595,1674,1761]"
7,competence,true,20,1,"[2,3,5,6,8,9]",20,20,"[51,371,524,699,815,1004,1010,1169,1319,1325,1340,1427,1468,1482,1531,1606,1647,1695,1717,1742]"
7,competence,true,20,2,"[1,4]",20,20,"[56,90,100,239,270,324,476,479,563,1053,1117,1151,1242,1247,1419,1439,1485,1567,1760,1774]"
7,competence,true,20,3,[0],20,20,"[20,179,386,434,526,536,565,571,676,747,806,854,877,925,1157,1212,1335,1493,1715,1722]"
7,competence,true,20,4,[7],20,20,"[27,273,300,374,393,472,560,568,663,689,754,828,888,1275,1330,1523,1552,1595,1674,1748]"
7,competence,true,40,1,"[2,3,5,6,8,9]",40,40,"[6,34,109,114,146,161,246,369,371,431,436,489,535,562,685,706,781,851,910,938,962,978,1004,1018,1057,1118,1132,1143,1147,1190,1293,1300,1346,1352,1453,1465,1540,1602,1645,1647]"
7,competence,true,40,2,"[1,4]",40,40,"[56,90,121,154,171,270,324,390,428,442,496,520,537,558,623,650,693,733,767,787,856,952,998,1053,1070,1071,1091,1151,1221,1242,1247,1334,1394,1549,1556,1564,1567,1660,1757,1760]"
7,competence,true,40,3,[0],40,36,"[0,20,36,49,179,202,286,304,311,386,434,526,536,565,571,666,676,695,725,747,806,854,877,902,925,935,1029,1157,1212,1335,1359,1493,1573,1615,1715,1722]"
7,competence,true,40,4,[7],40,36,"[27,86,273,300,308,374,393,429,430,472,504,559,560,568,577,663,689,698,754,764,828,888,948,1056,1275,1330,1399,1509,1523,1552,1570,1595,1674,1748,1753,1761]"
7,random,pseudo,5,1,"[0,1,2,5,6,9]",5,5,"[56,262,479,1335,1450]"
7,random,pseudo,5,2,"[7,8]",5,5,"[393,764,888,978,1056]"
7,random,pseudo,5,3,[4],5,5,"[270,650,998,1023,1439]"
7,random,pseudo,5,4,[3],5,5,"[431,992,1125,1219,1602]"
7,random,pseudo,10,1,"[0,1,2,5,6,9]",10,10,"[440,702,747,952,1010,1100,1117,1372,1742,1757]"
7,random,pseudo,10,2,"[7,8]",10,10,"[27,296,383,462,560,828,872,933,978,1056]"
7,random,pseudo,10,3,[4],10,10,"[100,239,343,390,520,733,1023,1419,1549,1567]"
7,random,pseudo,10,4,[3],10,10,"[431,539,821,962,992,1220,1332,1378,1606,1750]"
7,random,pseudo,20,1,"[0,1,2,5,6,9]",20,20,"[36,311,479,661,774,938,942,1129,1247,1293,1326,1406,1450,1465,1499,1580,1645,1692,1715,1733]"
7,random,pseudo,20,2,"[7,8]",20,20,"[8,27,86,308,332,374,429,430,559,828,948,1057,1175,1330,1409,1509,1523,1552,1761,1794]"
7,random,pseudo,20,3,[4],20,20,"[121,194,390,496,520,650,733,757,800,988,998,1023,1053,1091,1257,1408,1419,1549,1660,1764]"
7,random,pseudo,20,4,[3],20,20,"[189,446,475,484,489,705,735,744,867,962,1004,1125,1219,1260,1300,1378,1478,1518,1606,1726]"
7,random,pseudo,40,1,"[0,1,2,5,6,9]",40,40,"[2,20,56,66,90,135,164,304,311,408,415,442,526,537,657,666,711,788,845,910,917,925,938,952,987,1018,1051,1100,1117,1133,1231,1232,1333,1334,1427,1447,1531,1575,1615,1645]"
7,random,pseudo,40,2,"[7,8]",40,40,"[8,27,114,183,273,332,374,393,394,424,462,472,504,524,560,568,612,663,689,698,754,872,933,978,997,1056,1057,1275,1325,1330,1340,1409,1468,1595,1596,1664,1674,1748,1753,1761]"
7,random,pseudo,40,3,[4],40,36,"[100,121,154,171,194,239,270,324,343,390,496,520,650,733,757,767,800,873,897,988,998,1023,1053,1070,1091,1151,1221,1257,1408,1419,1439,1549,1567,1628,1660,1764]"
7,random,pseudo,40,4,[3],40,37,"[189,431,446,475,477,484,489,539,605,705,706,709,735,744,821,867,962,992,1004,1118,1125,1219,1220,1240,1260,1300,1332,1346,1378,1478,1506,1518,1602,1606,1726,1750,1765]"
7,random,true,5,1,"[0,1,2,5,6,9]",5,5,"[56,262,479,1335,1450]"
7,random,true,5,2,"[7,8]",5,5,"[393,764,888,978,1056]"
7,random,true,5,3,[4],5,5,"[270,650,998,1023,1439]"
7,random,true,5,4,[3],5,5,"[431,992,1125,1219,1602]"
7,random,true,10,1,"[0,1,2,5,6,9]",10,10,"[440,702,747,952,1010,1100,1117,1372,1742,1757]"
7,random,true,10,2,"[7,8]",10,10,"[27,296,383,462,560,828,872,933,978,1056]"
7,random,true,10,3,[4],10,10,"[100,239,343,390,520,733,1023,1419,1549,1567]"
7,random,true,10,4,[3],10,10,"[431,539,821,962,992,1220,1332,1378,1606,1750]"
7,random,true,20,1,"[0,1,2,5,6,9]",20,20,"[36,311,479,661,774,938,942,1129,1247,1293,1326,1406,1450,1465,1499,1580,1645,1692,1715,1733]"
7,random,true,20,2,"[7,8]",20,20,"[8,27,86,308,332,374,429,430,559,828,948,1057,1175,1330,1409,1509,1523,1552,1761,1794]"
7,random,true,20,3,[4],20,20,"[121,194,390,496,520,650,733,757,800,988,998,1023,1053,1091,1257,1408,1419,1549,1660,1764]"
7,random,true,20,4,[3],20,20,"[189,446,475,484,489,705,735,744,867,962,1004,1125,1219,1260,1300,1378,1478,1518,1606,1726]"
7,random,true,40,1,"[0,1,2,5,6,9]",40,40,"[2,20,56,66,90,135,164,304,311,408,415,442,526,537,657,666,711,788,845,910,917,925,938,952,987,1018,1051,1100,1117,1133,1231,1232,1333,1334,1427,1447,1531,1575,1615,1645]"
7,random,true,40,2,"[7,8]",40,40,"[8,27,114,183,273,332,374,393,394,424,462,472,504,524,560,568,612,663,689,698,754,872,933,978,997,1056,1057,1275,1325,1330,1340,1409,1468,1595,1596,1664,1674,1748,1753,1761]"
7,random,true,40,3,[4],40,36,"[100,121,154,171,194,239,270,324,343,390,496,520,650,733,757,767,800,873,897,988,998,1023,1053,1070,1091,1151,1221,1257,1408,1419,1439,1549,1567,1628,1660,1764]"
7,random,true,40,4,[3],40,37,"[189,431,446,475,477,484,489,539,605,705,706,709,735,744,821,867,962,992,1004,1118,1125,1219,1220,1240,1260,1300,1332,1346,1378,1478,1506,1518,1602,1606,1726,1750,1765]"
8,competence,pseudo,5,1,"[1,3,5,7,8,9]",5,5,"[267,425,1416,1604,1675]"
8,competence,pseudo,5,2,[6],5,5,"[314,989,1005,1303,1510]"
8,competence,pseudo,5,3,"[0,4]",5,5,"[124,887,974,1336,1691]"
8,competence,pseudo,5,4,[2],5,5,"[51,331,927,1547,1751]"
8,competence,pseudo,10,1,"[1,3,5,7,8,9]",10,10,"[203,446,462,601,1069,1073,1396,1401,1418,1590]"
8,competence,pseudo,10,2,[6],10,10,"[314,392,550,620,712,1223,1431,1473,1551,1647]"
8,competence,pseudo,10,3,"[0,4]",10,10,"[150,357,617,676,1091,1297,1435,1456,1526,1691]"
8,competence,pseudo,10,4,[2],10,10,"[50,258,278,331,566,696,860,1214,1338,1782]"
8,competence,pseudo,20,1,"[1,3,5,7,8,9]",20,20,"[32,89,168,267,539,556,744,754,797,816,818,838,926,1054,1176,1264,1404,1406,1713,1750]"
8,competence,pseudo,20,2,[6],20,20,"[164,232,272,314,550,620,880,931,960,1005,1092,1094,1191,1222,1261,1391,1449,1473,1510,1647]"
8,competence,pseudo,20,3,"[0,4]",20,20,"[49,202,250,276,320,580,710,817,886,902,974,988,1167,1268,1297,1365,1435,1456,1611,1745]"
8,competence,pseudo,20,4,[2],20,20,"[50,115,142,207,243,258,278,333,372,566,700,759,1104,1111,1179,1214,1338,1472,1751,1782]"
8,competence,pseudo,40,1,"[1,3,5,7,8,9]",40,40,"[33,59,141,168,192,332,358,370,428,457,462,479,513,521,562,587,602,607,744,753,754,768,814,928,945,1069,1144,1176,1182,1201,1226,1230,1376,1405,1416,1520,1616,1700,1713,1766]"
8,competence,pseudo,40,2,[6],40,36,"[164,196,232,272,314,392,550,620,712,842,880,931,960,989,1005,1092,1094,1191,1222,1223,1261,1303,1321,1345,1382,1391,1393,1431,1449,1473,1510,1551,1636,1647,1701,1749]"
8,competence,pseudo,40,3,"[0,4]",40,40,"[97,124,134,178,202,247,276,357,380,617,676,756,817,854,863,887,900,902,957,974,1039,1091,1095,1105,1157,1167,1254,1268,1336,1374,1397,1411,1456,1536,1555,1563,1584,1611,1697,1716]"
8,competence,pseudo,40,4,[2],40,35,"[50,51,115,142,207,243,258,278,331,333,340,372,461,566,600,696,700,759,860,927,1104,1111,1179,1207,1214,1232,1272,1338,1472,1547,1625,1669,1751,1782,1783]"
8,competence,true,5,1,"[1,3,5,7,8,9]",5,5,"[267,425,1416,1604,1675]"
8,competence,true,5,2,[6],5,5,"[314,989,1005,1303,1510]"
8,competence,true,5,3,"[0,4]",5,5,"[124,887,974,1336,1691]"
8,competence,true,5,4,[2],5,5,"[51,331,927,1547,1751]"
8,competence,true,10,1,"[1,3,5,7,8,9]",10,10,"[203,446,462,601,1069,1073,1396,1401,1418,1590]"
8,competence,true,10,2,[6],10,10,"[314,392,550,620,712,1223,1431,1473,1551,1647]"
8,competence,true,10,3,"[0,4]",10,10,"[150,357,617,676,1091,1297,1435,1456,1526,1691]"
8,competence,true,10,4,[2],10,10,"[50,258,278,331,566,696,860,1214,1338,1782]"
8,competence,true,20,1,"[1,3,5,7,8,9]",20,20,"[32,89,168,267,539,556,744,754,797,816,818,838,926,1054,1176,1264,1404,1406,1713,1750]"
8,competence,true,20,2,[6],20,20,"[164,232,272,314,550,620,880,931,960,1005,1092,1094,1191,1222,1261,1391,1449,1473,1510,1647]"
8,competence,true,20,3,"[0,4]",20,20,"[49,202,250,276,320,580,710,817,886,902,974,988,1167,1268,1297,1365,1435,1456,1611,1745]"
8,competence,true,20,4,[2],20,20,"[50,115,142,207,243,258,278,333,372,566,700,759,1104,1111,1179,1214,1338,1472,1751,1782]"
8,competence,true,40,1,"[1,3,5,7,8,9]",40,40,"[33,59,141,168,192,332,358,370,428,457,462,479,513,521,562,587,602,607,744,753,754,768,814,928,945,1069,1144,1176,1182,1201,1226,1230,1376,1405,1416,1520,1616,1700,1713,1766]"
8,competence,true,40,2,[6],40,36,"[164,196,232,272,314,392,550,620,712,842,880,931,960,989,1005,1092,1094,1191,1222,1223,1261,1303,1321,1345,1382,1391,1393,1431,1449,1473,1510,1551,1636,1647,1701,1749]"
8,competence,true,40,3,"[0,4]",40,40,"[97,124,134,178,202,247,276,357,380,617,676,756,817,854,863,887,900,902,957,974,1039,1091,1095,1105,1157,1167,1254,1268,1336,1374,1397,1411,1456,1536,1555,1563,1584,1611,1697,1716]"
8,competence,true,40,4,[2],40,35,"[50,51,115,142,207,243,258,278,331,333,340,372,461,566,600,696,700,759,860,927,1104,1111,1179,1207,1214,1232,1272,1338,1472,1547,1625,1669,1751,1782,1783]"
8,random,pseudo,5,1,"[1,2,4,5,7,9]",5,5,"[278,425,832,1174,1584]"
8,random,pseudo,5,2,[0],5,5,"[202,786,812,1157,1545]"
8,random,pseudo,5,3,"[3,8]",5,5,"[59,659,768,1175,1750]"
8,random,pseudo,5,4,[6],5,5,"[196,712,1223,1431,1510]"
8,random,pseudo,10,1,"[1,2,4,5,7,9]",10,10,"[243,258,331,797,850,886,1394,1399,1589,1669]"
8,random,pseudo,10,2,[0],10,10,"[202,276,305,357,571,1039,1435,1464,1555,1697]"
8,random,pseudo,10,3,"[3,8]",10,10,"[89,332,424,439,838,1150,1376,1409,1474,1750]"
8,random,pseudo,10,4,[6],10,10,"[164,550,620,712,989,1092,1222,1393,1449,1701]"
8,random,pseudo,20,1,"[1,2,4,5,7,9]",20,20,"[33,109,169,278,600,601,797,822,850,860,863,900,970,1075,1207,1272,1416,1590,1700,1737]"
8,random,pseudo,20,2,[0],20,20,"[49,178,185,202,305,357,676,701,776,812,854,902,957,974,1105,1336,1445,1464,1545,1697]"
8,random,pseudo,20,3,"[3,8]",20,20,"[3,168,183,189,206,404,462,579,654,699,768,814,964,1118,1150,1216,1376,1409,1727,1796]"
8,random,pseudo,20,4,[6],20,20,"[164,232,272,314,392,620,842,931,989,1094,1191,1261,1303,1321,1382,1449,1510,1551,1647,1701]"
8,random,pseudo,40,1,"[1,2,4,5,7,9]",40,40,"[47,61,142,169,240,320,340,358,430,479,495,498,580,587,602,665,681,700,818,822,887,900,947,970,1075,1174,1201,1214,1227,1254,1264,1269,1394,1411,1424,1454,1524,1590,1700,1766]"
8,random,pseudo,40,2,[0],40,36,"[49,150,178,185,202,276,305,357,571,617,676,701,776,786,812,854,902,957,974,1039,1105,1157,1167,1235,1297,1336,1365,1435,1445,1464,1545,1555,1563,1697,1716,1745]"
8,random,pseudo,40,3,"[3,8]",40,40,"[38,59,63,91,168,170,189,332,354,424,439,482,579,607,614,659,691,699,705,768,836,838,867,928,945,964,1110,1118,1175,1255,1271,1284,1409,1537,1664,1675,1712,1727,1758,1790]"
8,random,pseudo,40,4,[6],40,36,"[164,196,232,272,314,392,550,620,712,842,880,931,960,989,1005,1092,1094,1191,1222,1223,1261,1303,1321,1345,1382,1391,1393,1431,1449,1473,1510,1551,1636,1647,1701,1749]"
8,random,true,5,1,"[1,2,4,5,7,9]",5,5,"[278,425,832,1174,1584]"
8,random,true,5,2,[0],5,5,"[202,786,812,1157,1545]"
8,random,true,5,3,"[3,8]",5,5,"[59,659,768,1175,1750]"
8,random,true,5,4,[6],5,5,"[196,712,1223,1431,1510]"
8,random,true,10,1,"[1,2,4,5,7,9]",10,10,"[243,258,331,797,850,886,1394,1399,1589,1669]"
8,random,true,10,2,[0],10,10,"[202,276,305,357,571,1039,1435,1464,1555,1697]"
8,random,true,10,3,"[3,8]",10,10,"[89,332,424,439,838,1150,1376,1409,1474,1750]"
8,random,true,10,4,[6],10,10,"[164,550,620,712,989,1092,1222,1393,1449,1701]"
8,random,true,20,1,"[1,2,4,5,7,9]",20,20,"[33,109,169,278,600,601,797,822,850,860,863,900,970,1075,1207,1272,1416,1590,1700,1737]"
8,random,true,20,2,[0],20,20,"[49,178,185,202,305,357,676,701,776,812,854,902,957,974,1105,1336,1445,1464,1545,1697]"
8,random,true,20,3,"[3,8]",20,20,"[3,168,183,189,206,404,462,579,654,699,768,814,964,1118,1150,1216,1376,1409,1727,1796]"
8,random,true,20,4,[6],20,20,"[164,232,272,314,392,620,842,931,989,1094,1191,1261,1303,1321,1382,1449,1510,1551,1647,1701]"
8,random,true,40,1,"[1,2,4,5,7,9]",40,40,"[47,61,142,169,240,320,340,358,430,479,495,498,580,587,602,665,681,700,818,822,887,900,947,970,1075,1174,1201,1214,1227,1254,1264,1269,1394,1411,1424,1454,1524,1590,1700,1766]"
8,random,true,40,2,[0],40,36,"[49,150,178,185,202,276,305,357,571,617,676,701,776,786,812,854,902,957,974,1039,1105,1157,1167,1235,1297,1336,1365,1435,1445,1464,1545,1555,1563,1697,1716,1745]"
8,random,true,40,3,"[3,8]",40,40,"[38,59,63,91,168,170,189,332,354,424,439,482,579,607,614,659,691,699,705,768,836,838,867,928,945,964,1110,1118,1175,1255,1271,1284,1409,1537,1664,1675,1712,1727,1758,1790]"
8,random,true,40,4,[6],40,36,"[164,196,232,272,314,392,550,620,712,842,880,931,960,989,1005,1092,1094,1191,1222,1223,1261,1303,1321,1345,1382,1391,1393,1431,1449,1473,1510,1551,1636,1647,1701,1749]"
9,competence,pseudo,5,1,"[0,2]",5,5,"[140,328,396,694,1283]"
9,competence,pseudo,5,2,"[1,4,5,7,8,9]",5,5,"[109,714,1392,1560,1728]"
9,competence,pseudo,5,3,[3],5,5,"[706,950,1217,1255,1290]"
9,competence,pseudo,5,4,[6],5,5,"[164,662,960,984,1313]"
9,competence,pseudo,10,1,"[0,2]",10,10,"[126,140,328,335,617,697,956,1494,1555,1594]"
9,competence,pseudo,10,2,"[1,4,5,7,8,9]",10,10,"[109,813,829,1145,1288,1327,1389,1401,1526,1708]"
9,competence,pseudo,10,3,[3],10,10,"[13,133,190,347,359,908,1246,1347,1518,1602]"
9,competence,pseudo,10,4,[6],10,10,"[6,164,234,474,583,728,1035,1215,1313,1623]"
9,competence,pseudo,20,1,"[0,2]",20,20,"[126,214,443,570,617,631,646,902,1002,1193,1214,1241,1258,1335,1403,1563,1594,1642,1654,1655]"
9,competence,pseudo,20,2,"[1,4,5,7,8,9]",20,20,"[42,129,239,295,309,438,651,850,898,963,1030,1112,1124,1156,1172,1343,1527,1614,1737,1784]"
9,competence,pseudo,20,3,[3],20,20,"[13,63,89,103,133,213,347,469,477,576,706,1042,1052,1217,1255,1347,1504,1670,1712,1770]"
9,competence,pseudo,20,4,[6],20,20,"[6,67,164,232,234,581,728,741,792,841,882,911,984,996,1035,1215,1313,1480,1497,1734]"
9,competence,pseudo,40,1,"[0,2]",40,40,"[48,77,101,126,328,335,388,396,436,487,502,617,697,730,788,902,956,979,981,986,1065,1102,1128,1153,1157,1187,1193,1211,1214,1241,1323,1342,1403,1557,1563,1579,1615,1642,1655,1689]"
9,competence,pseudo,40,2,"[1,4,5,7,8,9]",40,40,"[4,21,138,172,204,218,254,297,373,498,585,636,664,667,787,819,850,857,884,924,933,1022,1030,1156,1209,1275,1284,1327,1379,1433,1447,1501,1553,1666,1700,1713,1736,1747,1759,1791]"
9,competence,pseudo,40,3,[3],40,37,"[13,63,89,103,133,190,193,213,318,347,359,448,469,477,576,706,908,950,1042,1052,1130,1217,1246,1255,1290,1310,1347,1378,1385,1504,1518,1602,1639,1670,1680,1712,1770]"
9,competence,pseudo,40,4,[6],40,36,"[6,67,164,232,234,290,474,522,581,583,622,662,728,741,792,841,843,882,911,960,984,996,1035,1191,1215,1224,1245,1313,1421,1441,1480,1497,1610,1623,1734,1762]"
9,competence,true,5,1,"[0,2]",5,5,"[140,328,396,694,1283]"
9,competence,true,5,2,"[1,4,5,7,8,9]",5,5,"[109,714,1392,1560,1728]"
9,competence,true,5,3,[3],5,5,"[706,950,1217,1255,1290]"
9,competence,true,5,4,[6],5,5,"[164,662,960,984,1313]"
9,competence,true,10,1,"[0,2]",10,10,"[126,140,328,335,617,697,956,1494,1555,1594]"
9,competence,true,10,2,"[1,4,5,7,8,9]",10,10,"[109,813,829,1145,1288,1327,1389,1401,1526,1708]"
9,competence,true,10,3,[3],10,10,"[13,133,190,347,359,908,1246,1347,1518,1602]"
9,competence,true,10,4,[6],10,10,"[6,164,234,474,583,728,1035,1215,1313,1623]"
9,competence,true,20,1,"[0,2]",20,20,"[126,214,443,570,617,631,646,902,1002,1193,1214,1241,1258,1335,1403,1563,1594,1642,1654,1655]"
9,competence,true,20,2,"[1,4,5,7,8,9]",20,20,"[42,129,239,295,309,438,651,850,898,963,1030,1112,1124,1156,1172,1343,1527,1614,1737,1784]"
9,competence,true,20,3,[3],20,20,"[13,63,89,103,133,213,347,469,477,576,706,1042,1052,1217,1255,1347,1504,1670,1712,1770]"
9,competence,true,20,4,[6],20,20,"[6,67,164,232,234,581,728,741,792,841,882,911,984,996,1035,1215,1313,1480,1497,1734]"
9,competence,true,40,1,"[0,2]",40,40,"[48,77,101,126,328,335,388,396,436,487,502,617,697,730,788,902,956,979,981,986,1065,1102,1128,1153,1157,1187,1193,1211,1214,1241,1323,1342,1403,1557,1563,1579,1615,1642,1655,1689]"
9,competence,true,40,2,"[1,4,5,7,8,9]",40,40,"[4,21,138,172,204,218,254,297,373,498,585,636,664,667,787,819,850,857,884,924,933,1022,1030,1156,1209,1275,1284,1327,1379,1433,1447,1501,1553,1666,1700,1713,1736,1747,1759,1791]"
9,competence,true,40,3,[3],40,37,"[13,63,89,103,133,190,193,213,318,347,359,448,469,477,576,706,908,950,1042,1052,1130,1217,1246,1255,1290,1310,1347,1378,1385,1504,1518,1602,1639,1670,1680,1712,1770]"
9,competence,true,40,4,[6],40,36,"[6,67,164,232,234,290,474,522,581,583,622,662,728,741,792,841,843,882,911,960,984,996,1035,1191,1215,1224,1245,1313,1421,1441,1480,1497,1610,1623,1734,1762]"
9,random,pseudo,5,1,"[6,7]",5,5,"[234,474,583,857,1245]"
9,random,pseudo,5,2,"[0,1,4,5,8,9]",5,5,"[109,664,1392,1568,1736]"
9,random,pseudo,5,3,[3],5,5,"[706,950,1217,1255,1290]"
9,random,pseudo,5,4,[2],5,5,"[84,986,1014,1594,1689]"
9,random,pseudo,10,1,"[6,7]",10,10,"[232,234,474,522,819,862,911,1441,1442,1501]"
9,random,pseudo,10,2,"[0,1,4,5,8,9]",10,10,"[109,787,807,1157,1319,1334,1389,1401,1537,1700]"
9,random,pseudo,10,3,[3],10,10,"[13,133,190,347,359,908,1246,1347,1518,1602]"
9,random,pseudo,10,4,[2],10,10,"[50,77,333,388,440,502,631,1403,1654,1655]"
9,random,pseudo,20,1,"[6,7]",20,20,"[232,290,662,741,819,841,843,894,984,1191,1215,1218,1245,1339,1441,1501,1527,1552,1610,1649]"
9,random,pseudo,20,2,"[0,1,4,5,8,9]",20,20,"[42,126,204,286,295,396,617,829,923,997,1069,1137,1146,1181,1187,1343,1542,1615,1739,1784]"
9,random,pseudo,20,3,[3],20,20,"[13,63,89,103,133,213,347,469,477,576,706,1042,1052,1217,1255,1347,1504,1670,1712,1770]"
9,random,pseudo,20,4,[2],20,20,"[50,77,84,214,333,436,443,502,528,570,631,730,956,979,986,1102,1241,1403,1654,1689]"
9,random,pseudo,40,1,"[6,7]",40,40,"[6,52,164,232,474,522,581,583,628,663,728,862,870,882,894,911,954,960,963,996,1035,1036,1046,1072,1108,1145,1191,1209,1215,1218,1275,1313,1421,1442,1497,1501,1527,1610,1649,1728]"
9,random,pseudo,40,2,"[0,1,4,5,8,9]",40,40,"[4,21,129,170,198,199,218,289,328,466,514,594,635,636,763,804,829,850,898,938,975,1065,1069,1181,1233,1282,1301,1334,1379,1433,1450,1520,1563,1663,1699,1713,1737,1747,1759,1791]"
9,random,pseudo,40,3,[3],40,37,"[13,63,89,103,133,190,193,213,318,347,359,448,469,477,576,706,908,950,1042,1052,1130,1217,1246,1255,1290,1310,1347,1378,1385,1504,1518,1602,1639,1670,1680,1712,1770]"
9,random,pseudo,40,4,[2],40,35,"[50,77,84,214,333,369,388,398,436,440,443,499,502,528,570,631,697,730,788,830,956,979,986,1014,1102,1211,1214,1241,1403,1557,1594,1654,1655,1689,1742]"
9,random,true,5,1,"[6,7]",5,5,"[234,474,583,857,1245]"
9,random,true,5,2,"[0,1,4,5,8,9]",5,5,"[109,664,1392,1568,1736]"
9,random,true,5,3,[3],5,5,"[706,950,1217,1255,1290]"
9,random,true,5,4,[2],5,5,"[84,986,1014,1594,1689]"
9,random,true,10,1,"[6,7]",10,10,"[232,234,474,522,819,862,911,1441,1442,1501]"
9,random,true,10,2,"[0,1,4,5,8,9]",10,10,"[109,787,807,1157,1319,1334,1389,1401,1537,1700]"
9,random,true,10,3,[3],10,10,"[13,133,190,347,359,908,1246,1347,1518,1602]"
9,random,true,10,4,[2],10,10,"[50,77,333,388,440,502,631,1403,1654,1655]"
9,random,true,20,1,"[6,7]",20,20,"[232,290,662,741,819,841,843,894,984,1191,1215,1218,1245,1339,1441,1501,1527,1552,1610,1649]"
9,random,true,20,2,"[0,1,4,5,8,9]",20,20,"[42,126,204,286,295,396,617,829,923,997,1069,1137,1146,1181,1187,1343,1542,1615,1739,1784]"
9,random,true,20,3,[3],20,20,"[13,63,89,103,133,213,347,469,477,576,706,1042,1052,1217,1255,1347,1504,1670,1712,1770]"
9,random,true,20,4,[2],20,20,"[50,77,84,214,333,436,443,502,528,570,631,730,956,979,986,1102,1241,1403,1654,1689]"
9,random,true,40,1,"[6,7]",40,40,"[6,52,164,232,474,522,581,583,628,663,728,862,870,882,894,911,954,960,963,996,1035,1036,1046,1072,1108,1145,1191,1209,1215,1218,1275,1313,1421,1442,1497,1501,1527,1610,1649,1728]"
9,random,true,40,2,"[0,1,4,5,8,9]",40,40,"[4,21,129,170,198,199,218,289,328,466,514,594,635,636,763,804,829,850,898,938,975,1065,1069,1181,1233,1282,1301,1334,1379,1433,1450,1520,1563,1663,1699,1713,1737,1747,1759,1791]"
9,random,true,40,3,[3],40,37,"[13,63,89,103,133,190,193,213,318,347,359,448,469,477,576,706,908,950,1042,1052,1130,1217,1246,1255,1290,1310,1347,1378,1385,1504,1518,1602,1639,1670,1680,1712,1770]"
9,random,true,40,4,[2],40,35,"[50,77,84,214,333,369,388,398,436,440,443,499,502,528,570,631,697,730,788,830,956,979,986,1014,1102,1211,1214,1241,1403,1557,1594,1654,1655,1689,1742]"
