domain,N,c,B,n_seeds,n_integration_changes,n_current_fast,n_noncompensating,mean_rho,std_rho,mean_DeltaV,std_DeltaV,mean_H,std_H,mean_DeltaV_local,mean_DeltaV_cross
art_painting,25,0.0,1,5,0,2,2,-0.004564307855708649,0.04552405091196551,-0.006936318419069898,0.0053637598558159945,-0.0023720105633612486,0.04413899341691776,0.0007484264306466925,-0.007684744849716624
art_painting,25,0.0,2,5,0,2,2,-0.004564307855708649,0.04552405091196551,-0.006936318419069898,0.0053637598558159945,-0.009308328982431146,0.04337743777430747,0.0007484264306466925,-0.007684744849716624
art_painting,25,0.0,5,5,0,2,2,-0.004564307855708649,0.04552405091196551,-0.006936318419069898,0.0053637598558159945,-0.03011728423964084,0.04502105340137986,0.0007484264306466925,-0.007684744849716624
art_painting,25,0.0,10,5,0,2,2,-0.004564307855708649,0.04552405091196551,-0.006936318419069898,0.0053637598558159945,-0.06479887633499033,0.058479460298875255,0.0007484264306466925,-0.007684744849716624
art_painting,25,0.02,1,5,0,2,2,0.015435692144291368,0.04552405091196551,-0.00835240248810063,0.006300237287388511,-0.023788094632392,0.043400405531794084,0.0012354460607544248,-0.009587848548855072
art_painting,25,0.02,2,5,0,2,2,0.015435692144291368,0.04552405091196551,-0.00835240248810063,0.006300237287388511,-0.03214049712049263,0.04212050770073811,0.0012354460607544248,-0.009587848548855072
art_painting,25,0.02,5,5,0,2,2,0.015435692144291368,0.04552405091196551,-0.00835240248810063,0.006300237287388511,-0.05719770458479452,0.043841520884066176,0.0012354460607544248,-0.009587848548855072
art_painting,25,0.02,10,5,0,2,2,0.015435692144291368,0.04552405091196551,-0.00835240248810063,0.006300237287388511,-0.09895971702529767,0.06128921756141793,0.0012354460607544248,-0.009587848548855072
art_painting,25,0.05,1,5,0,5,5,0.0454356921442914,0.04552405091196551,-0.009212945311673914,0.008157335276003869,-0.05464863745596531,0.042329522306688086,0.0025601935481177674,-0.011773138859791648
art_painting,25,0.05,2,5,0,5,5,0.0454356921442914,0.04552405091196551,-0.009212945311673914,0.008157335276003869,-0.06386158276763923,0.0405490066906682,0.0025601935481177674,-0.011773138859791648
art_painting,25,0.05,5,5,0,5,5,0.0454356921442914,0.04552405091196551,-0.009212945311673914,0.008157335276003869,-0.09150041870266097,0.04472167062983951,0.0025601935481177674,-0.011773138859791648
art_painting,25,0.05,10,5,0,5,5,0.0454356921442914,0.04552405091196551,-0.009212945311673914,0.008157335276003869,-0.13756514526103053,0.07248946390110309,0.0025601935481177674,-0.011773138859791648
art_painting,25,0.1,1,5,0,5,5,0.09543569214429133,0.04552405091196551,-0.017525507798588837,0.006309025723171886,-0.11296119994288016,0.04324560871811423,0.0025601935481177674,-0.020085701346706546
art_painting,25,0.1,2,5,0,5,5,0.09543569214429133,0.04552405091196551,-0.017525507798588837,0.006309025723171886,-0.130486707741469,0.04180351356664337,0.0025601935481177674,-0.020085701346706546
art_painting,25,0.1,5,5,0,5,5,0.09543569214429133,0.04552405091196551,-0.017525507798588837,0.006309025723171886,-0.1830632311372355,0.04309562196758698,0.0025601935481177674,-0.020085701346706546
art_painting,25,0.1,10,5,0,5,5,0.09543569214429133,0.04552405091196551,-0.017525507798588837,0.006309025723171886,-0.27069077013017967,0.06026787148135674,0.0025601935481177674,-0.020085701346706546
art_painting,25,0.15,1,5,0,5,5,0.14543569214429136,0.04552405091196551,-0.027067656813769103,0.006508905090952073,-0.17250334895806047,0.041291068924150284,0.0025601935481177674,-0.0296278503618868
art_painting,25,0.15,2,5,0,5,5,0.14543569214429136,0.04552405091196551,-0.027067656813769103,0.006508905090952073,-0.19957100577182957,0.03771203024670873,0.0025601935481177674,-0.0296278503618868
art_painting,25,0.15,5,5,0,5,5,0.14543569214429136,0.04552405091196551,-0.027067656813769103,0.006508905090952073,-0.2807739762131369,0.032898661498823485,0.0025601935481177674,-0.0296278503618868
art_painting,25,0.15,10,5,0,5,5,0.14543569214429136,0.04552405091196551,-0.027067656813769103,0.006508905090952073,-0.4161122602819824,0.04701592197909346,0.0025601935481177674,-0.0296278503618868
art_painting,50,0.0,1,5,0,2,2,-0.004564307855708649,0.04552405091196551,-0.009798716852321698,0.007813428959763823,-0.005234408996613049,0.04821006527702193,-0.0013081678045326784,-0.008490549047789054
art_painting,50,0.0,2,5,0,2,2,-0.004564307855708649,0.04552405091196551,-0.009798716852321698,0.007813428959763823,-0.015033125848934747,0.051943054596478584,-0.0013081678045326784,-0.008490549047789054
art_painting,50,0.0,5,5,0,2,2,-0.004564307855708649,0.04552405091196551,-0.009798716852321698,0.007813428959763823,-0.044429276405899845,0.06747064966723074,-0.0013081678045326784,-0.008490549047789054
art_painting,50,0.0,10,5,0,2,2,-0.004564307855708649,0.04552405091196551,-0.009798716852321698,0.007813428959763823,-0.09342286066750834,0.10042221630229507,-0.0013081678045326784,-0.008490549047789054
art_painting,50,0.02,1,5,0,2,2,0.015435692144291368,0.04552405091196551,-0.014477066757687406,0.008333448357869574,-0.029912758901978774,0.04850450274155375,-0.0013081678045326784,-0.013168898953154729
art_painting,50,0.02,2,5,0,2,2,0.015435692144291368,0.04552405091196551,-0.014477066757687406,0.008333448357869574,-0.044389825659666184,0.05264814416522315,-0.0013081678045326784,-0.013168898953154729
art_painting,50,0.02,5,5,0,2,2,0.015435692144291368,0.04552405091196551,-0.014477066757687406,0.008333448357869574,-0.0878210259327284,0.06973237638250718,-0.0013081678045326784,-0.013168898953154729
art_painting,50,0.02,10,5,0,2,2,0.015435692144291368,0.04552405091196551,-0.014477066757687406,0.008333448357869574,-0.16020635972116543,0.10547553032401409,-0.0013081678045326784,-0.013168898953154729
art_painting,50,0.05,1,5,0,5,5,0.0454356921442914,0.04552405091196551,-0.02345386167922072,0.008945305429203958,-0.06888955382351211,0.04374936023998515,-0.0026064316123874443,-0.02084743006683326
art_painting,50,0.05,2,5,0,5,5,0.0454356921442914,0.04552405091196551,-0.02345386167922072,0.008945305429203958,-0.09234341550273284,0.04376769139244439,-0.0026064316123874443,-0.02084743006683326
art_painting,50,0.05,5,5,0,5,5,0.0454356921442914,0.04552405091196551,-0.02345386167922072,0.008945305429203958,-0.162705000540395,0.05367164564026309,-0.0026064316123874443,-0.02084743006683326
art_painting,50,0.05,10,5,0,5,5,0.0454356921442914,0.04552405091196551,-0.02345386167922072,0.008945305429203958,-0.2799743089364986,0.08769136982120877,-0.0026064316123874443,-0.02084743006683326
art_painting,50,0.1,1,5,0,5,5,0.09543569214429133,0.04552405091196551,-0.0395251018956974,0.013958602392421702,-0.13496079403998873,0.04019570180085232,-0.004241386172659028,-0.03528371572303832
art_painting,50,0.1,2,5,0,5,5,0.09543569214429133,0.04552405091196551,-0.0395251018956974,0.013958602392421702,-0.17448589593568614,0.03935269795821245,-0.004241386172659028,-0.03528371572303832
art_painting,50,0.1,5,5,0,5,5,0.09543569214429133,0.04552405091196551,-0.0395251018956974,0.013958602392421702,-0.2930612016227784,0.060708870732115554,-0.004241386172659028,-0.03528371572303832
art_painting,50,0.1,10,5,0,5,5,0.09543569214429133,0.04552405091196551,-0.0395251018956974,0.013958602392421702,-0.4906867111012653,0.12264103635075922,-0.004241386172659028,-0.03528371572303832
art_painting,50,0.15,1,5,0,5,5,0.14543569214429136,0.04552405091196551,-0.05165353584218244,0.015364254972084088,-0.19708922798647383,0.04109111943819507,-0.004241386172659028,-0.04741214966952337
art_painting,50,0.15,2,5,0,5,5,0.14543569214429136,0.04552405091196551,-0.05165353584218244,0.015364254972084088,-0.24874276382865626,0.0421502270886791,-0.004241386172659028,-0.04741214966952337
art_painting,50,0.15,5,5,0,5,5,0.14543569214429136,0.04552405091196551,-0.05165353584218244,0.015364254972084088,-0.4037033713552036,0.06981296623567404,-0.004241386172659028,-0.04741214966952337
art_painting,50,0.15,10,5,0,5,5,0.14543569214429136,0.04552405091196551,-0.05165353584218244,0.015364254972084088,-0.6619710505661158,0.1395646009565894,-0.004241386172659028,-0.04741214966952337
art_painting,100,0.0,1,5,0,2,2,-0.004564307855708649,0.04552405091196551,-0.012436126502082234,0.008016602216318846,-0.007871818646373586,0.05161241788169572,-0.00394557745429322,-0.008490549047789054
art_painting,100,0.0,2,5,0,2,2,-0.004564307855708649,0.04552405091196551,-0.012436126502082234,0.008016602216318846,-0.020307945148455818,0.05817023267912649,-0.00394557745429322,-0.008490549047789054
art_painting,100,0.0,5,5,0,2,2,-0.004564307855708649,0.04552405091196551,-0.012436126502082234,0.008016602216318846,-0.057616324654702525,0.07946552569590647,-0.00394557745429322,-0.008490549047789054
art_painting,100,0.0,10,5,0,2,2,-0.004564307855708649,0.04552405091196551,-0.012436126502082234,0.008016602216318846,-0.1197969571651137,0.11734733014241407,-0.00394557745429322,-0.008490549047789054
art_painting,100,0.02,1,5,0,2,2,0.015435692144291368,0.04552405091196551,-0.01805441176856557,0.009818541057705087,-0.033490103912856936,0.053375041732955736,-0.004945577454293221,-0.01310883431427235
art_painting,100,0.02,2,5,0,2,2,0.015435692144291368,0.04552405091196551,-0.01805441176856557,0.009818541057705087,-0.05154451568142251,0.06179124893994282,-0.004945577454293221,-0.01310883431427235
art_painting,100,0.02,5,5,0,2,2,0.015435692144291368,0.04552405091196551,-0.01805441176856557,0.009818541057705087,-0.10570775098711922,0.08878509742220102,-0.004945577454293221,-0.01310883431427235
art_painting,100,0.02,10,5,0,2,2,0.015435692144291368,0.04552405091196551,-0.01805441176856557,0.009818541057705087,-0.19597980982994706,0.13606371765535533,-0.004945577454293221,-0.01310883431427235
art_painting,100,0.05,1,5,0,5,5,0.0454356921442914,0.04552405091196551,-0.030186140201358326,0.01009361630788112,-0.07562183234564972,0.05373401825627963,-0.0068900874076608,-0.023296052793697508
art_painting,100,0.05,2,5,0,5,5,0.0454356921442914,0.04552405091196551,-0.030186140201358326,0.01009361630788112,-0.10580797254700805,0.062498099209804814,-0.0068900874076608,-0.023296052793697508
art_painting,100,0.05,5,5,0,5,5,0.0454356921442914,0.04552405091196551,-0.030186140201358326,0.01009361630788112,-0.196366393151083,0.09046871584975949,-0.0068900874076608,-0.023296052793697508
art_painting,100,0.05,10,5,0,5,5,0.0454356921442914,0.04552405091196551,-0.030186140201358326,0.01009361630788112,-0.3472970941578747,0.13925082546293935,-0.0068900874076608,-0.023296052793697508
art_painting,100,0.1,1,5,0,5,5,0.09543569214429133,0.04552405091196551,-0.05253108969417506,0.015473571252022948,-0.1479667818384664,0.05314787431613688,-0.010475771373773446,-0.04205531832040155
art_painting,100,0.1,2,5,0,5,5,0.09543569214429133,0.04552405091196551,-0.05253108969417506,0.015473571252022948,-0.20049787153264145,0.0636852941564644,-0.010475771373773446,-0.04205531832040155
art_painting,100,0.1,5,5,0,5,5,0.09543569214429133,0.04552405091196551,-0.05253108969417506,0.015473571252022948,-0.35809114061516667,0.10306480496128206,-0.010475771373773446,-0.04205531832040155
art_painting,100,0.1,10,5,0,5,5,0.09543569214429133,0.04552405091196551,-0.05253108969417506,0.015473571252022948,-0.620746589086042,0.17647617175287594,-0.010475771373773446,-0.04205531832040155
art_painting,100,0.15,1,5,0,5,5,0.14543569214429136,0.04552405091196551,-0.0672497604785008,0.017154875127081463,-0.21268545262279215,0.053127039001980056,-0.0110373664778337,-0.05621239400066702
art_painting,100,0.15,2,5,0,5,5,0.14543569214429136,0.04552405091196551,-0.0672497604785008,0.017154875127081463,-0.279935213101293,0.06450662614066953,-0.0110373664778337,-0.05621239400066702
art_painting,100,0.15,5,5,0,5,5,0.14543569214429136,0.04552405091196551,-0.0672497604785008,0.017154875127081463,-0.48168449453679535,0.10820558826772213,-0.0110373664778337,-0.05621239400066702
art_painting,100,0.15,10,5,0,5,5,0.14543569214429136,0.04552405091196551,-0.0672497604785008,0.017154875127081463,-0.8179332969292993,0.18989193370067167,-0.0110373664778337,-0.05621239400066702
cartoon,25,0.0,1,5,0,4,4,0.0326755958126189,0.023630649501426022,-0.004116107891562337,0.00742200191422754,-0.036791703704181236,0.02857065842400082,-0.0018449706276216006,-0.00227113726394077
cartoon,25,0.0,2,5,0,4,4,0.0326755958126189,0.023630649501426022,-0.004116107891562337,0.00742200191422754,-0.04090781159574357,0.034414091220489995,-0.0018449706276216006,-0.00227113726394077
cartoon,25,0.0,5,5,0,4,4,0.0326755958126189,0.023630649501426022,-0.004116107891562337,0.00742200191422754,-0.053256135270430584,0.05430934062169791,-0.0018449706276216006,-0.00227113726394077
cartoon,25,0.0,10,5,0,4,4,0.0326755958126189,0.023630649501426022,-0.004116107891562337,0.00742200191422754,-0.07383667472824226,0.08997170100874959,-0.0018449706276216006,-0.00227113726394077
cartoon,25,0.02,1,5,0,5,5,0.052675595812618915,0.023630649501426022,-0.0029411766577998044,0.007877442614450293,-0.05561677247041872,0.02854752416682995,-0.0015233205329872712,-0.001417856124812561
cartoon,25,0.02,2,5,1,5,4,0.052675595812618915,0.023630649501426022,-0.0029411766577998044,0.007877442614450293,-0.058557949128218524,0.034577780156339555,-0.0015233205329872712,-0.001417856124812561
cartoon,25,0.02,5,5,1,5,4,0.052675595812618915,0.023630649501426022,-0.0029411766577998044,0.007877442614450293,-0.06738147910161793,0.055518081196317175,-0.0015233205329872712,-0.001417856124812561
cartoon,25,0.02,10,5,1,5,4,0.052675595812618915,0.023630649501426022,-0.0029411766577998044,0.007877442614450293,-0.08208736239061695,0.09332101687605189,-0.0015233205329872712,-0.001417856124812561
cartoon,25,0.05,1,5,0,5,5,0.08267559581261893,0.02363064950142602,-0.0071882992381713025,0.006463977336176082,-0.08986389505079025,0.027624046411303508,-0.0015233205329872712,-0.005664978705184021
cartoon,25,0.05,2,5,0,5,5,0.08267559581261893,0.02363064950142602,-0.0071882992381713025,0.006463977336176082,-0.09705219428896154,0.032424285503518044,-0.0015233205329872712,-0.005664978705184021
cartoon,25,0.05,5,5,0,5,5,0.08267559581261893,0.02363064950142602,-0.0071882992381713025,0.006463977336176082,-0.11861709200347545,0.049167767666269215,-0.0015233205329872712,-0.005664978705184021
cartoon,25,0.05,10,5,0,5,5,0.08267559581261893,0.02363064950142602,-0.0071882992381713025,0.006463977336176082,-0.15455858819433196,0.07978521986457837,-0.0015233205329872712,-0.005664978705184021
cartoon,25,0.1,1,5,0,5,5,0.13267559581261887,0.02363064950142602,-0.01633433040901202,0.010584684635079228,-0.1490099262216309,0.025105296262819564,-0.0015233205329872712,-0.014811009876024673
cartoon,25,0.1,2,5,0,5,5,0.13267559581261887,0.02363064950142602,-0.01633433040901202,0.010584684635079228,-0.16534425663064292,0.030433785546277393,-0.0015233205329872712,-0.014811009876024673
cartoon,25,0.1,5,5,0,5,5,0.13267559581261887,0.02363064950142602,-0.01633433040901202,0.010584684635079228,-0.21434724785767897,0.05620017878320648,-0.0015233205329872712,-0.014811009876024673
cartoon,25,0.1,10,5,0,5,5,0.13267559581261887,0.02363064950142602,-0.01633433040901202,0.010584684635079228,-0.2960188999027391,0.10658466135365639,-0.0015233205329872712,-0.014811009876024673
cartoon,25,0.15,1,5,0,5,5,0.1826755958126189,0.02363064950142602,-0.016684619079108474,0.011052080573943406,-0.1993602148917274,0.025225168027155676,-0.0015233205329872712,-0.015161298546121143
cartoon,25,0.15,2,5,0,5,5,0.1826755958126189,0.02363064950142602,-0.016684619079108474,0.011052080573943406,-0.2160448339708359,0.03095977354831754,-0.0015233205329872712,-0.015161298546121143
cartoon,25,0.15,5,5,0,5,5,0.1826755958126189,0.02363064950142602,-0.016684619079108474,0.011052080573943406,-0.2660986912081613,0.05823130452611332,-0.0015233205329872712,-0.015161298546121143
cartoon,25,0.15,10,5,0,5,5,0.1826755958126189,0.02363064950142602,-0.016684619079108474,0.011052080573943406,-0.3495217866037037,0.11104407372036341,-0.0015233205329872712,-0.015161298546121143
cartoon,50,0.0,1,5,0,4,4,0.0326755958126189,0.023630649501426022,-0.008357171629174797,0.007614704610942087,-0.0410327674417937,0.02808367227601039,-0.003857605186880125,-0.004499566442294734
cartoon,50,0.0,2,5,0,4,4,0.0326755958126189,0.023630649501426022,-0.008357171629174797,0.007614704610942087,-0.04938993907096849,0.03368894705652387,-0.003857605186880125,-0.004499566442294734
cartoon,50,0.0,5,5,0,4,4,0.0326755958126189,0.023630649501426022,-0.008357171629174797,0.007614704610942087,-0.07446145395849288,0.05356778309145192,-0.003857605186880125,-0.004499566442294734
cartoon,50,0.0,10,5,0,4,4,0.0326755958126189,0.023630649501426022,-0.008357171629174797,0.007614704610942087,-0.11624731210436687,0.08988767151507249,-0.003857605186880125,-0.004499566442294734
cartoon,50,0.02,1,5,0,5,5,0.052675595812618915,0.023630649501426022,-0.011035521534540526,0.012088987419801845,-0.06371111734715944,0.03040110167401193,-0.004535955092245797,-0.006499566442294736
cartoon,50,0.02,2,5,0,5,5,0.052675595812618915,0.023630649501426022,-0.011035521534540526,0.012088987419801845,-0.07474663888169997,0.03977855708544782,-0.004535955092245797,-0.006499566442294736
cartoon,50,0.02,5,5,0,5,5,0.052675595812618915,0.023630649501426022,-0.011035521534540526,0.012088987419801845,-0.10785320348532154,0.0728723326664765,-0.004535955092245797,-0.006499566442294736
cartoon,50,0.02,10,5,1,5,4,0.052675595812618915,0.023630649501426022,-0.011035521534540526,0.012088987419801845,-0.16303081115802417,0.13179350129067197,-0.004535955092245797,-0.006499566442294736
cartoon,50,0.05,1,5,0,5,5,0.08267559581261893,0.02363064950142602,-0.021321062933411516,0.013876163722948205,-0.10399665874603045,0.03161751867860504,-0.005401040806467289,-0.015920022126944162
cartoon,50,0.05,2,5,0,5,5,0.08267559581261893,0.02363064950142602,-0.021321062933411516,0.013876163722948205,-0.12531772167944197,0.042731992912298844,-0.005401040806467289,-0.015920022126944162
cartoon,50,0.05,5,5,0,5,5,0.08267559581261893,0.02363064950142602,-0.021321062933411516,0.013876163722948205,-0.18928091047967652,0.08133674106358077,-0.005401040806467289,-0.015920022126944162
cartoon,50,0.05,10,5,0,5,5,0.08267559581261893,0.02363064950142602,-0.021321062933411516,0.013876163722948205,-0.2958862251467341,0.14933291425915426,-0.005401040806467289,-0.015920022126944162
cartoon,50,0.1,1,5,0,5,5,0.13267559581261887,0.02363064950142602,-0.043955023008325635,0.011442861356696355,-0.1766306188209445,0.029286854921406303,-0.005401040806467289,-0.03855398220185828
cartoon,50,0.1,2,5,0,5,5,0.13267559581261887,0.02363064950142602,-0.043955023008325635,0.011442861356696355,-0.22058564182927015,0.037668425751189887,-0.005401040806467289,-0.03855398220185828
cartoon,50,0.1,5,5,0,5,5,0.13267559581261887,0.02363064950142602,-0.043955023008325635,0.011442861356696355,-0.35245071085424706,0.06836483374566207,-0.005401040806467289,-0.03855398220185828
cartoon,50,0.1,10,5,0,5,5,0.13267559581261887,0.02363064950142602,-0.043955023008325635,0.011442861356696355,-0.5722258258958752,0.12383879518032112,-0.005401040806467289,-0.03855398220185828
cartoon,50,0.15,1,5,0,5,5,0.1826755958126189,0.02363064950142602,-0.057774557836091554,0.02051155946525355,-0.24045015364871047,0.03750572878343312,-0.005401040806467289,-0.05237351702962421
cartoon,50,0.15,2,5,0,5,5,0.1826755958126189,0.02363064950142602,-0.057774557836091554,0.02051155946525355,-0.298224711484802,0.05564530465984444,-0.005401040806467289,-0.05237351702962421
cartoon,50,0.15,5,5,0,5,5,0.1826755958126189,0.02363064950142602,-0.057774557836091554,0.02051155946525355,-0.47154838499307666,0.11495324922931881,-0.005401040806467289,-0.05237351702962421
cartoon,50,0.15,10,5,0,5,5,0.1826755958126189,0.02363064950142602,-0.057774557836091554,0.02051155946525355,-0.7604211741735345,0.21657861160725952,-0.005401040806467289,-0.05237351702962421
cartoon,100,0.0,1,5,0,4,4,0.0326755958126189,0.023630649501426022,-0.011219463570719568,0.010073476320557705,-0.043895059383338465,0.030394259085898177,-0.0067198971284248565,-0.004499566442294734
cartoon,100,0.0,2,5,0,4,4,0.0326755958126189,0.023630649501426022,-0.011219463570719568,0.010073476320557705,-0.05511452295405803,0.038628541588621175,-0.0067198971284248565,-0.004499566442294734
cartoon,100,0.0,5,5,0,4,4,0.0326755958126189,0.023630649501426022,-0.011219463570719568,0.010073476320557705,-0.08877291366621673,0.06644488729077108,-0.0067198971284248565,-0.004499566442294734
cartoon,100,0.0,10,5,0,4,4,0.0326755958126189,0.023630649501426022,-0.011219463570719568,0.010073476320557705,-0.14487023151981457,0.11552136061070757,-0.0067198971284248565,-0.004499566442294734
cartoon,100,0.02,1,5,0,5,5,0.052675595812618915,0.023630649501426022,-0.014645474829418581,0.012187332240201609,-0.06732107064203749,0.03064077288676417,-0.00814590838712389,-0.006499566442294736
cartoon,100,0.02,2,5,0,5,5,0.052675595812618915,0.023630649501426022,-0.014645474829418581,0.012187332240201609,-0.08196654547145607,0.040204085173069094,-0.00814590838712389,-0.006499566442294736
cartoon,100,0.02,5,5,0,5,5,0.052675595812618915,0.023630649501426022,-0.014645474829418581,0.012187332240201609,-0.1259029699597118,0.07369718973417834,-0.00814590838712389,-0.006499566442294736
cartoon,100,0.02,10,5,0,5,5,0.052675595812618915,0.023630649501426022,-0.014645474829418581,0.012187332240201609,-0.19913034410680472,0.13315666453551844,-0.00814590838712389,-0.006499566442294736
cartoon,100,0.05,1,5,0,5,5,0.08267559581261893,0.02363064950142602,-0.024789108088472744,0.012783168115315841,-0.10746470390109168,0.03036677122172447,-0.008869085961528517,-0.015920022126944162
cartoon,100,0.05,2,5,0,5,5,0.08267559581261893,0.02363064950142602,-0.024789108088472744,0.012783168115315841,-0.13225381198956443,0.04015834617031329,-0.008869085961528517,-0.015920022126944162
cartoon,100,0.05,5,5,0,5,5,0.08267559581261893,0.02363064950142602,-0.024789108088472744,0.012783168115315841,-0.20662113625498266,0.07513495411600604,-0.008869085961528517,-0.015920022126944162
cartoon,100,0.05,10,5,0,5,5,0.08267559581261893,0.02363064950142602,-0.024789108088472744,0.012783168115315841,-0.3305666766973464,0.13748666996254874,-0.008869085961528517,-0.015920022126944162
cartoon,100,0.1,1,5,0,5,5,0.13267559581261887,0.02363064950142602,-0.05595780595615356,0.010564937544666888,-0.18863340176877244,0.02776857626064741,-0.008869085961528517,-0.04708871999462496
cartoon,100,0.1,2,5,0,5,5,0.13267559581261887,0.02363064950142602,-0.05595780595615356,0.010564937544666888,-0.244591207724926,0.03474213392802693,-0.008869085961528517,-0.04708871999462496
cartoon,100,0.1,5,5,0,5,5,0.13267559581261887,0.02363064950142602,-0.05595780595615356,0.010564937544666888,-0.41246462559338665,0.062082178285996145,-0.008869085961528517,-0.04708871999462496
cartoon,100,0.1,10,5,0,5,5,0.13267559581261887,0.02363064950142602,-0.05595780595615356,0.010564937544666888,-0.6922536553741545,0.11283120752586484,-0.008869085961528517,-0.04708871999462496
cartoon,100,0.15,1,5,0,5,5,0.1826755958126189,0.02363064950142602,-0.08397789588162138,0.010542379056453128,-0.26665349169424035,0.02130617379639679,-0.008869085961528517,-0.07510880992009278
cartoon,100,0.15,2,5,0,5,5,0.1826755958126189,0.02363064950142602,-0.08397789588162138,0.010542379056453128,-0.3506313875758617,0.023911963536380046,-0.008869085961528517,-0.07510880992009278
cartoon,100,0.15,5,5,0,5,5,0.1826755958126189,0.02363064950142602,-0.08397789588162138,0.010542379056453128,-0.6025650752207259,0.04752862242031827,-0.008869085961528517,-0.07510880992009278
cartoon,100,0.15,10,5,0,5,5,0.1826755958126189,0.02363064950142602,-0.08397789588162138,0.010542379056453128,-1.0224545546288328,0.0975531655610631,-0.008869085961528517,-0.07510880992009278
photo,25,0.0,1,5,0,0,0,-0.049830964510767475,0.025045943875832012,-0.009844853621654104,0.006856655443171409,0.03998611088911337,0.028611324666190412,0.0,-0.009844853621654177
photo,25,0.0,2,5,0,0,0,-0.049830964510767475,0.025045943875832012,-0.009844853621654104,0.006856655443171409,0.030141257267459264,0.03322565185831166,0.0,-0.009844853621654177
photo,25,0.0,5,5,0,0,0,-0.049830964510767475,0.025045943875832012,-0.009844853621654104,0.006856655443171409,0.0006066964024969534,0.05024058871642442,0.0,-0.009844853621654177
photo,25,0.0,10,5,0,0,0,-0.049830964510767475,0.025045943875832012,-0.009844853621654104,0.006856655443171409,-0.04861757170577356,0.08228985598379125,0.0,-0.009844853621654177
photo,25,0.02,1,5,0,0,0,-0.029830964510767454,0.025045943875832012,-0.013931044734543364,0.007968756747136724,0.01589991977622409,0.028859250795774203,0.0005268758349959712,-0.014457920569539373
photo,25,0.02,2,5,0,0,0,-0.029830964510767454,0.025045943875832012,-0.013931044734543364,0.007968756747136724,0.001968875041680729,0.0341381835566208,0.0005268758349959712,-0.014457920569539373
photo,25,0.02,5,5,0,0,0,-0.029830964510767454,0.025045943875832012,-0.013931044734543364,0.007968756747136724,-0.03982425916194936,0.05408425136620089,0.0005268758349959712,-0.014457920569539373
photo,25,0.02,10,5,0,0,0,-0.029830964510767454,0.025045943875832012,-0.013931044734543364,0.007968756747136724,-0.10947948283466617,0.0916404244414294,0.0005268758349959712,-0.014457920569539373
photo,25,0.05,1,5,0,2,2,0.00016903548923257182,0.025045943875832012,-0.01916484360501971,0.010625149570839532,-0.01933387909425228,0.029421784608627176,0.0021807502841985626,-0.021345593889218258
photo,25,0.05,2,5,0,2,2,0.00016903548923257182,0.025045943875832012,-0.01916484360501971,0.010625149570839532,-0.038498722699271994,0.036466026946830904,0.0021807502841985626,-0.021345593889218258
photo,25,0.05,5,5,0,2,2,0.00016903548923257182,0.025045943875832012,-0.01916484360501971,0.010625149570839532,-0.09599325351433112,0.06385049645313007,0.0021807502841985626,-0.021345593889218258
photo,25,0.05,10,5,0,2,2,0.00016903548923257182,0.025045943875832012,-0.01916484360501971,0.010625149570839532,-0.19181747153942968,0.11476568590012697,0.0021807502841985626,-0.021345593889218258
photo,25,0.1,1,5,0,5,5,0.0501690354892325,0.025045943875832012,-0.029592210779837157,0.010839224474063896,-0.07976124626906966,0.030169163767222847,0.004000108880531572,-0.033592319660368665
photo,25,0.1,2,5,0,5,5,0.0501690354892325,0.025045943875832012,-0.029592210779837157,0.010839224474063896,-0.10935345704890682,0.03778935239712356,0.004000108880531572,-0.033592319660368665
photo,25,0.1,5,5,0,5,5,0.0501690354892325,0.025045943875832012,-0.029592210779837157,0.010839224474063896,-0.1981300893884183,0.06626817288506727,0.004000108880531572,-0.033592319660368665
photo,25,0.1,10,5,0,5,5,0.0501690354892325,0.025045943875832012,-0.029592210779837157,0.010839224474063896,-0.3460911432876041,0.11844864511836466,0.004000108880531572,-0.033592319660368665
photo,25,0.15,1,5,0,5,5,0.10016903548923255,0.025045943875832016,-0.04209221077983718,0.010839224474063932,-0.14226124626906972,0.030169163767222847,0.004000108880531572,-0.046092319660368676
photo,25,0.15,2,5,0,5,5,0.10016903548923255,0.025045943875832016,-0.04209221077983718,0.010839224474063932,-0.1843534570489069,0.03778935239712358,0.004000108880531572,-0.046092319660368676
photo,25,0.15,5,5,0,5,5,0.10016903548923255,0.025045943875832016,-0.04209221077983718,0.010839224474063932,-0.31063008938841846,0.0662681728850674,0.004000108880531572,-0.046092319660368676
photo,25,0.15,10,5,0,5,5,0.10016903548923255,0.025045943875832016,-0.04209221077983718,0.010839224474063932,-0.5210911432876044,0.11844864511836495,0.004000108880531572,-0.046092319660368676
photo,50,0.0,1,5,0,0,0,-0.049830964510767475,0.025045943875832012,-0.012990115490083753,0.008751265658158345,0.03684084902068372,0.029113117770197743,0.0,-0.012990115490083786
photo,50,0.0,2,5,0,0,0,-0.049830964510767475,0.025045943875832012,-0.012990115490083753,0.008751265658158345,0.023850733530599966,0.03494305723903968,0.0,-0.012990115490083786
photo,50,0.0,5,5,0,0,0,-0.049830964510767475,0.025045943875832012,-0.012990115490083753,0.008751265658158345,-0.015119612939651295,0.0570995965430137,0.0,-0.012990115490083786
photo,50,0.0,10,5,0,0,0,-0.049830964510767475,0.025045943875832012,-0.012990115490083753,0.008751265658158345,-0.08007019039007006,0.09860355509362549,0.0,-0.012990115490083786
photo,50,0.02,1,5,0,0,0,-0.029830964510767454,0.025045943875832012,-0.018876578550487765,0.012124877209279704,0.01095438596027969,0.030228645670853004,0.0007918868449616923,-0.019668465395449464
photo,50,0.02,2,5,0,0,0,-0.029830964510767454,0.025045943875832012,-0.018876578550487765,0.012124877209279704,-0.007922192590208077,0.038655763195632985,0.0007918868449616923,-0.019668465395449464
photo,50,0.02,5,5,0,0,0,-0.029830964510767454,0.025045943875832012,-0.018876578550487765,0.012124877209279704,-0.06455192824167137,0.07071004754450955,0.0007918868449616923,-0.019668465395449464
photo,50,0.02,10,5,0,0,0,-0.029830964510767454,0.025045943875832012,-0.018876578550487765,0.012124877209279704,-0.15893482099411022,0.129318037063156,0.0007918868449616923,-0.019668465395449464
photo,50,0.05,1,5,0,2,2,0.00016903548923257182,0.025045943875832012,-0.029653268095312525,0.01503735398750484,-0.029822303584545094,0.03315340075296019,0.0027187041877968386,-0.032371972283109354
photo,50,0.05,2,5,0,2,2,0.00016903548923257182,0.025045943875832012,-0.029653268095312525,0.01503735398750484,-0.05947557167985762,0.0449804478438409,0.0027187041877968386,-0.032371972283109354
photo,50,0.05,5,5,0,2,2,0.00016903548923257182,0.025045943875832012,-0.029653268095312525,0.01503735398750484,-0.1484353759657952,0.08665438816249961,0.0027187041877968386,-0.032371972283109354
photo,50,0.05,10,5,0,2,2,0.00016903548923257182,0.025045943875832012,-0.029653268095312525,0.01503735398750484,-0.2967017164423578,0.16030211295637797,0.0027187041877968386,-0.032371972283109354
photo,50,0.1,1,5,0,5,5,0.0501690354892325,0.025045943875832012,-0.050912812435143714,0.013374008902404087,-0.10108184792437622,0.03244202977719739,0.005293464561699107,-0.05620627699684279
photo,50,0.1,2,5,0,5,5,0.0501690354892325,0.025045943875832012,-0.050912812435143714,0.013374008902404087,-0.15199466035951995,0.04284156294699068,0.005293464561699107,-0.05620627699684279
photo,50,0.1,5,5,0,5,5,0.0501690354892325,0.025045943875832012,-0.050912812435143714,0.013374008902404087,-0.3047330976649511,0.07956451183931927,0.005293464561699107,-0.05620627699684279
photo,50,0.1,10,5,0,5,5,0.0501690354892325,0.025045943875832012,-0.050912812435143714,0.013374008902404087,-0.5592971598406697,0.14483414476533568,0.005293464561699107,-0.05620627699684279
photo,50,0.15,1,5,0,5,5,0.10016903548923255,0.025045943875832016,-0.0681262553151544,0.018863772887851286,-0.16829529080438693,0.03606190018363636,0.005293464561699107,-0.07341971987685347
photo,50,0.15,2,5,0,5,5,0.10016903548923255,0.025045943875832016,-0.0681262553151544,0.018863772887851286,-0.2364215461195413,0.0518199367059305,0.005293464561699107,-0.07341971987685347
photo,50,0.15,5,5,0,5,5,0.10016903548923255,0.025045943875832016,-0.0681262553151544,0.018863772887851286,-0.44080031206500453,0.10540372174186315,0.005293464561699107,-0.07341971987685347
photo,50,0.15,10,5,0,5,5,0.10016903548923255,0.025045943875832016,-0.0681262553151544,0.018863772887851286,-0.7814315886407766,0.19845575372778326,0.005293464561699107,-0.07341971987685347
photo,100,0.0,1,5,0,0,0,-0.049830964510767475,0.025045943875832012,-0.01121541711248073,0.009501551549606151,0.038615547398286744,0.027297104513693774,0.001516024775996172,-0.012731441888476936
photo,100,0.0,2,5,0,0,0,-0.049830964510767475,0.025045943875832012,-0.01121541711248073,0.009501551549606151,0.027400130285806013,0.032303614174444335,0.001516024775996172,-0.012731441888476936
photo,100,0.0,5,5,0,0,0,-0.049830964510767475,0.025045943875832012,-0.01121541711248073,0.009501551549606151,-0.006246121051636177,0.05497319340031792,0.001516024775996172,-0.012731441888476936
photo,100,0.0,10,5,0,0,0,-0.049830964510767475,0.025045943875832012,-0.01121541711248073,0.009501551549606151,-0.062323206614039825,0.09965329283629991,0.001516024775996172,-0.012731441888476936
photo,100,0.02,1,5,0,0,0,-0.029830964510767454,0.025045943875832012,-0.01589376701784644,0.012305976661217306,0.013937197492921017,0.026907559899899864,0.002516024775996173,-0.01840979179384261
photo,100,0.02,2,5,0,0,0,-0.029830964510767454,0.025045943875832012,-0.01589376701784644,0.012305976661217306,-0.001956569524925422,0.03352026816830261,0.002516024775996173,-0.01840979179384261
photo,100,0.02,5,5,0,0,0,-0.029830964510767454,0.025045943875832012,-0.01589376701784644,0.012305976661217306,-0.049637870578464735,0.06433994025515323,0.002516024775996173,-0.01840979179384261
photo,100,0.02,10,5,0,0,0,-0.029830964510767454,0.025045943875832012,-0.01589376701784644,0.012305976661217306,-0.12910670566769694,0.12338480294899895,0.002516024775996173,-0.01840979179384261
photo,100,0.05,1,5,0,2,2,0.00016903548923257182,0.025045943875832012,-0.026151925776652197,0.01390876858592517,-0.02632096126588477,0.02617617123361968,0.005061302455629485,-0.03121322823228163
photo,100,0.05,2,5,0,2,2,0.00016903548923257182,0.025045943875832012,-0.026151925776652197,0.01390876858592517,-0.05247288704253696,0.033615357553146256,0.005061302455629485,-0.03121322823228163
photo,100,0.05,5,5,0,2,2,0.00016903548923257182,0.025045943875832012,-0.026151925776652197,0.01390876858592517,-0.13092866437249356,0.069179761168061,0.005061302455629485,-0.03121322823228163
photo,100,0.05,10,5,0,2,2,0.00016903548923257182,0.025045943875832012,-0.026151925776652197,0.01390876858592517,-0.26168829325575454,0.13644439008163559,0.005061302455629485,-0.03121322823228163
photo,100,0.1,1,5,0,5,5,0.0501690354892325,0.025045943875832012,-0.05384320863073022,0.015600911927499706,-0.10401224411996272,0.023831160882260175,0.0068654219814238806,-0.06070863061215402
photo,100,0.1,2,5,0,5,5,0.0501690354892325,0.025045943875832012,-0.05384320863073022,0.015600911927499706,-0.15785545275069296,0.031548788555192,0.0068654219814238806,-0.06070863061215402
photo,100,0.1,5,5,0,5,5,0.0501690354892325,0.025045943875832012,-0.05384320863073022,0.015600911927499706,-0.3193850786428836,0.07209849503177981,0.0068654219814238806,-0.06070863061215402
photo,100,0.1,10,5,0,5,5,0.0501690354892325,0.025045943875832012,-0.05384320863073022,0.015600911927499706,-0.5886011217965347,0.14811653964208032,0.0068654219814238806,-0.06070863061215402
photo,100,0.15,1,5,0,5,5,0.10016903548923255,0.025045943875832016,-0.07441687423062848,0.021046964427687595,-0.17458590971986104,0.022285724678162994,0.0068654219814238806,-0.08128229621205232
photo,100,0.15,2,5,0,5,5,0.10016903548923255,0.025045943875832016,-0.07441687423062848,0.021046964427687595,-0.24900278395048953,0.03538300676131317,0.0068654219814238806,-0.08128229621205232
photo,100,0.15,5,5,0,5,5,0.10016903548923255,0.025045943875832016,-0.07441687423062848,0.021046964427687595,-0.472253406642375,0.09398704504364437,0.0068654219814238806,-0.08128229621205232
photo,100,0.15,10,5,0,5,5,0.10016903548923255,0.025045943875832016,-0.07441687423062848,0.021046964427687595,-0.8443377777955174,0.19796102027535142,0.0068654219814238806,-0.08128229621205232
sketch,25,0.0,1,5,0,0,0,-0.05273770390245436,0.020573918055667016,-0.012990115490083753,0.008751265658158345,0.0397475884123706,0.017148285528626017,0.0,-0.012990115490083786
sketch,25,0.0,2,5,0,0,0,-0.05273770390245436,0.020573918055667016,-0.012990115490083753,0.008751265658158345,0.026757472922286852,0.01783285143269553,0.0,-0.012990115490083786
sketch,25,0.0,5,5,0,0,0,-0.05273770390245436,0.020573918055667016,-0.012990115490083753,0.008751265658158345,-0.012212873547964409,0.03617826804318374,0.0,-0.012990115490083786
sketch,25,0.0,10,5,0,0,0,-0.05273770390245436,0.020573918055667016,-0.012990115490083753,0.008751265658158345,-0.07716345099838318,0.0776123739105478,0.0,-0.012990115490083786
sketch,25,0.02,1,5,0,0,0,-0.03273770390245434,0.020573918055667016,-0.01800764312187746,0.011189861459890529,0.01473006078057688,0.015299885062915231,0.0,-0.018007643121877498
sketch,25,0.02,2,5,0,0,0,-0.03273770390245434,0.020573918055667016,-0.01800764312187746,0.011189861459890529,-0.003277582341300578,0.017184669350866745,0.0,-0.018007643121877498
sketch,25,0.02,5,5,0,0,0,-0.03273770390245434,0.020573918055667016,-0.01800764312187746,0.011189861459890529,-0.057300511706932955,0.04451458174438739,0.0,-0.018007643121877498
sketch,25,0.02,10,5,0,0,0,-0.03273770390245434,0.020573918055667016,-0.01800764312187746,0.011189861459890529,-0.14733872731632025,0.09899727191277224,0.0,-0.018007643121877498
sketch,25,0.05,1,5,0,2,2,-0.0027377039024543137,0.020573918055667016,-0.029237358177693618,0.013099055158136709,-0.026499654275239305,0.013746228139295581,-0.0010223436761260419,-0.02821501450156753
sketch,25,0.05,2,5,0,2,2,-0.0027377039024543137,0.020573918055667016,-0.029237358177693618,0.013099055158136709,-0.05573701245293292,0.017256939590368794,-0.0010223436761260419,-0.02821501450156753
sketch,25,0.05,5,5,0,2,2,-0.0027377039024543137,0.020573918055667016,-0.029237358177693618,0.013099055158136709,-0.14344908698601377,0.05180110466351815,-0.0010223436761260419,-0.02821501450156753
sketch,25,0.05,10,5,0,2,2,-0.0027377039024543137,0.020573918055667016,-0.029237358177693618,0.013099055158136709,-0.28963587787448186,0.11628708047911264,-0.0010223436761260419,-0.02821501450156753
sketch,25,0.1,1,5,0,5,5,0.04726229609754562,0.020573918055667016,-0.05653409198351682,0.019166061256694004,-0.10379638808106244,0.009807710326118053,-0.005893837855851553,-0.05064025412766523
sketch,25,0.1,2,5,0,5,5,0.04726229609754562,0.020573918055667016,-0.05653409198351682,0.019166061256694004,-0.16033048006457926,0.022444867291019528,-0.005893837855851553,-0.05064025412766523
sketch,25,0.1,5,5,0,5,5,0.04726229609754562,0.020573918055667016,-0.05653409198351682,0.019166061256694004,-0.3299327560151297,0.07832349311966971,-0.005893837855851553,-0.05064025412766523
sketch,25,0.1,10,5,0,5,5,0.04726229609754562,0.020573918055667016,-0.05653409198351682,0.019166061256694004,-0.6126032159327138,0.17381814706623686,-0.005893837855851553,-0.05064025412766523
sketch,25,0.15,1,5,0,5,5,0.09726229609754566,0.020573918055667016,-0.08522072748773397,0.024018726042751588,-0.18248302358527962,0.012937541467484763,-0.011077148014248344,-0.07414357947348563
sketch,25,0.15,2,5,0,5,5,0.09726229609754566,0.020573918055667016,-0.08522072748773397,0.024018726042751588,-0.2677037510730136,0.0326385087851449,-0.011077148014248344,-0.07414357947348563
sketch,25,0.15,5,5,0,5,5,0.09726229609754566,0.020573918055667016,-0.08522072748773397,0.024018726042751588,-0.5233659335362155,0.10335250114924312,-0.011077148014248344,-0.07414357947348563
sketch,25,0.15,10,5,0,5,5,0.09726229609754566,0.020573918055667016,-0.08522072748773397,0.024018726042751588,-0.9494695709748854,0.22312586788466496,-0.011077148014248344,-0.07414357947348563
sketch,50,0.0,1,5,0,0,0,-0.05273770390245436,0.020573918055667016,-0.012990115490083753,0.008751265658158345,0.0397475884123706,0.017148285528626017,0.0,-0.012990115490083786
sketch,50,0.0,2,5,0,0,0,-0.05273770390245436,0.020573918055667016,-0.012990115490083753,0.008751265658158345,0.026757472922286852,0.01783285143269553,0.0,-0.012990115490083786
sketch,50,0.0,5,5,0,0,0,-0.05273770390245436,0.020573918055667016,-0.012990115490083753,0.008751265658158345,-0.012212873547964409,0.03617826804318374,0.0,-0.012990115490083786
sketch,50,0.0,10,5,0,0,0,-0.05273770390245436,0.020573918055667016,-0.012990115490083753,0.008751265658158345,-0.07716345099838318,0.0776123739105478,0.0,-0.012990115490083786
sketch,50,0.02,1,5,0,0,0,-0.03273770390245434,0.020573918055667016,-0.01966846539544944,0.011648503149539781,0.013069238507004899,0.016359589863385184,0.0,-0.019668465395449464
sketch,50,0.02,2,5,0,0,0,-0.03273770390245434,0.020573918055667016,-0.01966846539544944,0.011648503149539781,-0.0065992268884445425,0.01957961971246443,0.0,-0.019668465395449464
sketch,50,0.02,5,5,0,0,0,-0.03273770390245434,0.020573918055667016,-0.01966846539544944,0.011648503149539781,-0.06560462307479287,0.04856736556930421,0.0,-0.019668465395449464
sketch,50,0.02,10,5,0,0,0,-0.03273770390245434,0.020573918055667016,-0.01966846539544944,0.011648503149539781,-0.16394695005204007,0.10525527622768124,0.0,-0.019668465395449464
sketch,50,0.05,1,5,0,2,2,-0.0027377039024543137,0.020573918055667016,-0.036588921080098924,0.01313700157225103,-0.03385121717764461,0.016289825609893227,-0.001944079844660901,-0.034644841235438
sketch,50,0.05,2,5,0,2,2,-0.0027377039024543137,0.020573918055667016,-0.036588921080098924,0.01313700157225103,-0.07044013825774353,0.02127421804106598,-0.001944079844660901,-0.034644841235438
sketch,50,0.05,5,5,0,2,2,-0.0027377039024543137,0.020573918055667016,-0.036588921080098924,0.01313700157225103,-0.1802069014980403,0.05554515173752774,-0.001944079844660901,-0.034644841235438
sketch,50,0.05,10,5,0,2,2,-0.0027377039024543137,0.020573918055667016,-0.036588921080098924,0.01313700157225103,-0.3631515068985349,0.1199011350004451,-0.001944079844660901,-0.034644841235438
sketch,50,0.1,1,5,0,5,5,0.04726229609754562,0.020573918055667016,-0.08022465794717992,0.010631930517373347,-0.12748695404472554,0.015363602869427275,-0.011815574024386405,-0.0684090839227935
sketch,50,0.1,2,5,0,5,5,0.04726229609754562,0.020573918055667016,-0.08022465794717992,0.010631930517373347,-0.20771161199190544,0.01657921515483034,-0.011815574024386405,-0.0684090839227935
sketch,50,0.1,5,5,0,5,5,0.04726229609754562,0.020573918055667016,-0.08022465794717992,0.010631930517373347,-0.44838558583344523,0.0418068891395576,-0.011815574024386405,-0.0684090839227935
sketch,50,0.1,10,5,0,5,5,0.04726229609754562,0.020573918055667016,-0.08022465794717992,0.010631930517373347,-0.8495088755693448,0.0934036572153679,-0.011815574024386405,-0.0684090839227935
sketch,50,0.15,1,5,0,5,5,0.09726229609754566,0.020573918055667016,-0.12482669665373917,0.010275334872096599,-0.22208899275128485,0.015719902850749548,-0.023608828319633696,-0.10121786833410544
sketch,50,0.15,2,5,0,5,5,0.09726229609754566,0.020573918055667016,-0.12482669665373917,0.010275334872096599,-0.346915689405024,0.016796118616518377,-0.023608828319633696,-0.10121786833410544
sketch,50,0.15,5,5,0,5,5,0.09726229609754566,0.020573918055667016,-0.12482669665373917,0.010275334872096599,-0.7213957793662416,0.04067041241755858,-0.023608828319633696,-0.10121786833410544
sketch,50,0.15,10,5,0,5,5,0.09726229609754566,0.020573918055667016,-0.12482669665373917,0.010275334872096599,-1.3455292626349373,0.09035487881101657,-0.023608828319633696,-0.10121786833410544
sketch,100,0.0,1,5,0,0,0,-0.05273770390245436,0.020573918055667016,-0.012990115490083753,0.008751265658158345,0.0397475884123706,0.017148285528626017,0.0,-0.012990115490083786
sketch,100,0.0,2,5,0,0,0,-0.05273770390245436,0.020573918055667016,-0.012990115490083753,0.008751265658158345,0.026757472922286852,0.01783285143269553,0.0,-0.012990115490083786
sketch,100,0.0,5,5,0,0,0,-0.05273770390245436,0.020573918055667016,-0.012990115490083753,0.008751265658158345,-0.012212873547964409,0.03617826804318374,0.0,-0.012990115490083786
sketch,100,0.0,10,5,0,0,0,-0.05273770390245436,0.020573918055667016,-0.012990115490083753,0.008751265658158345,-0.07716345099838318,0.0776123739105478,0.0,-0.012990115490083786
sketch,100,0.02,1,5,0,0,0,-0.03273770390245434,0.020573918055667016,-0.01966846539544944,0.011648503149539781,0.013069238507004899,0.016359589863385184,0.0,-0.019668465395449464
sketch,100,0.02,2,5,0,0,0,-0.03273770390245434,0.020573918055667016,-0.01966846539544944,0.011648503149539781,-0.0065992268884445425,0.01957961971246443,0.0,-0.019668465395449464
sketch,100,0.02,5,5,0,0,0,-0.03273770390245434,0.020573918055667016,-0.01966846539544944,0.011648503149539781,-0.06560462307479287,0.04856736556930421,0.0,-0.019668465395449464
sketch,100,0.02,10,5,0,0,0,-0.03273770390245434,0.020573918055667016,-0.01966846539544944,0.011648503149539781,-0.16394695005204007,0.10525527622768124,0.0,-0.019668465395449464
sketch,100,0.05,1,5,0,2,2,-0.0027377039024543137,0.020573918055667016,-0.036588921080098924,0.01313700157225103,-0.03385121717764461,0.016289825609893227,-0.001944079844660901,-0.034644841235438
sketch,100,0.05,2,5,0,2,2,-0.0027377039024543137,0.020573918055667016,-0.036588921080098924,0.01313700157225103,-0.07044013825774353,0.02127421804106598,-0.001944079844660901,-0.034644841235438
sketch,100,0.05,5,5,0,2,2,-0.0027377039024543137,0.020573918055667016,-0.036588921080098924,0.01313700157225103,-0.1802069014980403,0.05554515173752774,-0.001944079844660901,-0.034644841235438
sketch,100,0.05,10,5,0,2,2,-0.0027377039024543137,0.020573918055667016,-0.036588921080098924,0.01313700157225103,-0.3631515068985349,0.1199011350004451,-0.001944079844660901,-0.034644841235438
sketch,100,0.1,1,5,0,5,5,0.04726229609754562,0.020573918055667016,-0.08138565488592209,0.012686437240163655,-0.1286479509834677,0.015570302277969813,-0.011815574024386405,-0.06957008086153568
sketch,100,0.1,2,5,0,5,5,0.04726229609754562,0.020573918055667016,-0.08138565488592209,0.012686437240163655,-0.21003360586938982,0.01958248966782888,-0.011815574024386405,-0.06957008086153568
sketch,100,0.1,5,5,0,5,5,0.04726229609754562,0.020573918055667016,-0.08138565488592209,0.012686437240163655,-0.454190570527156,0.052325337509315485,-0.011815574024386405,-0.06957008086153568
sketch,100,0.1,10,5,0,5,5,0.04726229609754562,0.020573918055667016,-0.08138565488592209,0.012686437240163655,-0.8611188449567665,0.114454708418644,-0.011815574024386405,-0.06957008086153568
sketch,100,0.15,1,5,0,5,5,0.09726229609754566,0.020573918055667016,-0.1313856548859222,0.012686437240163686,-0.22864795098346785,0.015570302277969857,-0.024315574024386416,-0.10707008086153572
sketch,100,0.15,2,5,0,5,5,0.09726229609754566,0.020573918055667016,-0.1313856548859222,0.012686437240163686,-0.36003360586939,0.019582489667829,-0.024315574024386416,-0.10707008086153572
sketch,100,0.15,5,5,0,5,5,0.09726229609754566,0.020573918055667016,-0.1313856548859222,0.012686437240163686,-0.7541905705271565,0.05232533750931569,-0.024315574024386416,-0.10707008086153572
sketch,100,0.15,10,5,0,5,5,0.09726229609754566,0.020573918055667016,-0.1313856548859222,0.012686437240163686,-1.4111188449567673,0.11445470841864437,-0.024315574024386416,-0.10707008086153572
