scope,domain,N,c,metric,n,mean,std,median,min,max,n_positive,n_zero,n_negative,fraction_positive,fraction_zero,fraction_negative
global,ALL,ALL,ALL,DeltaV,300,-0.033396187529782045,0.03053653468163374,-0.02474781749723376,-0.1502133747386224,0.007487941208500937,7,10,283,0.023333333333333334,0.03333333333333333,0.9433333333333334
global,ALL,ALL,ALL,DeltaV_local,300,-0.0026858490846426706,0.007659924445646173,0.0,-0.03114038943308367,0.01347585752877345,73,84,143,0.24333333333333335,0.28,0.4766666666666667
global,ALL,ALL,ALL,DeltaV_cross,300,-0.03071033844513936,0.026911138208597724,-0.022992667034714975,-0.12947349691455962,0.004266405695641046,4,26,270,0.013333333333333334,0.08666666666666667,0.9
domain_N,art_painting,25,ALL,DeltaV,25,-0.013818966166240476,0.009805138798773134,-0.01176744068708302,-0.03596506286088452,0.0,0,1,24,0.0,0.04,0.96
domain_N,art_painting,25,ALL,DeltaV_local,25,0.0019328906271508838,0.0020989423159978615,0.0010614222122470596,-0.0004707810822361935,0.004818891377149637,15,5,5,0.6,0.2,0.2
domain_N,art_painting,25,ALL,DeltaV_cross,25,-0.01575185679339134,0.010144947101368167,-0.012825932258410833,-0.039143584858843145,0.0,0,1,24,0.0,0.04,0.96
domain_N,photo,50,ALL,DeltaV,25,-0.03611180597723643,0.024600615631091872,-0.03299266703471493,-0.09534781135260384,0.0,0,1,24,0.0,0.04,0.96
domain_N,photo,50,ALL,DeltaV_local,25,0.002819504031231349,0.005328817092217732,0.0012843068261787771,-0.005860263398401011,0.013467344668679465,13,9,3,0.52,0.36,0.12
domain_N,photo,50,ALL,DeltaV_cross,25,-0.03893131000846777,0.025123713810155508,-0.03338593720526331,-0.08948754795420275,0.0,0,1,24,0.0,0.04,0.96
domain_N,sketch,50,ALL,DeltaV,25,-0.05485977131331024,0.04412776668993309,-0.033385937205263394,-0.13677643067335343,0.0,0,1,24,0.0,0.04,0.96
domain_N,sketch,50,ALL,DeltaV_local,25,-0.0074736964377362,0.009854217239034646,0.0,-0.03114038943308367,0.0,0,13,12,0.0,0.52,0.48
domain_N,sketch,50,ALL,DeltaV_cross,25,-0.047386074875574044,0.03567372420476925,-0.032992667034714984,-0.1160665533888294,0.0,0,1,24,0.0,0.04,0.96
domain_N,art_painting,50,ALL,DeltaV,25,-0.027781656605421933,0.019039635824885603,-0.02648021850733473,-0.0779796120934999,0.0,0,1,24,0.0,0.04,0.96
domain_N,art_painting,50,ALL,DeltaV_local,25,-0.0027411079133541714,0.003952354653088088,-0.002260960681732732,-0.008481146436542797,0.0019403074138794052,5,6,14,0.2,0.24,0.56
domain_N,art_painting,50,ALL,DeltaV_cross,25,-0.025040548692067743,0.016939333093945852,-0.02085055622195206,-0.07049760939771646,0.0,0,1,24,0.0,0.04,0.96
domain_N,cartoon,25,ALL,DeltaV,25,-0.009452906655130789,0.010105175591582242,-0.008142237564551458,-0.02893331321802084,0.007487941208500937,5,0,20,0.2,0.0,0.8
domain_N,cartoon,25,ALL,DeltaV_local,25,-0.0015876505519141371,0.005159850577305372,-0.0035275709427345647,-0.006245055329528154,0.007487941208500853,10,0,15,0.4,0.0,0.6
domain_N,cartoon,25,ALL,DeltaV_cross,25,-0.007865256103216634,0.00985653289696152,-0.005812923558878552,-0.028804809608084597,0.004266405695641046,4,5,16,0.16,0.2,0.64
domain_N,cartoon,50,ALL,DeltaV,25,-0.028488667388308807,0.023348832230036164,-0.02860026431480156,-0.08514545728892275,0.0026313505098248813,2,0,23,0.08,0.0,0.92
domain_N,cartoon,50,ALL,DeltaV_local,25,-0.004919336539705558,0.00641766272807536,-0.003000533606826311,-0.016329649650599715,0.0026313505098248258,5,0,20,0.2,0.0,0.8
domain_N,cartoon,50,ALL,DeltaV_cross,25,-0.023569330848603222,0.021229430289113026,-0.016596043235309305,-0.07488320637596524,0.0,0,6,19,0.0,0.24,0.76
domain_N,sketch,25,ALL,DeltaV,25,-0.040397987252181126,0.03129372442756144,-0.03177291289976003,-0.11930131238439157,0.0,0,1,24,0.0,0.04,0.96
domain_N,sketch,25,ALL,DeltaV_local,25,-0.003598665909245188,0.005833726847495295,0.0,-0.02073987782406267,0.0,0,13,12,0.0,0.52,0.48
domain_N,sketch,25,ALL,DeltaV_cross,25,-0.03679932134293593,0.0263072115272259,-0.031772912899760086,-0.09856143456032881,0.0,0,1,24,0.0,0.04,0.96
domain_N,cartoon,100,ALL,DeltaV,25,-0.03811794966527717,0.030216161580010184,-0.02783496613058345,-0.09773532617333214,0.0,0,1,24,0.0,0.04,0.96
domain_N,cartoon,100,ALL,DeltaV_local,25,-0.00829461268002686,0.0047304676393595865,-0.009415774147256362,-0.014152685957313532,0.0,0,1,24,0.0,0.04,0.96
domain_N,cartoon,100,ALL,DeltaV_cross,25,-0.029823336985250276,0.02902782098183497,-0.016596043235309305,-0.0883195520260758,0.0,0,6,19,0.0,0.24,0.76
domain_N,art_painting,100,ALL,DeltaV,25,-0.0360915057289364,0.02414324157093569,-0.029440203379860197,-0.0847201892303594,0.0,0,1,24,0.0,0.04,0.96
domain_N,art_painting,100,ALL,DeltaV_local,25,-0.007458876033570877,0.007871430103154825,-0.007348035344332038,-0.02055240268403777,0.0012696319690483904,3,6,16,0.12,0.24,0.64
domain_N,art_painting,100,ALL,DeltaV_cross,25,-0.028632629695365494,0.019969953771696598,-0.021835656999287106,-0.0730903353119007,0.0,0,1,24,0.0,0.04,0.96
domain_N,photo,25,ALL,DeltaV,25,-0.022925032704178304,0.01475256230552826,-0.02204983140003347,-0.04982850078216983,0.0,0,1,24,0.0,0.04,0.96
domain_N,photo,25,ALL,DeltaV_local,25,0.0021415687760515355,0.004087139547880257,0.0,-0.0012432979618741402,0.011427095866155146,11,9,5,0.44,0.36,0.2
domain_N,photo,25,ALL,DeltaV_cross,25,-0.02506660148022983,0.014948729311073392,-0.023532329124344664,-0.05248233746600561,0.0,0,1,24,0.0,0.04,0.96
domain_N,photo,100,ALL,DeltaV,25,-0.036304238553667614,0.02816070354248073,-0.028789080065898642,-0.1017939173328044,0.0,0,1,24,0.0,0.04,0.96
domain_N,photo,100,ALL,DeltaV_local,25,0.004564839194093918,0.005826664340921194,0.0,-0.0013194933145672105,0.01347585752877345,11,9,5,0.44,0.36,0.2
domain_N,photo,100,ALL,DeltaV_cross,25,-0.0408690777477615,0.028800183952734253,-0.03338593720526331,-0.10047442401823725,0.0,0,1,24,0.0,0.04,0.96
domain_N,sketch,100,ALL,DeltaV,25,-0.05640376234749528,0.046633833940859765,-0.033385937205263394,-0.1502133747386224,0.0,0,1,24,0.0,0.04,0.96
domain_N,sketch,100,ALL,DeltaV_local,25,-0.007615045578686744,0.010138038053410512,0.0,-0.03114038943308367,0.0,0,13,12,0.0,0.52,0.48
domain_N,sketch,100,ALL,DeltaV_cross,25,-0.04878871676880852,0.03802724068582036,-0.032992667034714984,-0.12947349691455962,0.0,0,1,24,0.0,0.04,0.96
N,ALL,25,ALL,DeltaV,100,-0.021648723194432673,0.021919215109527136,-0.01492452953796386,-0.11930131238439157,0.007487941208500937,5,3,92,0.05,0.03,0.92
N,ALL,25,ALL,DeltaV_local,100,-0.0002779642644892263,0.005074704168481475,0.0,-0.02073987782406267,0.011427095866155146,36,27,37,0.36,0.27,0.37
N,ALL,25,ALL,DeltaV_cross,100,-0.02137075892994343,0.019698813824667486,-0.017206132161321663,-0.09856143456032881,0.004266405695641046,4,8,88,0.04,0.08,0.88
N,ALL,50,ALL,DeltaV,100,-0.036810475321069354,0.03097228326516848,-0.028965983486648195,-0.13677643067335343,0.0026313505098248813,2,3,95,0.02,0.03,0.95
N,ALL,50,ALL,DeltaV_local,100,-0.0030786592148911453,0.007664422123795138,0.0,-0.03114038943308367,0.013467344668679465,23,28,49,0.23,0.28,0.49
N,ALL,50,ALL,DeltaV_cross,100,-0.0337318161061782,0.027192148549130747,-0.02860026431480156,-0.1160665533888294,0.0,0,9,91,0.0,0.09,0.91
N,ALL,100,ALL,DeltaV,100,-0.04172936407384411,0.03398864876436188,-0.03244480395507332,-0.1502133747386224,0.0,0,4,96,0.0,0.04,0.96
N,ALL,100,ALL,DeltaV_local,100,-0.0047009237745476405,0.009088388585043202,-0.0018361551498020379,-0.03114038943308367,0.01347585752877345,14,29,57,0.14,0.29,0.57
N,ALL,100,ALL,DeltaV_cross,100,-0.03702844029929645,0.030366928697017705,-0.029241441585405287,-0.12947349691455962,0.0,0,9,91,0.0,0.09,0.91
c,ALL,ALL,0.0,DeltaV,60,-0.010490386463283366,0.00791028037428991,-0.010531713842491519,-0.02299266703471492,0.005879690735329235,3,10,47,0.05,0.16666666666666666,0.7833333333333333
c,ALL,ALL,0.0,DeltaV_local,60,-0.0012843139162591346,0.0039050402737021445,0.0,-0.012825932258410833,0.00758012387998086,6,39,15,0.1,0.65,0.25
c,ALL,ALL,0.0,DeltaV_cross,60,-0.009206072547024269,0.007346361106013672,-0.010531713842491575,-0.022992667034714975,0.0,0,18,42,0.0,0.3,0.7
c,ALL,ALL,0.02,DeltaV,60,-0.014629334854313869,0.010655053208274187,-0.01538155224528559,-0.03299266703471493,0.007487941208500937,3,0,57,0.05,0.0,0.95
c,ALL,ALL,0.02,DeltaV_local,60,-0.0012823913128728831,0.0048296812299842545,0.0,-0.016596043235309305,0.012580123879980865,10,34,16,0.16666666666666666,0.5666666666666667,0.26666666666666666
c,ALL,ALL,0.02,DeltaV_cross,60,-0.013346943541441003,0.010052317651784309,-0.015531713842491579,-0.032992667034714984,0.004266405695641046,1,8,51,0.016666666666666666,0.13333333333333333,0.85
c,ALL,ALL,0.05,DeltaV,60,-0.024461387938932037,0.013978740807413731,-0.02262129510619182,-0.054473496914559716,0.0012338231078963258,1,0,59,0.016666666666666666,0.0,0.9833333333333333
c,ALL,ALL,0.05,DeltaV_local,60,-0.001473293267561376,0.006039384647956363,-2.0362551150732155e-05,-0.02055240268403777,0.01347585752877345,19,11,30,0.31666666666666665,0.18333333333333332,0.5
c,ALL,ALL,0.05,DeltaV_cross,60,-0.022988094671370626,0.013133881528822331,-0.02409604323530931,-0.05447349691455963,0.0037064007487885853,1,0,59,0.016666666666666666,0.0,0.9833333333333333
c,ALL,ALL,0.1,DeltaV,60,-0.04819345795202354,0.02313945467653122,-0.046102570670378706,-0.10021337473862224,-0.005227889593642843,0,0,60,0.0,0.0,1.0
c,ALL,ALL,0.1,DeltaV_local,60,-0.0034430334816889655,0.00843426453380167,-0.0034533016924812032,-0.02055240268403777,0.01347585752877345,19,0,41,0.31666666666666665,0.0,0.6833333333333333
c,ALL,ALL,0.1,DeltaV_cross,60,-0.04475042447033452,0.019731396448786315,-0.04259003132889953,-0.09197349691455958,0.0010171657358854502,1,0,59,0.016666666666666666,0.0,0.9833333333333333
c,ALL,ALL,0.15,DeltaV,60,-0.06920637044035743,0.036317838930005356,-0.06405844731581811,-0.1502133747386224,-0.005227889593642843,0,0,60,0.0,0.0,1.0
c,ALL,ALL,0.15,DeltaV_local,60,-0.005946213444830995,0.011587705583537824,-0.0034533016924812032,-0.03114038943308367,0.01347585752877345,19,0,41,0.31666666666666665,0.0,0.6833333333333333
c,ALL,ALL,0.15,DeltaV_cross,60,-0.06326015699552638,0.028946070434613558,-0.06256747888558394,-0.12947349691455962,0.0010171657358854502,1,0,59,0.016666666666666666,0.0,0.9833333333333333
