scope,N,intervention_domain,affected_domain,n,mean,std,median,min,max,n_positive,n_zero,n_negative,fraction_positive,fraction_zero,fraction_negative
matrix_all_N,ALL,art_painting,photo,15,0.0040332757272214005,0.018275016900625947,0.0047842273728179174,-0.03413888111170815,0.02941476924473907,9,0,6,0.6,0.0,0.4
matrix_all_N,ALL,art_painting,art_painting,15,-0.016958078803166615,0.03215789065653236,-0.009242971375089226,-0.08220961073615107,0.019275565508598547,6,0,9,0.4,0.0,0.6
matrix_all_N,ALL,art_painting,cartoon,15,-0.08975387308325879,0.04551309122940083,-0.09599270560828876,-0.16967977226956166,-0.0275014417373034,0,0,15,0.0,0.0,1.0
matrix_all_N,ALL,art_painting,sketch,15,-0.14078764534058227,0.05808851731398412,-0.1403568222709778,-0.22030656928726972,-0.0425270659862943,0,0,15,0.0,0.0,1.0
matrix_all_N,ALL,cartoon,photo,15,-0.05180189745103141,0.030185946000364502,-0.05323375178770051,-0.10369231118476296,0.009852216748768461,1,0,14,0.06666666666666667,0.0,0.9333333333333333
matrix_all_N,ALL,cartoon,art_painting,15,-0.10435751652038021,0.06776866211218195,-0.1019328572644147,-0.2301268451868833,-0.018067131653422885,0,0,15,0.0,0.0,1.0
matrix_all_N,ALL,cartoon,cartoon,15,-0.021057929734644102,0.026201670898515796,-0.024219628278252636,-0.06531859860239886,0.029951764834003414,3,0,12,0.2,0.0,0.8
matrix_all_N,ALL,cartoon,sketch,15,-0.06570277990301306,0.07049814452932632,-0.04601720303532297,-0.18295357452542005,0.022504065050229505,3,0,12,0.2,0.0,0.8
matrix_all_N,ALL,photo,photo,15,0.021545327231539412,0.025502907040481644,0.019420671494404185,-0.023441053593604044,0.0539034301150938,10,0,5,0.6666666666666666,0.0,0.3333333333333333
matrix_all_N,ALL,photo,art_painting,15,-0.040233310277313285,0.03958731251656549,-0.03386292945839153,-0.1410413026168834,0.010840832056053462,2,0,13,0.13333333333333333,0.0,0.8666666666666667
matrix_all_N,ALL,photo,cartoon,15,-0.13449304392723782,0.05513384159332019,-0.13532713929241957,-0.23421164076758494,-0.034598689446526554,0,0,15,0.0,0.0,1.0
matrix_all_N,ALL,photo,sketch,15,-0.21603846994707485,0.06814903034004655,-0.20818581385790924,-0.31629963930676097,-0.09795880906217003,0,0,15,0.0,0.0,1.0
matrix_all_N,ALL,sketch,photo,15,-0.31816897654865767,0.1752341314118605,-0.31164672765657986,-0.5749308671682738,-0.09737766074171617,0,0,15,0.0,0.0,1.0
matrix_all_N,ALL,sketch,art_painting,15,-0.36781103790189174,0.15296550627386538,-0.389975690340408,-0.5651784934974251,-0.11590824210058859,0,0,15,0.0,0.0,1.0
matrix_all_N,ALL,sketch,cartoon,15,-0.17923184394538852,0.11350923995575578,-0.17498436276657592,-0.39160664213764634,-0.0307074786578031,0,0,15,0.0,0.0,1.0
matrix_all_N,ALL,sketch,sketch,15,-0.14933598343973198,0.09073350055452316,-0.1553912045866317,-0.28071771149027824,-0.00693074375360947,0,0,15,0.0,0.0,1.0
matrix_by_N,25,art_painting,photo,5,0.01107953996083666,0.016531726064334014,0.010217113665389688,-0.009392522303693474,0.02941476924473907,3,0,2,0.6,0.0,0.4
matrix_by_N,25,art_painting,art_painting,5,0.01024077419247107,0.008865359788929824,0.01271408799183471,-0.001883124328944774,0.019275565508598547,4,0,1,0.8,0.0,0.2
matrix_by_N,25,art_painting,cartoon,5,-0.044160049250117225,0.020919198039883614,-0.038652393378192706,-0.0802721274923699,-0.0275014417373034,0,0,5,0.0,0.0,1.0
matrix_by_N,25,art_painting,sketch,5,-0.09684516170625394,0.0356894398786379,-0.10571698118774175,-0.1403568222709778,-0.0425270659862943,0,0,5,0.0,0.0,1.0
matrix_by_N,25,cartoon,photo,5,-0.025158675508270334,0.024166346107342994,-0.02431272842841259,-0.05824099507557334,0.009852216748768461,1,0,4,0.2,0.0,0.8
matrix_by_N,25,cartoon,art_painting,5,-0.029974544180607677,0.009343371727201984,-0.028287618855456165,-0.04383740793613089,-0.018067131653422885,0,0,5,0.0,0.0,1.0
matrix_by_N,25,cartoon,cartoon,5,-0.006093282131949085,0.02307343256025875,-0.014110283770938259,-0.024980221318112616,0.029951764834003414,2,0,3,0.4,0.0,0.6
matrix_by_N,25,cartoon,sketch,5,-0.005511974495606564,0.02707005535825368,-0.004551645308861985,-0.03984528254002595,0.022504065050229505,2,0,3,0.4,0.0,0.6
matrix_by_N,25,photo,photo,5,0.016000435522126287,0.023191068590054237,0.009568454745635724,-0.004973191847496561,0.04570838346462058,3,0,2,0.6,0.0,0.4
matrix_by_N,25,photo,art_painting,5,-0.007136327632147244,0.01693802081285603,-0.0013202872141262478,-0.025765804263176206,0.010840832056053462,2,0,3,0.4,0.0,0.6
matrix_by_N,25,photo,cartoon,5,-0.07997065491178179,0.02815324332629077,-0.08872393761883901,-0.11018101492895982,-0.034598689446526554,0,0,5,0.0,0.0,1.0
matrix_by_N,25,photo,sketch,5,-0.14143861893436857,0.029542769003751385,-0.14728168573613898,-0.17937546442773444,-0.09795880906217003,0,0,5,0.0,0.0,1.0
matrix_by_N,25,sketch,photo,5,-0.11686395741377467,0.013480557133788889,-0.12313757538610548,-0.1313439854517241,-0.09737766074171617,0,0,5,0.0,0.0,1.0
matrix_by_N,25,sketch,art_painting,5,-0.17928636490899946,0.03827629833894126,-0.18879648097014357,-0.21063203495590432,-0.11590824210058859,0,0,5,0.0,0.0,1.0
matrix_by_N,25,sketch,cartoon,5,-0.056956288877137086,0.022473229619823117,-0.055396689222369955,-0.0796460511674173,-0.0307074786578031,0,0,5,0.0,0.0,1.0
matrix_by_N,25,sketch,sketch,5,-0.04803676547077516,0.040387418182178524,-0.04277802552114929,-0.10160037836515956,-0.00693074375360947,0,0,5,0.0,0.0,1.0
matrix_by_N,50,art_painting,photo,5,0.007973084292804656,0.015167572035908855,0.006982029570620107,-0.008757525998905225,0.025841049557877804,3,0,2,0.6,0.0,0.4
matrix_by_N,50,art_painting,art_painting,5,-0.016965544690636113,0.016830597780267752,-0.019493385204304214,-0.03392458574617119,0.007761229655517621,1,0,4,0.2,0.0,0.8
matrix_by_N,50,art_painting,cartoon,5,-0.1044670871665139,0.040849892964607504,-0.11007890600727377,-0.16441090942915126,-0.05901157566028081,0,0,5,0.0,0.0,1.0
matrix_by_N,50,art_painting,sketch,5,-0.14377304858658674,0.06312488398627393,-0.1478075695219765,-0.22030656928726972,-0.061092361694355946,0,0,5,0.0,0.0,1.0
matrix_by_N,50,cartoon,photo,5,-0.05753815070992885,0.014699426187364091,-0.05323375178770051,-0.07793239654037365,-0.0440171619259494,0,0,5,0.0,0.0,1.0
matrix_by_N,50,cartoon,art_painting,5,-0.10884695957830486,0.016350724229242074,-0.10340367621256397,-0.13312055364013609,-0.09000970155448684,0,0,5,0.0,0.0,1.0
matrix_by_N,50,cartoon,cartoon,5,-0.021604163225869156,0.031115539306568844,-0.012002134427305244,-0.06531859860239886,0.010525402039299303,1,0,4,0.2,0.0,0.8
matrix_by_N,50,cartoon,sketch,5,-0.05734156274206516,0.06455539812062427,-0.04601720303532297,-0.16355832421329225,0.009261045581658522,1,0,4,0.2,0.0,0.8
matrix_by_N,50,photo,photo,5,0.021173858246796427,0.029498084479783006,0.019420671494404185,-0.023441053593604044,0.05386937867471786,4,0,1,0.8,0.0,0.2
matrix_by_N,50,photo,art_painting,5,-0.04627619742497498,0.030486527172757644,-0.03386292945839153,-0.08185365166429304,-0.01949674805134327,0,0,5,0.0,0.0,1.0
matrix_by_N,50,photo,cartoon,5,-0.15014038598489327,0.03829981602115874,-0.15504756623349347,-0.19313702885626727,-0.09342180744601847,0,0,5,0.0,0.0,1.0
matrix_by_N,50,photo,sketch,5,-0.24345880818748142,0.05873406938181739,-0.23517955792839262,-0.31629963930676097,-0.17677291368005688,0,0,5,0.0,0.0,1.0
matrix_by_N,50,sketch,photo,5,-0.3244280809972849,0.08042231821591164,-0.31164672765657986,-0.41996546543662383,-0.21474398911233472,0,0,5,0.0,0.0,1.0
matrix_by_N,50,sketch,art_painting,5,-0.4271606528841527,0.08023077904499161,-0.3993410717830235,-0.546964425990349,-0.357094481805513,0,0,5,0.0,0.0,1.0
matrix_by_N,50,sketch,cartoon,5,-0.20198469726683327,0.10944595594293913,-0.17498436276657592,-0.39160664213764634,-0.1251435734593589,0,0,5,0.0,0.0,1.0
matrix_by_N,50,sketch,sketch,5,-0.17279310616684515,0.05768870604759968,-0.1597603849400731,-0.2579184345980932,-0.10018512506582888,0,0,5,0.0,0.0,1.0
matrix_by_N,100,art_painting,photo,5,-0.006952797071977113,0.020814213484229616,0.0018799887542935156,-0.03413888111170815,0.01579986833443059,3,0,2,0.6,0.0,0.4
matrix_by_N,100,art_painting,art_painting,5,-0.0441494659113348,0.037532048215329815,-0.032527376144627196,-0.08220961073615107,0.0050785278761935615,1,0,4,0.2,0.0,0.8
matrix_by_N,100,art_painting,cartoon,5,-0.12063448283314529,0.032903026926156445,-0.10115058349320283,-0.16967977226956166,-0.09599270560828876,0,0,5,0.0,0.0,1.0
matrix_by_N,100,art_painting,sketch,5,-0.18174472572890615,0.045053381536911886,-0.19676013061266512,-0.20911802904134946,-0.10172666616519821,0,0,5,0.0,0.0,1.0
matrix_by_N,100,cartoon,photo,5,-0.07270886613489506,0.03023657124658322,-0.07405452602496942,-0.10369231118476296,-0.03277599565538558,0,0,5,0.0,0.0,1.0
matrix_by_N,100,cartoon,art_painting,5,-0.17425104580222803,0.05168961996311837,-0.17705558990017956,-0.2301268451868833,-0.09438854993225976,0,0,5,0.0,0.0,1.0
matrix_by_N,100,cartoon,cartoon,5,-0.03547634384611407,0.019029562084320054,-0.03766309658902545,-0.05661074382925413,-0.0073446205992081515,0,0,5,0.0,0.0,1.0
matrix_by_N,100,cartoon,sketch,5,-0.13425480247136745,0.04477157028617376,-0.14672499009476037,-0.18295357452542005,-0.06552748397675934,0,0,5,0.0,0.0,1.0
matrix_by_N,100,photo,photo,5,0.027461687925695522,0.028036982087150154,0.04025447776440949,-0.005277973258268842,0.0539034301150938,3,0,2,0.6,0.0,0.4
matrix_by_N,100,photo,art_painting,5,-0.06728740577481765,0.044033000911593484,-0.04333170542363263,-0.1410413026168834,-0.03823782982687707,0,0,5,0.0,0.0,1.0
matrix_by_N,100,photo,cartoon,5,-0.1733680908850384,0.04968512178857164,-0.1726519991135752,-0.23421164076758494,-0.1130377781468066,0,0,5,0.0,0.0,1.0
matrix_by_N,100,photo,sketch,5,-0.26321798271937447,0.03541046650699592,-0.28236471576376765,-0.29320143720515546,-0.20818581385790924,0,0,5,0.0,0.0,1.0
matrix_by_N,100,sketch,photo,5,-0.5132148912349134,0.05067329880215727,-0.5238044015415699,-0.5749308671682738,-0.43551946490926313,0,0,5,0.0,0.0,1.0
matrix_by_N,100,sketch,art_painting,5,-0.49698609591252313,0.06561137508759424,-0.5170703818578277,-0.5651784934974251,-0.389975690340408,0,0,5,0.0,0.0,1.0
matrix_by_N,100,sketch,cartoon,5,-0.27875454569219515,0.029908832996836162,-0.2857830577291781,-0.3068547589591063,-0.24107382471117011,0,0,5,0.0,0.0,1.0
matrix_by_N,100,sketch,sketch,5,-0.22717807868157552,0.05259190173359963,-0.23959619807369253,-0.28071771149027824,-0.13934575759907308,0,0,5,0.0,0.0,1.0
