seed,N,domain_i,domain_j,pair,DeltaS_i_photo,DeltaS_j_photo,DeltaS_ij_photo,DeltaS_ij_CM_photo,interaction_S_photo,DeltaS_i_art_painting,DeltaS_j_art_painting,DeltaS_ij_art_painting,DeltaS_ij_CM_art_painting,interaction_S_art_painting,DeltaS_i_cartoon,DeltaS_j_cartoon,DeltaS_ij_cartoon,DeltaS_ij_CM_cartoon,interaction_S_cartoon,DeltaS_i_sketch,DeltaS_j_sketch,DeltaS_ij_sketch,DeltaS_ij_CM_sketch,interaction_S_sketch
0,25,photo,art_painting,photo__art_painting,0.021597651543623253,0.0010005238036382424,0.026712724392686238,0.016130713810675656,0.004114549045424742,-0.052684215870165696,-0.02923379878267085,-0.053066479275658995,-0.031232131501461646,0.02885153537717755,-0.08913748976565194,-0.08174424510163769,-0.14538079424216133,-0.08206531321373911,0.02550094062512831,-0.11877600464043137,-0.06829020680752151,-0.24332648952423253,-0.10435804028213358,-0.056260278076279646
0,25,photo,cartoon,photo__cartoon,0.021597651543623253,-0.005115072849062985,0.00591360014528608,-0.004290481487366882,-0.010568978549274188,-0.052684215870165696,-0.03996229023162012,-0.025240250590940705,-0.015464300409873233,0.06740625551084511,-0.08913748976565194,-0.007630628955986429,-0.0317616813501419,-0.032191982612800096,0.06500643737149647,-0.11877600464043137,-0.08574090527921752,-0.05770369794554209,-0.02253246248716423,0.1468132119741068
0,25,photo,sketch,photo__sketch,0.021597651543623253,-0.1122125280714189,-0.014636444121586378,-0.014636444121586378,0.07597843240620927,-0.052684215870165696,-0.20081128549875038,-0.07248968191623328,-0.01736038746475277,0.1810058194526828,-0.08913748976565194,-0.0118827552258427,-0.04870869586488957,-0.027522678277255297,0.05231154912660507,-0.11877600464043137,-0.09588954350044354,-0.036940898268612465,0.0016058257062429027,0.17772464987226244
0,25,art_painting,cartoon,art_painting__cartoon,0.0010005238036382424,-0.005115072849062985,0.005385802819459218,-0.004466413929309243,0.00950035186488396,-0.02923379878267085,-0.03996229023162012,-0.03215180809165785,-0.008049886621315228,0.03704428092263312,-0.08174424510163769,-0.007630628955986429,-0.04139999375673553,-0.0274919845465893,0.04797488030088859,-0.06829020680752151,-0.08574090527921752,-0.00790853189874019,-0.012983708985764175,0.14612258018799884
0,25,art_painting,sketch,art_painting__sketch,0.0010005238036382424,-0.1122125280714189,-0.010062200631086649,-0.009710335747202259,0.10114980363669401,-0.02923379878267085,-0.20081128549875038,-0.042435691218094984,-0.017034768869579775,0.18760939306332625,-0.08174424510163769,-0.0118827552258427,-0.036492425759954816,-0.02043420446328259,0.057134574567525576,-0.06829020680752151,-0.09588954350044354,0.006982820874366302,0.009945953400963159,0.17116257118233136
0,25,cartoon,sketch,cartoon__sketch,-0.005115072849062985,-0.1122125280714189,-0.09935411564205476,-0.039408866995073955,0.017973485278427126,-0.03996229023162012,-0.20081128549875038,-0.11682333053671856,-0.05947384452602711,0.12395024519365194,-0.007630628955986429,-0.0118827552258427,-0.0006777139146439959,-0.004334267926369151,0.018835670267185134,-0.08574090527921752,-0.09588954350044354,-0.02052283105783803,-0.020298695812563716,0.16110761772182303
0,50,photo,art_painting,photo__art_painting,0.016130713810675656,-0.003912552538009484,0.0066564260112647045,0.01558988445211218,-0.005561735261401468,-0.06549787760089643,0.001143494842294035,-0.058930820298792375,-0.022959584462221683,0.005423562459810016,-0.14845744120794135,-0.10652882772658345,-0.15937654021796654,-0.1190074510136031,0.09560972871655826,-0.19566372324828263,-0.1459603915044282,-0.20591784456057705,-0.15924207597767304,0.13570627019213377
0,50,photo,cartoon,photo__cartoon,0.016130713810675656,-0.0598170302603801,0.0006356268870172377,-0.004290481487366882,0.04432194333672168,-0.06549787760089643,-0.06379158628625581,-0.052363050483351326,-0.02423845683861381,0.07692641340380091,-0.14845744120794135,-0.0161003789872618,-0.016971881266300337,-0.03481725895767851,0.14758593892890282,-0.19566372324828263,-0.03566594794612554,-0.07658729897231642,-0.04328729152124611,0.15474237222209175
0,50,photo,sketch,photo__sketch,0.016130713810675656,-0.19047306343508474,-0.004960159814760168,0.00031781344350856333,0.16938218980964892,-0.06549787760089643,-0.4323993174122228,-0.029189801084089084,-0.007634046024799002,0.46870739392903016,-0.14845744120794135,-0.10540978504517617,-0.059212472991027165,-0.05116154366818648,0.19465475326209036,-0.19566372324828263,-0.15181890651330787,-0.1617151262548806,-0.07844281054533253,0.1857675035067099
0,50,art_painting,cartoon,art_painting__cartoon,-0.003912552538009484,-0.0598170302603801,-0.003912552538009484,-0.004466413929309243,0.0598170302603801,0.001143494842294035,-0.06379158628625581,-0.02734661814450834,-0.0021068128744036185,0.035301473299453434,-0.10652882772658345,-0.0161003789872618,-0.05581551842091148,-0.01839790150519427,0.06681368829293377,-0.1459603915044282,-0.03566594794612554,-0.022707615117325775,-0.03679168245430742,0.15891872433322796
0,50,art_painting,sketch,art_painting__sketch,-0.003912552538009484,-0.19047306343508474,-0.03469274250300791,-0.01481237656352874,0.15969287347008632,0.001143494842294035,-0.4323993174122228,-0.060407326062134725,-0.013301466174319931,0.37084849650779406,-0.10652882772658345,-0.10540978504517617,-0.058276794958018296,-0.022192721733214293,0.15366181781374133,-0.1459603915044282,-0.15181890651330787,-0.13673018263518233,-0.02487978464916385,0.16104911538255373
0,50,cartoon,sketch,cartoon__sketch,-0.0598170302603801,-0.19047306343508474,-0.10034160741295661,-0.0749602523001538,0.14994848628250823,-0.06379158628625581,-0.4323993174122228,-0.14647296991590564,-0.09534737697121265,0.349717933782573,-0.0161003789872618,-0.10540978504517617,-0.0028104630731476954,-0.0036372851350348068,0.11869970095929028,-0.03566594794612554,-0.15181890651330787,-0.02002403359463667,-0.018539182667322907,0.16746082086479674
0,100,photo,art_painting,photo__art_painting,0.01546103548328237,0.0020821825207649747,0.01156950235291243,0.01139356991097007,-0.005973715651134914,-0.10268127675264926,-0.0513828993236467,-0.0314681515444617,-0.03695325734378585,0.12259602453183427,-0.18347641198668363,-0.1478704950914712,-0.15523668268496693,-0.15533974447966115,0.1761102243931879,-0.2083972648927459,-0.15170495566394004,-0.21015805398047582,-0.23936586917832048,0.14994416657621013
0,100,photo,cartoon,photo__cartoon,0.01546103548328237,-0.06458023822555847,0.01576581689405454,0.0006356268870172377,0.06488501963633064,-0.10268127675264926,-0.12664924571556824,-0.04456940147098376,-0.03101356803522659,0.18476112099723374,-0.18347641198668363,-0.0313453975885869,-0.02723304689595596,-0.02910302267639764,0.18758876267931457,-0.2083972648927459,-0.025102115519658796,0.004374605056347458,-0.0017291614599010963,0.23787398546875216
0,100,photo,sketch,photo__sketch,0.01546103548328237,-0.4490772480046277,0.0055957867017774054,-0.010062200631086649,0.43921199922312276,-0.10268127675264926,-0.5233022143133241,-0.04365195148496681,-0.023508575988656855,0.5823315395810067,-0.18347641198668363,-0.21526797784452134,-0.08260896620358338,-0.06021344953033725,0.3161354236276216,-0.2083972648927459,-0.1895304339806737,-0.08422355433142081,-0.13023855479573432,0.3137041445419988
0,100,art_painting,cartoon,art_painting__cartoon,0.0020821825207649747,-0.06458023822555847,-0.04432194333672179,-0.019021723137407243,0.018176112368071706,-0.0513828993236467,-0.12664924571556824,-0.06699148368433527,-0.03642288022828921,0.11104066135487967,-0.1478704950914712,-0.0313453975885869,-0.054511877401377085,-0.046593094085431996,0.12470401527868102,-0.15170495566394004,-0.025102115519658796,-0.03643323163172074,0.011254460748477357,0.1403738395518781
0,100,art_painting,sketch,art_painting__sketch,0.0020821825207649747,-0.4490772480046277,-0.029062904360854458,-0.02941476924473907,0.4179321611230083,-0.0513828993236467,-0.5233022143133241,-0.0761886058429655,-0.04862974778809148,0.4984965077940054,-0.1478704950914712,-0.21526797784452134,-0.04563810594725881,-0.014028644304253879,0.31750036698873374,-0.15170495566394004,-0.1895304339806737,-0.15323703672306466,-0.0827487467318122,0.1879983529215491
0,100,cartoon,sketch,cartoon__sketch,-0.06458023822555847,-0.4490772480046277,-0.10472688642877748,-0.10373939465787552,0.4089305998014087,-0.12664924571556824,-0.5233022143133241,-0.2231520521274758,-0.18963595912310982,0.4267994079014166,-0.0313453975885869,-0.21526797784452134,-0.028152153539359293,-0.010226541494003816,0.21846122189374895,-0.025102115519658796,-0.1895304339806737,-0.14515833297117064,-0.1391054462406318,0.06947421652916186
1,25,photo,art_painting,photo__art_painting,0.0027283061765820404,0.010204081632653073,0.0054539057002110924,0.005102040816326481,-0.0074784821090240206,-0.013273351585550097,0.006409473102324648,0.014541387821603302,0.016876590908686095,0.02140526630482875,-0.094597822978291,-0.05871632811860761,-0.12304375881516849,-0.05782759936102644,0.03027039228173012,-0.1395674297932833,-0.03828846549918019,-0.17558792874463075,-0.06238324735779277,0.0022679665478326783
1,25,photo,cartoon,photo__cartoon,0.0027283061765820404,-0.041958534076760756,0.0027283061765820404,0.0027283061765820404,0.041958534076760756,-0.013273351585550097,-0.05713769142116132,-0.02115856665851057,0.003951420840658804,0.049252476348200847,-0.094597822978291,-0.033012268475772766,-0.06012916461063278,-0.03252452880927581,0.06748092684343099,-0.1395674297932833,-0.04110599821523764,-0.07641423822847193,-0.059245846014370884,0.104259189780049
1,25,photo,sketch,photo__sketch,0.0027283061765820404,-0.08597272741560047,-0.015130190007037414,-0.020056298381421533,0.06811423123198102,-0.013273351585550097,-0.09814182459227916,0.008482301249667423,0.010710092951143446,0.11989747742749668,-0.094597822978291,-0.05734498365419238,-0.036660064015941796,-0.01883930692733249,0.11528274261654159,-0.1395674297932833,0.006696392344451629,0.035406384184267004,0.009477038540466443,0.16827742163309867
1,25,art_painting,cartoon,art_painting__cartoon,0.010204081632653073,-0.041958534076760756,0.00017593244194225033,0.010204081632653073,0.031930384886049934,0.006409473102324648,-0.05713769142116132,-0.027787790749299157,0.00011970224067636703,0.022940427569537514,-0.05871632811860761,-0.033012268475772766,-0.02904522736646986,-0.021737433391032734,0.06268336922791051,-0.03828846549918019,-0.04110599821523764,-0.060948622213573,-0.027918594182354206,0.01844584150084483
1,25,art_painting,sketch,art_painting__sketch,0.010204081632653073,-0.08597272741560047,-0.025158339197748125,-0.025334271639690376,0.05061030658519927,0.006409473102324648,-0.09814182459227916,-0.017643484667387743,0.01864986657378087,0.07408886682256677,-0.05871632811860761,-0.05734498365419238,-0.05710391917097879,-0.04498464164343574,0.0589573926018212,-0.03828846549918019,0.006696392344451629,0.07940377879141769,0.03514122999244729,0.11099585194614625
1,25,cartoon,sketch,cartoon__sketch,-0.041958534076760756,-0.08597272741560047,-0.10970806565117719,-0.08210518227997976,0.018223195841184037,-0.05713769142116132,-0.09814182459227916,-0.11797588833275052,-0.07105004871809939,0.037303627680689955,-0.033012268475772766,-0.05734498365419238,-0.03806354857793204,-0.0156407152169864,0.05229370355203311,-0.04110599821523764,0.006696392344451629,-0.014636673908120068,-0.002303089184373386,0.01977293196266594
1,50,photo,art_painting,photo__art_painting,0.00017593244194225033,-0.004574243490499619,-0.03923293455313159,-0.0096762843068261,-0.034834623504574225,-0.021863301725270068,-0.010259962650266852,-0.02811364684891804,0.018790342356721057,0.0040096175266188805,-0.15285706165570123,-0.11618909985923154,-0.15408040728253458,-0.13194827238069906,0.11496575423239819,-0.2416919474767224,-0.12761888019119638,-0.20385501533022693,-0.20293602119725807,0.16545581233769185
1,50,photo,cartoon,photo__cartoon,0.00017593244194225033,-0.06219076490012454,-0.01662426243707038,0.008006279434850883,0.04539057002111191,-0.021863301725270068,-0.12462956728471264,-0.050131318367206745,-0.024989267767855927,0.09636155064277596,-0.15285706165570123,-0.021822845912719768,-0.10366403195646201,-0.06302245162330078,0.07101587561195899,-0.2416919474767224,-0.05651692910414896,-0.17832976575530884,-0.0965092517160887,0.11987911082556257
1,50,photo,sketch,photo__sketch,0.00017593244194225033,-0.2747772832072849,-0.024806474313863514,-0.020408163265306145,0.24979487645147913,-0.021863301725270068,-0.24976030673483263,0.01657360270871666,0.004225390315615862,0.28819721116881936,-0.15285706165570123,-0.08607049964052216,-0.09035032381674568,-0.044436280233210446,0.1485772374794777,-0.2416919474767224,-0.04964657521999083,0.03327393456421046,0.04245698518059682,0.3246124572609237
1,50,art_painting,cartoon,art_painting__cartoon,-0.004574243490499619,-0.06219076490012454,-0.019704433497537033,0.0,0.047060574893087126,-0.010259962650266852,-0.12462956728471264,-0.029379426792736196,-0.006341317423126491,0.1055101031422433,-0.11618909985923154,-0.021822845912719768,-0.1084605381108229,-0.04225445724005095,0.029551407661128404,-0.12761888019119638,-0.05651692910414896,-0.12714304754981753,-0.05728758423711933,0.05699276174552781
1,50,art_painting,sketch,art_painting__sketch,-0.004574243490499619,-0.2747772832072849,-0.06240345543539583,-0.03742104867959006,0.2169480712623887,-0.010259962650266852,-0.24976030673483263,-0.04826796914104725,-0.010590137012536305,0.21175230024405223,-0.11618909985923154,-0.08607049964052216,-0.10570202336528278,-0.06188644628699369,0.09655757613447091,-0.12761888019119638,-0.04964657521999083,0.0020860731548043576,7.474931383855132e-05,0.17935152856599157
1,50,cartoon,sketch,cartoon__sketch,-0.06219076490012454,-0.2747772832072849,-0.1777046011353972,-0.1197362148418879,0.15926344697201222,-0.12462956728471264,-0.24976030673483263,-0.20523970972854377,-0.11495601120783494,0.1691501642910015,-0.021822845912719768,-0.08607049964052216,-0.03421675468062135,-0.027605050658857877,0.07367659087262057,-0.05651692910414896,-0.04964657521999083,-0.04268250243937666,-0.022435139644288116,0.06348100188476313
1,100,photo,art_painting,photo__art_painting,0.015130190007037192,-0.012404590483408251,0.005277973258268842,0.010204081632653073,0.002552373734639901,-0.039029774906780834,0.007212289408451422,-0.01732917182361693,0.012189729454907261,0.014488313674712483,-0.17389088842829004,-0.13943364693905302,-0.12240067990608594,-0.1283960622212792,0.19092385546125712,-0.24805497036847096,-0.18477113725779598,-0.2000278348021674,-0.2184838846186971,0.23279827282409954
1,100,photo,cartoon,photo__cartoon,0.015130190007037192,-0.13734796904986013,0.015130190007037192,0.008006279434850883,0.13734796904986013,-0.039029774906780834,-0.21129278311973854,-0.04288801843509504,-0.03596215938826186,0.20743453959142433,-0.17389088842829004,-0.08346625367657778,-0.11010022138566289,-0.07218786132705446,0.14725692071920493,-0.24805497036847096,-0.09877014648731697,-0.13749491863385221,-0.13621950310759745,0.20933019822193571
1,100,photo,sketch,photo__sketch,0.015130190007037192,-0.4767601247737908,0.00950035186488385,-0.03078817733990158,0.4711302866316375,-0.039029774906780834,-0.45344563083312944,0.012801964636775631,-0.0046741981485556305,0.505277370376686,-0.17389088842829004,-0.24769736425081224,-0.06142810612439853,-0.06953543781361282,0.36016014655470374,-0.24805497036847096,-0.14473565150760004,-0.05480128772737258,-0.012462225046373732,0.3379893341486984
1,100,art_painting,cartoon,art_painting__cartoon,-0.012404590483408251,-0.13734796904986013,-0.02941476924473918,-0.019034755170143747,0.1203377902885292,0.007212289408451422,-0.21129278311973854,-0.02419583288733773,-0.003875308762526841,0.17988466082394938,-0.13943364693905302,-0.08346625367657778,-0.10373766535516338,-0.09171403128841937,0.11916223526046743,-0.18477113725779598,-0.09877014648731697,-0.11707378561810189,-0.10457258333798969,0.16646749812701106
1,100,art_painting,sketch,art_painting__sketch,-0.012404590483408251,-0.4767601247737908,-0.03451681006106566,-0.027251018487312817,0.4546479051961334,0.007212289408451422,-0.45344563083312944,-0.020189124790179647,-0.007873213001705848,0.4260442166344984,-0.13943364693905302,-0.24769736425081224,-0.07258914026524588,-0.06039631686428659,0.3145418709246194,-0.18477113725779598,-0.14473565150760004,0.017605933090547254,0.010677358400337567,0.3471127218559433
1,100,cartoon,sketch,cartoon__sketch,-0.13734796904986013,-0.4767601247737908,-0.22422454392897762,-0.1431196881935799,0.38988354989467333,-0.21129278311973854,-0.45344563083312944,-0.24499266408143083,-0.1779544379028164,0.41974574987143715,-0.08346625367657778,-0.24769736425081224,-0.08120459052768136,-0.04858359130832146,0.24995902739970866,-0.09877014648731697,-0.14473565150760004,-0.01874130458586354,-0.09529654521052355,0.22476449340905347
2,25,photo,art_painting,photo__art_painting,0.010264197138502129,0.02521845470359707,0.02504252226165471,0.015001341038207494,-0.01044012958044449,-0.002119998624426689,0.04835932741109483,0.04246806025551775,0.030687925925163895,-0.0037712685311503957,-0.0771800241710362,-0.020899977701685946,-0.08154714334435142,-0.03346095843543806,0.01653285852837072,-0.122732679611395,-0.055714525572149065,-0.09948644763514314,-0.0903631474955846,0.07896075754840093
2,25,photo,cartoon,photo__cartoon,0.010264197138502129,0.0005067779181875398,0.02539438714553932,0.020103381854533975,0.014623412088849652,-0.002119998624426689,-0.02575419396644829,0.00789298620675949,0.01305338128723521,0.03576717879763447,-0.0771800241710362,-0.010669088372435964,-0.027232205011801236,-0.0017988514399052136,0.06061690753167093,-0.122732679611395,-0.0435691682893965,-0.07924024479610925,-0.07486286375126217,0.08706160310468225
2,25,photo,sketch,photo__sketch,0.010264197138502129,-0.06566988431758813,0.004608294930875667,0.0,0.06001398210996167,-0.002119998624426689,-0.13884122520093445,0.018958895947880028,0.023310823037225092,0.15992011977324117,-0.0771800241710362,-0.025347819294356366,-0.05202468492845036,-0.023559034509993082,0.050503158536942205,-0.122732679611395,0.045646185877462164,0.07779075939754487,0.03326673103275746,0.1548772531314777
2,25,art_painting,cartoon,art_painting__cartoon,0.02521845470359707,0.0005067779181875398,0.02521845470359707,0.020103381854533975,-0.0005067779181875398,0.04835932741109483,-0.02575419396644829,0.051161495469940865,0.028003471210325426,0.028556362025294324,-0.020899977701685946,-0.010669088372435964,-0.01125857598957003,0.001143146481072499,0.02031049008455188,-0.055714525572149065,-0.0435691682893965,0.03743762744104584,0.018037488887138964,0.1367213213025914
2,25,art_painting,sketch,art_painting__sketch,0.02521845470359707,-0.06566988431758813,-0.009839184716031957,0.00017593244194236135,0.030612244897959107,0.04835932741109483,-0.13884122520093445,0.037461470005209496,5.9561428270460404e-05,0.1279433677950491,-0.020899977701685946,-0.025347819294356366,-0.03870143832075745,-0.020186735326357286,0.007546358675284859,-0.055714525572149065,0.045646185877462164,0.0423406683599411,0.05331407468517657,0.052409008054628003
2,25,cartoon,sketch,cartoon__sketch,0.0005067779181875398,-0.06566988431758813,-0.004230365981518047,-0.004419330456196802,0.06093274041788255,-0.02575419396644829,-0.13884122520093445,-0.04656549587430159,-0.01756029934444525,0.11802992329308115,-0.010669088372435964,-0.025347819294356366,-0.013508743160548509,-0.0066572266118939405,0.022508164506243822,-0.0435691682893965,0.045646185877462164,-0.012869229263133053,0.009539362221688386,-0.014946246851198719
2,50,photo,art_painting,photo__art_painting,0.029603733719417935,0.01536623795482861,0.02504252226165471,0.02011641388727048,-0.019927449412591836,-0.0016645321382884326,0.0436495382495814,0.02473538480090398,0.03780198329841922,-0.017249621310388985,-0.12970407866890743,-0.04367255129515024,-0.07744978498433541,-0.08608143349617425,0.09592684497972226,-0.15927632895792887,0.010201430179814008,-0.08174400244886226,-0.09132367092476557,0.0673308963292526
2,50,photo,cartoon,photo__cartoon,0.029603733719417935,-0.019867333906742668,0.029779666161360296,0.015190305512886249,0.02004326634868503,-0.0016645321382884326,-0.0667078853845362,0.02827935991230668,0.015705515914314017,0.09665177743513131,-0.12970407866890743,-0.03825839380628138,-0.048754685732499525,-0.01852996600706247,0.11920778674268928,-0.15927632895792887,-0.035757528132453587,-0.029367126684215705,-0.08099749709283588,0.16566673040616675
2,50,photo,sketch,photo__sketch,0.029603733719417935,-0.22399882136096982,0.004067465572312301,0.004432362488933417,0.1984625532138642,-0.0016645321382884326,-0.3253893103054311,0.034730851157519504,0.03798840085469779,0.36178469360123905,-0.12970407866890743,-0.0662367968558093,-0.031016005158127857,-0.035082562837857156,0.16492487036658887,-0.15927632895792887,0.04663787214725612,0.046837799875549035,0.05918383116445003,0.15947625668622178
2,50,art_painting,cartoon,art_painting__cartoon,0.01536623795482861,-0.019867333906742668,-0.004338195542708423,0.02521845470359707,0.0001629004092056352,0.0436495382495814,-0.0667078853845362,0.025069761346670938,0.027661569183636936,0.04812810848162574,-0.04367255129515024,-0.03825839380628138,-0.06991251617778305,-0.02968863428954993,0.012018428923648572,0.010201430179814008,-0.035757528132453587,0.011596259189292302,-0.026634214927078514,0.03715235714193188
2,50,art_painting,sketch,art_painting__sketch,0.01536623795482861,-0.22399882136096982,-0.010170030192277135,0.004290481487366993,0.19846255321386408,0.0436495382495814,-0.3253893103054311,-0.0016563088274516025,0.0029815380524573776,0.2800834632283981,-0.04367255129515024,-0.0662367968558093,-0.054079335843896015,-0.016035048823152653,0.055830012307063526,0.010201430179814008,0.04663787214725612,0.09086542830823796,0.09678163048860422,0.03402612598116783
2,50,cartoon,sketch,cartoon__sketch,-0.019867333906742668,-0.22399882136096982,-0.05422124355860247,-0.014589360648473826,0.18964491170911002,-0.0667078853845362,-0.3253893103054311,-0.1550957497101929,-0.057139049381111584,0.2370014459797744,-0.03825839380628138,-0.0662367968558093,-0.031156761882990214,-0.02453321070161041,0.07333842877910046,-0.035757528132453587,0.04663787214725612,0.01876198469775403,0.05976016127462336,0.007881640682951496
2,100,photo,art_painting,photo__art_painting,0.029603733719417935,0.015873015873015928,0.010406078140068331,0.015332186514452562,-0.03507067145236553,-0.014080221557361994,0.028437088520607667,0.028024137711660124,0.038413902212591555,0.01366727074841445,-0.10734158065208044,-0.1252008159218193,-0.08855001048332689,-0.11267500791326845,0.14399238609057285,-0.12248044082780218,-0.10493664510401901,-0.09757721002483088,-0.15861673934702192,0.1298398759069903
2,100,photo,cartoon,photo__cartoon,0.029603733719417935,-0.08344704832866279,0.015001341038207494,0.02539438714553932,0.06884465564745235,-0.014080221557361994,-0.14949261011972526,0.02402822855339215,0.026097354857524513,0.1876010602304794,-0.10734158065208044,-0.07926728454547172,-0.04172866463101077,-0.05085411636657755,0.14488020056654138,-0.12248044082780218,-0.0832599017476141,-0.049894496327055005,-0.06001586476273313,0.15584584624836129
2,100,photo,sketch,photo__sketch,0.029603733719417935,-0.3721389886017249,0.0243127284284127,-0.0006827103601296791,0.36684798331071966,-0.014080221557361994,-0.4693698519675913,0.002255510960241125,-0.008740120555226216,0.4857055844851944,-0.10734158065208044,-0.23929462795899892,-0.029183277007853947,-0.034191321767570226,0.3174529316032254,-0.12248044082780218,-0.009671010269628577,0.12379482548709209,0.050228139923344295,0.25594627658452285
2,100,art_painting,cartoon,art_painting__cartoon,0.015873015873015928,-0.08344704832866279,-0.01892755619118236,0.011298772382516309,0.0486464762644645,0.028437088520607667,-0.14949261011972526,-0.03021960586220085,0.03248758771834581,0.09083591573691674,-0.1252008159218193,-0.07926728454547172,-0.07644840526785401,-0.07174269489042917,0.128019695199437,-0.10493664510401901,-0.0832599017476141,0.002509305032619813,0.03529264296274692,0.19070585188425293
2,100,art_painting,sketch,art_painting__sketch,0.015873015873015928,-0.3721389886017249,-0.014224463731852932,-0.014954257565094942,0.34204150899685604,0.028437088520607667,-0.4693698519675913,0.0032991337800898357,0.0005387956896343304,0.44423189722707346,-0.1252008159218193,-0.23929462795899892,-0.08577958200801339,-0.03467994080333092,0.27871586187280484,-0.10493664510401901,-0.009671010269628577,0.11966951975181661,0.10617599525322974,0.2342771751254642
2,100,cartoon,sketch,cartoon__sketch,-0.08344704832866279,-0.3721389886017249,-0.1071136531012582,-0.10102431777308629,0.3484723838291295,-0.14949261011972526,-0.4693698519675913,-0.20071323065779123,-0.11551263780365972,0.4181492314295253,-0.07926728454547172,-0.23929462795899892,-0.10811831275500683,-0.05133144919438204,0.2104435997494638,-0.0832599017476141,-0.009671010269628577,0.05479233441942599,0.034590204276588876,0.14772324643666868
3,25,photo,art_painting,photo__art_painting,0.02587510099825374,0.02587510099825374,0.04065342612140643,0.02587510099825374,-0.01109677587510105,0.03943262562946104,0.03413482177369509,0.06086458149638485,0.049138838567634346,-0.012702865906771277,-0.09578293331823762,-0.05815263357515432,-0.11852569255029932,-0.06594950705888214,0.03540987434309262,-0.19503353037918203,-0.06048488416465425,-0.20055765955323002,-0.10330860504757566,0.054960754990606264
3,25,photo,cartoon,photo__cartoon,0.02587510099825374,-0.02521845470359696,0.04508578861033974,0.04015968023595551,0.04442914231568296,0.03943262562946104,-0.03346131854155654,0.04768094721523064,0.03958145185280193,0.04170964012732614,-0.09578293331823762,0.014172584369005259,-0.039170764102929856,-0.014871246503502467,0.0424395848463025,-0.19503353037918203,-0.03453465267512912,-0.17152748839318943,-0.14965833524505567,0.05804069466112172
3,25,photo,sketch,photo__sketch,0.02587510099825374,-0.16221897294517673,0.006136616060340883,0.015353205922091995,0.14248048800726387,0.03943262562946104,-0.3147886596377226,-0.04786557723377394,-0.02864303616183317,0.22749045677448765,-0.09578293331823762,-0.08086502800387685,-0.06280088804111039,-0.04748082558990041,0.11384707328100407,-0.19503353037918203,-0.13459389330788452,-0.06051994100014346,-0.06324403401540124,0.2691074826869231
3,25,art_painting,cartoon,art_painting__cartoon,0.02587510099825374,-0.02521845470359696,0.020245262856100288,0.010041181223447215,0.019588616561443506,0.03413482177369509,-0.03346131854155654,0.015751443284828914,0.012063652378992984,0.015077940052690364,-0.05815263357515432,0.014172584369005259,-0.02404282479740183,0.012504486481266008,0.019937224408747234,-0.06048488416465425,-0.03453465267512912,-0.13784059825669115,-0.11648013615812092,-0.04282106141690778
3,25,art_painting,sketch,art_painting__sketch,0.02587510099825374,-0.16221897294517673,-0.01983328246636684,-0.029908515130189994,0.11651058948055615,0.03413482177369509,-0.3147886596377226,-0.043446747643807404,-0.02556613637861538,0.23720709022022013,-0.05815263357515432,-0.08086502800387685,-0.03532954403804234,-0.018487446856599865,0.10368811754098883,-0.06048488416465425,-0.13459389330788452,-0.11589486964793061,-0.0215882297921991,0.07918390782460816
3,25,cartoon,sketch,cartoon__sketch,-0.02521845470359696,-0.16221897294517673,-0.11650617540495178,-0.04559256652852717,0.07093125224382191,-0.03346131854155654,-0.3147886596377226,-0.20496229913803699,-0.08779731845605476,0.14328767904124218,0.014172584369005259,-0.08086502800387685,-0.024263807090266876,-0.014379900702651827,0.042428636544604714,-0.03453465267512912,-0.13459389330788452,-0.13620162183557794,-0.27263389727863374,0.0329269241474357
3,50,photo,art_painting,photo__art_painting,0.06528396799332759,-0.008783590064378122,0.0357273177470222,0.04557953449579066,-0.02077306018192726,-0.0005554041464713722,0.03729152305069705,0.0038611988393156826,0.04012260573252602,-0.032874920064909996,-0.12415693527001337,-0.10230909235978125,-0.16598719616174962,-0.10328944784422456,0.060478831468045,-0.22865093947758575,-0.1434068306886619,-0.3207108765398832,-0.18194703154934377,0.051346893626364354
3,50,photo,cartoon,photo__cartoon,0.06528396799332759,-0.04997784554434814,0.04554548305541484,0.04473392372645513,0.030239360606435395,-0.0005554041464713722,-0.09564957169042021,-0.0028308154893275095,0.028656039530239985,0.09337416034756407,-0.12415693527001337,0.0027789422645587702,-0.04449582354039361,-0.024780156693579247,0.07688216946506099,-0.22865093947758575,-0.10299691306236769,-0.2395630264657771,-0.23525875995336354,0.09208482607417634
3,50,photo,sketch,photo__sketch,0.06528396799332759,-0.41678862450354587,0.025665117115935443,0.015812900367166982,0.3771697736261538,-0.0005554041464713722,-0.46348858998954384,-0.062017071819563285,-0.027910572451028126,0.40202692231645193,-0.12415693527001337,-0.1807610651000997,-0.06977358895520347,-0.05101810253872274,0.2351444114149096,-0.22865093947758575,-0.14722471035542606,-0.07962098077903612,-0.02806639546099121,0.2962546690539757
3,50,art_painting,cartoon,art_painting__cartoon,-0.008783590064378122,-0.04997784554434814,-0.01356781743719615,-0.00424339801425444,0.045193618171530114,0.03729152305069705,-0.09564957169042021,-0.02386322950232711,0.015811116276832737,0.03449481913739605,-0.10230909235978125,0.0027789422645587702,-0.08487767093144505,-0.019455842340186824,0.014652479163777432,-0.1434068306886619,-0.10299691306236769,-0.13394343270265507,-0.08832047539943566,0.1124603110483745
3,50,art_painting,sketch,art_painting__sketch,-0.008783590064378122,-0.41678862450354587,-0.048402440941770375,-0.014413428206531576,0.37716977362615356,0.03729152305069705,-0.46348858998954384,-0.05074662491338522,-0.049202964767996904,0.3754504420254616,-0.10230909235978125,-0.1807610651000997,-0.0518733642078697,-0.043753217358204144,0.23119679325201126,-0.1434068306886619,-0.14722471035542606,-0.12065105225066053,-0.060070468112236486,0.16998048879342742
3,50,cartoon,sketch,cartoon__sketch,-0.04997784554434814,-0.41678862450354587,-0.152125728265884,-0.10156494987259335,0.31464074178200996,-0.09564957169042021,-0.46348858998954384,-0.2759128631814077,-0.1892000790889805,0.2832252984985564,0.0027789422645587702,-0.1807610651000997,-0.07815110386626778,-0.04065331526899951,0.09983101896927316,-0.10299691306236769,-0.14722471035542606,-0.012208266688866876,-0.047270176070286496,0.23801335672892687
3,100,photo,art_painting,photo__art_painting,0.07545399818560483,0.030801209372637972,0.07545399818560483,0.06510803555138533,-0.030801209372637972,-0.04046096050360459,0.05434606416538856,0.0585738511167756,0.07572725345702569,0.04468874745499163,-0.16001762562420008,-0.1405016511750462,-0.1498763449362438,-0.108929070556816,0.15064293186300248,-0.2692440026922839,-0.24037776238363373,-0.3105413627022369,-0.26338883019046955,0.19908040237368074
3,100,photo,cartoon,photo__cartoon,0.07545399818560483,-0.05064752387174121,0.06588554343996911,0.06556772999646043,0.04107906912610548,-0.04046096050360459,-0.1351005445383181,-0.020884122174662068,0.02008290092680154,0.15467738286726063,-0.16001762562420008,-0.013764968003313172,-0.04795060911747773,-0.028346330956474763,0.12583198451003552,-0.2692440026922839,-0.1466311720913268,-0.17307019802357382,-0.19912507036057936,0.24280497676003687
3,100,photo,sketch,photo__sketch,0.07545399818560483,-0.5554918279453478,0.030557174049943736,0.030591225490319562,0.5105950038096867,-0.04046096050360459,-0.5586286255795851,-0.03248677842438363,-0.02077216851652941,0.5666028076588061,-0.16001762562420008,-0.314929427675929,-0.07420379799780485,-0.03897597799659824,0.40074325530232424,-0.2692440026922839,-0.353155507126431,-0.15989103216043388,-0.05681073862339869,0.462508477658281
3,100,art_painting,cartoon,art_painting__cartoon,0.030801209372637972,-0.05064752387174121,0.020421195298042538,0.01053492710889814,0.04026750979714577,0.05434606416538856,-0.1351005445383181,0.037862513426423106,0.03094864025735966,0.11861699379935264,-0.1405016511750462,-0.013764968003313172,-0.05809336986263092,-0.024409998512708198,0.09617324931572846,-0.24037776238363373,-0.1466311720913268,-0.17508255124137762,-0.11386304661363966,0.21192638323358293
3,100,art_painting,sketch,art_painting__sketch,0.030801209372637972,-0.5554918279453478,-0.019515469022858167,-0.009663252274089817,0.5051751495498515,0.05434606416538856,-0.5586286255795851,-0.03390770814741195,-0.03240617535309509,0.4703748532667846,-0.1405016511750462,-0.314929427675929,-0.0719355467188394,-0.03449042296275373,0.38349553213213583,-0.24037776238363373,-0.353155507126431,-0.08600359255330714,0.012035839293630057,0.5075296769567577
3,100,cartoon,sketch,cartoon__sketch,-0.05064752387174121,-0.5554918279453478,-0.12480654222271881,-0.12197311313789938,0.48133280959437014,-0.1351005445383181,-0.5586286255795851,-0.26015580885404704,-0.22071490025703921,0.43357336126385615,-0.013764968003313172,-0.314929427675929,-0.06424443319867157,-0.016980189968006654,0.2644499624805706,-0.1466311720913268,-0.353155507126431,-0.12065454977103485,-0.08198123989887185,0.379132129446723
4,25,photo,art_painting,photo__art_painting,0.025158339197748236,0.06512905495902488,0.07054890921886003,0.05985108170075615,-0.01973848493791308,-0.023396653713247062,0.01251734355188916,-0.059904207540262266,-0.012962469124437659,-0.049024897378904364,-0.07495405428699997,-0.025439242531817285,-0.09998716290677234,-0.05114881463691989,0.0004061339120449148,-0.14064924887547514,-0.04784857091641315,-0.20680493223533158,-0.10192362461734195,-0.018307112443443296
4,25,photo,cartoon,photo__cartoon,0.025158339197748236,0.03057819345758339,0.019880365939479283,0.04503870513722741,-0.035856166715852344,-0.023396653713247062,-0.028377042040974465,-0.04696358725570071,-0.01901762011464414,0.004810108498520815,-0.07495405428699997,0.014362681935577992,-0.010793158454111884,0.01064398978648029,0.049798213897310095,-0.14064924887547514,-0.03986405701434215,-0.10882673117662889,-0.05112591409777101,0.0716865747131884
4,25,photo,sketch,photo__sketch,0.025158339197748236,-0.06980545277065209,0.015164241447413351,0.02582801752514141,0.0598113550203172,-0.023396653713247062,-0.06971087933564413,-0.08005201402596307,-0.031809484284867406,0.01305551902292812,-0.07495405428699997,-0.038974312091564545,-0.022557556529981815,-0.011445838989394996,0.0913708098485827,-0.14064924887547514,0.018055203516366247,0.02199153757226968,-0.005206983785711827,0.14458558293137858
4,25,art_painting,cartoon,art_painting__cartoon,0.06512905495902488,0.03057819345758339,0.07462940682390873,0.0697032984495245,-0.021077841592699542,0.01251734355188916,-0.028377042040974465,-0.03353002649390957,-0.0025052239460612302,-0.017670328004824265,-0.025439242531817285,0.014362681935577992,-0.006478802874333223,-0.012283145198376921,0.004597757721906071,-0.04784857091641315,-0.03986405701434215,-0.04062563591977608,-0.028863704380076793,0.04708699201097921
4,25,art_painting,sketch,art_painting__sketch,0.06512905495902488,-0.06980545277065209,0.02582801752514141,0.010697827518104108,0.03050441533676862,0.01251734355188916,-0.06971087933564413,-0.03425048813345999,-0.007920716087653767,0.02294304765029498,-0.025439242531817285,-0.038974312091564545,-0.017437598669764687,-0.004357895508215082,0.04697595595361714,-0.04784857091641315,0.018055203516366247,0.04749860616345147,0.03131724868323127,0.07729197356349837
4,25,cartoon,sketch,cartoon__sketch,0.03057819345758339,-0.06980545277065209,-0.02484052575423934,-0.009040657419808862,0.014386733558829357,-0.028377042040974465,-0.06971087933564413,-0.051210690837830586,-0.0330595916969435,0.046877230538788006,0.014362681935577992,-0.038974312091564545,0.03425204854421304,0.027903639447329875,0.058863678700199595,-0.03986405701434215,0.018055203516366247,-0.04962145828315634,-0.0007324005385950239,-0.02781260478518044
4,50,photo,art_painting,photo__art_painting,0.06495312251708263,0.036208031599736734,0.02621393384940196,0.04574243490499674,-0.0749472202674174,-0.0726588629107856,0.005952348220201298,-0.10267252536658256,-0.04140247733481073,-0.03596601067599825,-0.12979800978711697,-0.0930502014294955,-0.13368936946901122,-0.09205856373698051,0.08915884174760125,-0.2253129938651251,-0.19728132164168088,-0.23563542763785078,-0.19246266819438196,0.1869588878689552
4,50,photo,cartoon,photo__cartoon,0.06495312251708263,0.005102040816326592,0.01498830900547099,0.049822932510045215,-0.05506685432793823,-0.0726588629107856,-0.061609652964993655,-0.03202731320709362,-0.016940844585668136,0.10224120266868564,-0.12979800978711697,-0.013142663823817236,-0.04500115192999854,-0.014975375996496898,0.09793952168093567,-0.2253129938651251,-0.00664061136380012,-0.14240105933889136,-0.12157096965727343,0.08955254589003381
4,50,photo,sketch,photo__sketch,0.06495312251708263,-0.2118334576065387,0.025368323080066313,0.030118499012508293,0.1722486581695224,-0.0726588629107856,-0.2436141024149574,-0.040203329752828365,-0.04435429694568516,0.27606963557291464,-0.12979800978711697,-0.07346521296713238,-0.05428794057624975,-0.03834196982702287,0.1489752821779996,-0.2253129938651251,-0.12389096644746989,-0.04058680320349828,-0.08484745104602931,0.3086171571090967
4,50,art_painting,cartoon,art_painting__cartoon,0.036208031599736734,0.005102040816326592,0.026003949967083773,0.06952736600758225,-0.015306122448979553,0.005952348220201298,-0.061609652964993655,-0.03429588876528,-0.019954862367949966,0.021361415979512355,-0.0930502014294955,-0.013142663823817236,-0.03963912296255612,-0.005916264597188969,0.06655374229075661,-0.19728132164168088,-0.00664061136380012,-0.17542974277465873,-0.020733291095169193,0.02849219023082228
4,50,art_painting,sketch,art_painting__sketch,0.036208031599736734,-0.2118334576065387,0.011401557285873332,0.020584095707248506,0.1870269832926753,0.005952348220201298,-0.2436141024149574,-0.10643132413899137,-0.018576038404679807,0.13123043005576474,-0.0930502014294955,-0.07346521296713238,-0.04801796369009048,-0.018961700139478288,0.11849745070653739,-0.19728132164168088,-0.12389096644746989,-0.06013167162009436,0.04557867134342486,0.2610406164690564
4,50,cartoon,sketch,cartoon__sketch,0.005102040816326592,-0.2118334576065387,-0.05407936255703594,-0.04454495925177615,0.15265205423317618,-0.061609652964993655,-0.2436141024149574,-0.11804778627610613,-0.0887731940336115,0.18717596910384493,-0.013142663823817236,-0.07346521296713238,-0.0005725033510530775,0.0027742292548282865,0.08603537343989653,-0.00664061136380012,-0.12389096644746989,-0.06300994441055907,-0.0042487962675288315,0.06752163340071093
4,100,photo,art_painting,photo__art_painting,0.04539057002111202,-0.008478808653605951,0.03114004222378619,0.05066854327938086,-0.005771719143719878,-0.11695911573238515,-0.023596712357011107,-0.044108574933946265,-0.052336762620107224,0.09644725315545,-0.13979841776036694,-0.09868211521195769,-0.11091668342703098,-0.11957294131759588,0.12756384954529365,-0.22639088734081914,-0.20919195113234768,-0.26663059906501857,-0.18560966478709795,0.1689522394081483
4,100,photo,cartoon,photo__cartoon,0.04539057002111202,-0.07480533926585087,0.03486867494495027,0.044544959251776484,0.06428344418968912,-0.11695911573238515,-0.11367547309928427,-0.015463673822430968,-0.01282763626887562,0.21517091500923846,-0.13979841776036694,-0.02216504722307,-0.020710619298053845,-0.0026771167096522053,0.1412528456853831,-0.22639088734081914,-0.11694385952737574,-0.0008320606852956214,-0.0991141722285972,0.34250268618289925
4,100,photo,sketch,photo__sketch,0.04539057002111202,-0.4479437586620169,0.015692038773240213,0.030470363896393016,0.4182452274141451,-0.11695911573238515,-0.43229724429052147,-0.0014300126989433837,0.008165007110000566,0.5478263473239633,-0.13979841776036694,-0.2524798413834033,-0.09939202041150108,-0.06759686985039814,0.29288623873226916,-0.22639088734081914,-0.2416036919233464,-0.012839025952531835,0.022830619067817803,0.4551555533116337
4,100,art_painting,cartoon,art_painting__cartoon,-0.008478808653605951,-0.07480533926585087,0.026531747292910635,0.03568023427390987,0.10981589521236745,-0.023596712357011107,-0.11367547309928427,-0.049267439755939724,-0.03483340827464765,0.08800474570035566,-0.09868211521195769,-0.02216504722307,-0.061949110560534204,-0.015184068583297017,0.058898051874493484,-0.20919195113234768,-0.11694385952737574,-0.14268659627127867,-0.013045511573646085,0.18344921438844475
4,100,art_painting,sketch,art_painting__sketch,-0.008478808653605951,-0.4479437586620169,-0.017661347074981237,-0.0039045651631062217,0.4387612202406416,-0.023596712357011107,-0.43229724429052147,-0.06661252061149747,-0.060672988906971925,0.3892814360360351,-0.09868211521195769,-0.2524798413834033,-0.0798813563895796,-0.059714933332443376,0.2712806002057814,-0.20919195113234768,-0.2416036919233464,-0.008778229253101344,-0.07805751889015944,0.44201741380259274
4,100,cartoon,sketch,cartoon__sketch,-0.07480533926585087,-0.4479437586620169,-0.06845622992929523,-0.07037297677691756,0.45429286799857255,-0.11367547309928427,-0.43229724429052147,-0.17823326165732867,-0.13224940785729256,0.36773945573247707,-0.02216504722307,-0.2524798413834033,0.0038191773385782835,0.00853684442978031,0.2784640659450516,-0.11694385952737574,-0.2416036919233464,-0.027816658874780797,0.02622935675994187,0.33073089257594135
