seed,N,domain_i,domain_j,pair,c,V_F0,V_Fij,V_Fij_CM,DeltaV_ij,DeltaV_ij_CM,D_dose,routing_Fij_CM
0,25,photo,art_painting,photo__art_painting,0.0,0.8415327641275345,0.8272365553562133,0.8326951422997627,-0.014296208771321206,-0.008837621827771813,-0.005458586943549393,"D,F,D,D"
0,25,photo,art_painting,photo__art_painting,0.02,0.8315327641275345,0.8122365553562133,0.8176951422997627,-0.01929620877132121,-0.013837621827771818,-0.005458586943549393,"D,F,D,D"
0,25,photo,art_painting,photo__art_painting,0.05,0.8201570968646186,0.7949301041636981,0.7977431884617449,-0.025226992700920436,-0.022413908402873717,-0.0028130842980467197,"F,F,D,D"
0,25,photo,art_painting,photo__art_painting,0.1,0.818672464573932,0.7699301041636982,0.7782564491107167,-0.04874236041023372,-0.04041601546321527,-0.00832634494701845,"F,F,F,D"
0,25,photo,art_painting,photo__art_painting,0.15,0.818672464573932,0.7471144945555643,0.7682912717772673,-0.07155797001836761,-0.05038119279666464,-0.02117677722170297,"F,F,F,F"
0,25,photo,cartoon,photo__cartoon,0.0,0.8415327641275345,0.8341931125273929,0.8366371000726598,-0.007339651600141606,-0.004895664054874738,-0.002443987545266868,"D,F,D,D"
0,25,photo,cartoon,photo__cartoon,0.02,0.8315327641275345,0.8191931125273929,0.8216371000726598,-0.01233965160014161,-0.009895664054874742,-0.002443987545266868,"D,F,D,D"
0,25,photo,cartoon,photo__cartoon,0.05,0.8201570968646186,0.8022822811422639,0.8046186933718661,-0.01787481572235472,-0.015538403492752484,-0.002336412229602236,"D,F,F,D"
0,25,photo,cartoon,photo__cartoon,0.1,0.818672464573932,0.7914744571385972,0.8000526578246308,-0.027198007435334737,-0.018619806749301193,-0.008578200686033544,"F,F,F,F"
0,25,photo,cartoon,photo__cartoon,0.15,0.818672464573932,0.7914744571385972,0.8000526578246308,-0.027198007435334737,-0.018619806749301193,-0.008578200686033544,"F,F,F,F"
0,25,photo,sketch,photo__sketch,0.0,0.8415327641275345,0.825797612405375,0.8361630783089399,-0.015735151722159557,-0.0053696858185946494,-0.010365465903564908,"D,F,D,D"
0,25,photo,sketch,photo__sketch,0.02,0.8315327641275345,0.8073807546960697,0.8211630783089399,-0.024152009431464783,-0.010369685818594654,-0.013782323612870129,"D,F,D,D"
0,25,photo,sketch,photo__sketch,0.05,0.8201570968646186,0.7862331696822538,0.8093377868556773,-0.03392392718236481,-0.010819310008941319,-0.023104617173423492,"D,F,F,F"
0,25,photo,sketch,photo__sketch,0.1,0.818672464573932,0.7754785345311015,0.804194043534594,-0.04319393004283045,-0.014478421039337941,-0.028715509003492512,"F,F,F,F"
0,25,photo,sketch,photo__sketch,0.15,0.818672464573932,0.7754785345311015,0.804194043534594,-0.04319393004283045,-0.014478421039337941,-0.028715509003492512,"F,F,F,F"
0,25,art_painting,cartoon,art_painting__cartoon,0.0,0.8415327641275345,0.8324652231522136,0.8384907035197993,-0.00906754097532092,-0.003042060607735264,-0.006025480367585656,"D,F,D,D"
0,25,art_painting,cartoon,art_painting__cartoon,0.02,0.8315327641275345,0.8174652231522136,0.8234907035197992,-0.014067540975320925,-0.008042060607735269,-0.006025480367585656,"D,F,D,D"
0,25,art_painting,cartoon,art_painting__cartoon,0.05,0.8201570968646186,0.7997920134278351,0.8080257018262014,-0.02036508343678345,-0.012131395038417203,-0.008233688398366246,"D,F,F,F"
0,25,art_painting,cartoon,art_painting__cartoon,0.1,0.818672464573932,0.7996538318420133,0.8054244660531873,-0.019018632731918617,-0.013247998520744653,-0.005770634211173964,"F,F,F,F"
0,25,art_painting,cartoon,art_painting__cartoon,0.15,0.818672464573932,0.7996538318420133,0.8054244660531873,-0.019018632731918617,-0.013247998520744653,-0.005770634211173964,"F,F,F,F"
0,25,art_painting,sketch,art_painting__sketch,0.0,0.8415327641275345,0.8298942523706043,0.8362444829577331,-0.011638511756930203,-0.005288281169801401,-0.006350230587128802,"D,F,D,D"
0,25,art_painting,sketch,art_painting__sketch,0.02,0.8315327641275345,0.8148942523706043,0.8221655207943189,-0.016638511756930208,-0.009367243333215591,-0.007271268423714616,"D,F,F,D"
0,25,art_painting,sketch,art_painting__sketch,0.05,0.8201570968646186,0.8021707728386976,0.8132763418816438,-0.01798632402592093,-0.006880754982974802,-0.011105569042946128,"D,F,F,F"
0,25,art_painting,sketch,art_painting__sketch,0.1,0.818672464573932,0.7981705903902393,0.8093641256541565,-0.020501874183692648,-0.00930833891977545,-0.011193535263917198,"F,F,F,F"
0,25,art_painting,sketch,art_painting__sketch,0.15,0.818672464573932,0.7981705903902393,0.8093641256541565,-0.020501874183692648,-0.00930833891977545,-0.011193535263917198,"F,F,F,F"
0,25,cartoon,sketch,cartoon__sketch,0.0,0.8415327641275345,0.8266577728791203,0.825797612405375,-0.014874991248414182,-0.015735151722159557,0.000860160473745375,"D,D,D,D"
0,25,cartoon,sketch,cartoon__sketch,0.02,0.8315327641275345,0.8116577728791203,0.8155807360144355,-0.019874991248414187,-0.015952028113099037,-0.0039229631353151495,"D,F,F,D"
0,25,cartoon,sketch,cartoon__sketch,0.05,0.8201570968646186,0.7891577728791204,0.8005807360144354,-0.030999323985498206,-0.019576360850183216,-0.01142296313531499,"D,F,F,D"
0,25,cartoon,sketch,cartoon__sketch,0.1,0.818672464573932,0.7731511279873183,0.7877935457589234,-0.045521336586613614,-0.030878918815008594,-0.01464241777160502,"F,F,F,F"
0,25,cartoon,sketch,cartoon__sketch,0.15,0.818672464573932,0.7606511279873184,0.7877935457589234,-0.05802133658661357,-0.030878918815008594,-0.027142417771604976,"F,F,F,F"
0,50,photo,art_painting,photo__art_painting,0.0,0.8415327641275345,0.825797612405375,0.8347632790595727,-0.015735151722159557,-0.006769485067961822,-0.008965666654197735,"D,F,D,D"
0,50,photo,art_painting,photo__art_painting,0.02,0.8315327641275345,0.81077047010043,0.8197632790595727,-0.0207622940271045,-0.011769485067961827,-0.008992808959142673,"D,F,D,D"
0,50,photo,art_painting,photo__art_painting,0.05,0.8201570968646186,0.7884499443125594,0.799676117881914,-0.03170715255205914,-0.020480978982704623,-0.011226173569354514,"F,F,D,D"
0,50,photo,art_painting,photo__art_painting,0.1,0.818672464573932,0.7634499443125595,0.774676117881914,-0.05522252026137242,-0.04399634669201791,-0.011226173569354514,"F,F,D,D"
0,50,photo,art_painting,photo__art_painting,0.15,0.818672464573932,0.7384499443125596,0.7584538440809196,-0.08022252026137233,-0.0602186204930123,-0.020003899768360034,"F,F,F,D"
0,50,photo,cartoon,photo__cartoon,0.0,0.8415327641275345,0.8274124125542902,0.8344435609654747,-0.014120351573244316,-0.007089203162059854,-0.007031148411184462,"D,F,D,D"
0,50,photo,cartoon,photo__cartoon,0.02,0.8315327641275345,0.8141990311901216,0.8194435609654747,-0.017333732937412916,-0.012089203162059858,-0.005244529775353057,"D,F,D,D"
0,50,photo,cartoon,photo__cartoon,0.05,0.8201570968646186,0.7991990311901216,0.8017688351784613,-0.020958065674496984,-0.01838826168615726,-0.002569803988339725,"D,F,F,D"
0,50,photo,cartoon,photo__cartoon,0.1,0.818672464573932,0.7853733056211893,0.7920140923727056,-0.0332991589527426,-0.026658372201226355,-0.006640786751516248,"F,F,F,F"
0,50,photo,cartoon,photo__cartoon,0.15,0.818672464573932,0.7823508136151942,0.7920140923727056,-0.03632165095873774,-0.026658372201226355,-0.009663278757511384,"F,F,F,F"
0,50,photo,sketch,photo__sketch,0.0,0.8415327641275345,0.8332057249041058,0.8385946636689283,-0.0083270392234287,-0.0029381004586062076,-0.005388938764822493,"D,F,D,D"
0,50,photo,sketch,photo__sketch,0.02,0.8315327641275345,0.8182057249041058,0.8235946636689283,-0.013327039223428705,-0.007938100458606212,-0.005388938764822493,"D,F,D,D"
0,50,photo,sketch,photo__sketch,0.05,0.8201570968646186,0.7957057249041057,0.8018338667042881,-0.024451371960512835,-0.01832323016033044,-0.006128141800182396,"D,F,F,D"
0,50,photo,sketch,photo__sketch,0.1,0.818672464573932,0.7792075233643787,0.7879286877744787,-0.03946494120955324,-0.030743776799453282,-0.008721164410099957,"F,F,F,D"
0,50,photo,sketch,photo__sketch,0.15,0.818672464573932,0.7667075233643788,0.7844423178752296,-0.051964941209553195,-0.03423014669870239,-0.017734794510850804,"F,F,F,F"
0,50,art_painting,cartoon,art_painting__cartoon,0.0,0.8415327641275345,0.833666520639001,0.8399764719565271,-0.007866243488533486,-0.0015562921710073896,-0.006309951317526097,"D,F,D,D"
0,50,art_painting,cartoon,art_painting__cartoon,0.02,0.8315327641275345,0.818666520639001,0.826406585532635,-0.012866243488533491,-0.0051261785948995,-0.007740064893633991,"D,F,F,D"
0,50,art_painting,cartoon,art_painting__cartoon,0.05,0.8201570968646186,0.7961665206390008,0.811406585532635,-0.023990576225617732,-0.008750511331983568,-0.015240064893634164,"D,F,F,D"
0,50,art_painting,cartoon,art_painting__cartoon,0.1,0.818672464573932,0.7912268885187431,0.8032317618831282,-0.027445576055188825,-0.015440702690803776,-0.01200487336438505,"F,F,F,F"
0,50,art_painting,cartoon,art_painting__cartoon,0.15,0.818672464573932,0.7912268885187431,0.8032317618831282,-0.027445576055188825,-0.015440702690803776,-0.01200487336438505,"F,F,F,F"
0,50,art_painting,sketch,art_painting__sketch,0.0,0.8415327641275345,0.825797612405375,0.8371778086315481,-0.015735151722159557,-0.004354955495986412,-0.011380196226173145,"D,F,D,D"
0,50,art_painting,sketch,art_painting__sketch,0.02,0.8315327641275345,0.8104013436595944,0.8226592171506509,-0.021131420467940143,-0.008873546976883584,-0.012257873491056559,"D,F,F,D"
0,50,art_painting,sketch,art_painting__sketch,0.05,0.8201570968646186,0.7879013436595943,0.8076592171506509,-0.03225575320502427,-0.012497879713967652,-0.01975787349105662,"D,F,F,D"
0,50,art_painting,sketch,art_painting__sketch,0.1,0.818672464573932,0.7642039159560576,0.7998758772938752,-0.05446854861787431,-0.01879658728005673,-0.03567196133781758,"F,F,F,F"
0,50,art_painting,sketch,art_painting__sketch,0.15,0.818672464573932,0.7517039159560577,0.7998758772938752,-0.06696854861787427,-0.01879658728005673,-0.04817196133781754,"F,F,F,F"
0,50,cartoon,sketch,cartoon__sketch,0.0,0.8415327641275345,0.8261245855894944,0.8259178800740227,-0.015408178538040107,-0.015614884053511857,0.0002067055154717501,"D,D,F,D"
0,50,cartoon,sketch,cartoon__sketch,0.02,0.8315327641275345,0.8111245855894944,0.8109178800740227,-0.02040817853804011,-0.02061488405351186,0.0002067055154717501,"D,D,F,D"
0,50,cartoon,sketch,cartoon__sketch,0.05,0.8201570968646186,0.7886245855894944,0.7917865986009726,-0.03153251127512413,-0.028370498263646016,-0.0031620130114781153,"D,F,F,D"
0,50,cartoon,sketch,cartoon__sketch,0.1,0.818672464573932,0.7653302302186961,0.7782761356712259,-0.053342234355235885,-0.04039632890270606,-0.012945905452529827,"D,F,F,F"
0,50,cartoon,sketch,cartoon__sketch,0.15,0.818672464573932,0.7528302302186961,0.7705514403055008,-0.06584223435523584,-0.04812102426843112,-0.017721210086804717,"F,F,F,F"
0,100,photo,art_painting,photo__art_painting,0.0,0.8415327641275345,0.8326361372890126,0.8312648608391816,-0.008896626838521882,-0.01026790328835292,0.0013712764498310381,"D,F,D,D"
0,100,photo,art_painting,photo__art_painting,0.02,0.8315327641275345,0.8176361372890126,0.8162648608391816,-0.013896626838521886,-0.015267903288352924,0.0013712764498310381,"D,F,D,D"
0,100,photo,art_painting,photo__art_painting,0.05,0.8201570968646186,0.796543880586554,0.7951286210262374,-0.023613216278064564,-0.025028475838381192,0.0014152595603166285,"F,F,D,D"
0,100,photo,art_painting,photo__art_painting,0.1,0.818672464573932,0.7715438805865541,0.7701286210262375,-0.04712858398737785,-0.048543843547694476,0.0014152595603166285,"F,F,D,D"
0,100,photo,art_painting,photo__art_painting,0.15,0.818672464573932,0.7465438805865541,0.7451286210262376,-0.07212858398737787,-0.07354384354769439,0.0014152595603165175,"F,F,D,D"
0,100,photo,cartoon,photo__cartoon,0.0,0.8415327641275345,0.8293608248073822,0.8327497831663214,-0.01217193932015237,-0.008782980961213105,-0.0033889583589392647,"D,F,D,D"
0,100,photo,cartoon,photo__cartoon,0.02,0.8315327641275345,0.8143608248073821,0.8177497831663214,-0.017171939320152374,-0.01378298096121311,-0.0033889583589392647,"D,F,D,D"
0,100,photo,cartoon,photo__cartoon,0.05,0.8201570968646186,0.8057569579697974,0.8046956588217372,-0.014400138894821168,-0.01546143804288136,0.0010612991480601908,"D,F,F,F"
0,100,photo,cartoon,photo__cartoon,0.1,0.818672464573932,0.8057569579697974,0.8033699332528048,-0.012915506604134541,-0.015302531321127133,0.0023870247169925918,"F,F,F,F"
0,100,photo,cartoon,photo__cartoon,0.15,0.818672464573932,0.8057569579697974,0.8033699332528048,-0.012915506604134541,-0.015302531321127133,0.0023870247169925918,"F,F,F,F"
0,100,photo,sketch,photo__sketch,0.0,0.8415327641275345,0.8295901873038863,0.8346260311779639,-0.011942576823648188,-0.006906732949570671,-0.005035843874077517,"D,F,D,D"
0,100,photo,sketch,photo__sketch,0.02,0.8315327641275345,0.8145901873038863,0.8196260311779638,-0.016942576823648192,-0.011906732949570675,-0.005035843874077517,"D,F,D,D"
0,100,photo,sketch,photo__sketch,0.05,0.8201570968646186,0.7920901873038863,0.7971260311779638,-0.028066909560732323,-0.023031065686654806,-0.005035843874077517,"D,F,D,D"
0,100,photo,sketch,photo__sketch,0.1,0.818672464573932,0.7723818490901547,0.7791020752993276,-0.04629061548377722,-0.03957038927460432,-0.006720226209172897,"F,F,F,D"
0,100,photo,sketch,photo__sketch,0.15,0.818672464573932,0.7674502932443835,0.7666020752993277,-0.05122217132954843,-0.05207038927460428,0.0008482179450558514,"F,F,F,D"
0,100,art_painting,cartoon,art_painting__cartoon,0.0,0.8415327641275345,0.825797612405375,0.8313974551180557,-0.015735151722159557,-0.010135309009478788,-0.005599842712680769,"D,F,D,D"
0,100,art_painting,cartoon,art_painting__cartoon,0.02,0.8315327641275345,0.8087553042540443,0.8163974551180557,-0.022777459873490224,-0.015135309009478792,-0.007642150864011432,"D,F,D,D"
0,100,art_painting,cartoon,art_painting__cartoon,0.05,0.8201570968646186,0.7862553042540441,0.8022167184733076,-0.033901792610574466,-0.017940378391311018,-0.015961414219263448,"D,F,F,F"
0,100,art_painting,cartoon,art_painting__cartoon,0.1,0.818672464573932,0.7681729486852602,0.7959766553982691,-0.05049951588867174,-0.02269580917566283,-0.027803706713008913,"F,F,F,F"
0,100,art_painting,cartoon,art_painting__cartoon,0.15,0.818672464573932,0.7681078305603932,0.7959766553982691,-0.05056463401353872,-0.02269580917566283,-0.027868824837875894,"F,F,F,F"
0,100,art_painting,sketch,art_painting__sketch,0.0,0.8415327641275345,0.825797612405375,0.8283457382281052,-0.015735151722159557,-0.013187025899429328,-0.0025481258227302295,"D,F,D,D"
0,100,art_painting,sketch,art_painting__sketch,0.02,0.8315327641275345,0.8064560237143867,0.8158681661044481,-0.02507674041314778,-0.015664598023086396,-0.009412142390061384,"D,F,F,D"
0,100,art_painting,sketch,art_painting__sketch,0.05,0.8201570968646186,0.7860760861799784,0.8008681661044481,-0.0340810106846402,-0.019288930760170464,-0.014792079924469737,"D,F,F,D"
0,100,art_painting,sketch,art_painting__sketch,0.1,0.818672464573932,0.7648257277990782,0.7795298415025768,-0.05384673677485374,-0.03914262307135519,-0.014704113703498556,"F,F,F,D"
0,100,art_painting,sketch,art_painting__sketch,0.15,0.818672464573932,0.7523257277990782,0.7749669875567077,-0.0663467367748537,-0.04370547701722427,-0.02264125975762943,"F,F,F,F"
0,100,cartoon,sketch,cartoon__sketch,0.0,0.8415327641275345,0.825797612405375,0.825797612405375,-0.015735151722159557,-0.015735151722159557,0.0,"D,D,D,D"
0,100,cartoon,sketch,cartoon__sketch,0.02,0.8315327641275345,0.805797612405375,0.8092705659842805,-0.025735151722159566,-0.02226219814325403,-0.0034729535789055355,"D,D,F,D"
0,100,cartoon,sketch,cartoon__sketch,0.05,0.8201570968646186,0.7822891629729415,0.7867705659842803,-0.037867933891677086,-0.03338653088033827,-0.004481403011338814,"D,D,F,D"
0,100,cartoon,sketch,cartoon__sketch,0.1,0.818672464573932,0.7447891629729415,0.7492705659842804,-0.07388330160099044,-0.06940189858965151,-0.004481403011338925,"D,D,F,D"
0,100,cartoon,sketch,cartoon__sketch,0.15,0.818672464573932,0.7072891629729416,0.7165671389732562,-0.1113833016009903,-0.10210532560067576,-0.009277976000314547,"D,F,F,D"
1,25,photo,art_painting,photo__art_painting,0.0,0.8188822188869986,0.8063775990177904,0.8063775990177904,-0.012504619869208256,-0.012504619869208256,0.0,"D,D,D,D"
1,25,photo,art_painting,photo__art_painting,0.02,0.8038822188869986,0.7863775990177905,0.7894253190467421,-0.01750461986920815,-0.014456899840256554,-0.003047720028951595,"D,D,F,D"
1,25,photo,art_painting,photo__art_painting,0.05,0.7851922296373651,0.7651864331486105,0.7762299877283617,-0.020005796488754668,-0.00896224190900341,-0.011043554579751258,"F,F,F,D"
1,25,photo,art_painting,photo__art_painting,0.1,0.7789813096653946,0.7469301133140265,0.7637299877283616,-0.032051196351368105,-0.015251321937032936,-0.01679987441433517,"F,F,F,D"
1,25,photo,art_painting,photo__art_painting,0.15,0.7789813096653946,0.7344301133140265,0.7544232559169429,-0.04455119635136806,-0.024558053748451658,-0.019993142602916403,"F,F,F,F"
1,25,photo,cartoon,photo__cartoon,0.0,0.8188822188869986,0.8063775990177904,0.8107510866846797,-0.012504619869208256,-0.00813113220231898,-0.004373487666889275,"D,D,F,D"
1,25,photo,cartoon,photo__cartoon,0.02,0.8038822188869986,0.7888499277343405,0.7957510866846796,-0.01503229115265814,-0.00813113220231898,-0.006901158950339159,"D,D,F,D"
1,25,photo,cartoon,photo__cartoon,0.05,0.7851922296373651,0.7689605527150593,0.7787310291893563,-0.01623167692230587,-0.006461200448008797,-0.009770476474297074,"F,F,F,D"
1,25,photo,cartoon,photo__cartoon,0.1,0.7789813096653946,0.7530523733642247,0.7662310291893564,-0.02592893630116988,-0.012750280476038212,-0.013178655825131669,"F,F,F,D"
1,25,photo,cartoon,photo__cartoon,0.15,0.7789813096653946,0.7405523733642247,0.757708647713793,-0.038428936301169836,-0.0212726619516016,-0.017156274349568235,"F,F,F,F"
1,25,photo,sketch,photo__sketch,0.0,0.8188822188869986,0.8097172028830132,0.8141723921551656,-0.009165016003985449,-0.004709826731833067,-0.004455189272152382,"D,D,F,D"
1,25,photo,sketch,photo__sketch,0.02,0.8038822188869986,0.7947172028830132,0.7991723921551656,-0.009165016003985449,-0.004709826731833067,-0.004455189272152382,"D,D,F,D"
1,25,photo,sketch,photo__sketch,0.05,0.7851922296373651,0.7788599165833194,0.7812313777067447,-0.006332313054045691,-0.003960851930620457,-0.0023714611234252336,"D,F,F,D"
1,25,photo,sketch,photo__sketch,0.1,0.7789813096653946,0.7770059175181333,0.7743041912111085,-0.001975392147261279,-0.004677118454286089,0.00270172630702481,"F,F,F,F"
1,25,photo,sketch,photo__sketch,0.15,0.7789813096653946,0.7770059175181333,0.7743041912111085,-0.001975392147261279,-0.004677118454286089,0.00270172630702481,"F,F,F,F"
1,25,art_painting,cartoon,art_painting__cartoon,0.0,0.8188822188869986,0.8116209120453812,0.8134478605392405,-0.00726130684161741,-0.005434358347758184,-0.0018269484938592262,"D,D,F,D"
1,25,art_painting,cartoon,art_painting__cartoon,0.02,0.8038822188869986,0.7966209120453812,0.7984478605392404,-0.00726130684161741,-0.005434358347758184,-0.0018269484938592262,"D,D,F,D"
1,25,art_painting,cartoon,art_painting__cartoon,0.05,0.7851922296373651,0.77609344359244,0.7823388172579393,-0.009098786044925089,-0.0028534123794258237,-0.006245373665499265,"F,F,F,D"
1,25,art_painting,cartoon,art_painting__cartoon,0.1,0.7789813096653946,0.7585279582189084,0.7698388172579393,-0.02045335144648619,-0.009142492407455238,-0.011310859039030952,"F,F,F,D"
1,25,art_painting,cartoon,art_painting__cartoon,0.15,0.7789813096653946,0.7495798826935446,0.7691482487403801,-0.029401426971849998,-0.009833060925014458,-0.01956836604683554,"F,F,F,F"
1,25,art_painting,sketch,art_painting__sketch,0.0,0.8188822188869986,0.8075176237436743,0.8076360584761397,-0.01136459514332433,-0.011246160410858907,-0.00011843473246542224,"D,D,F,D"
1,25,art_painting,sketch,art_painting__sketch,0.02,0.8038822188869986,0.7957462638201378,0.7926360584761397,-0.008135955066860823,-0.011246160410858907,0.003110205343998085,"D,D,F,D"
1,25,art_painting,sketch,art_painting__sketch,0.05,0.7851922296373651,0.7807462638201379,0.7792543749595194,-0.0044459658172272265,-0.005937854677845689,0.0014918888606184622,"D,F,F,F"
1,25,art_painting,sketch,art_painting__sketch,0.1,0.7789813096653946,0.7738558186042204,0.7748493554861701,-0.005125491061174214,-0.004131954179224517,-0.000993536881949697,"F,F,F,F"
1,25,art_painting,sketch,art_painting__sketch,0.15,0.7789813096653946,0.7738558186042204,0.7748493554861701,-0.005125491061174214,-0.004131954179224517,-0.000993536881949697,"F,F,F,F"
1,25,cartoon,sketch,cartoon__sketch,0.0,0.8188822188869986,0.8093663317425157,0.814972040082752,-0.009515887144482926,-0.0039101788042466,-0.005605708340236326,"D,D,F,D"
1,25,cartoon,sketch,cartoon__sketch,0.02,0.8038822188869986,0.7943663317425157,0.799972040082752,-0.009515887144482926,-0.0039101788042466,-0.005605708340236326,"D,D,F,D"
1,25,cartoon,sketch,cartoon__sketch,0.05,0.7851922296373651,0.7718663317425156,0.7774720400827521,-0.013325897894849503,-0.007720189554613066,-0.005605708340236437,"D,D,F,D"
1,25,cartoon,sketch,cartoon__sketch,0.1,0.7789813096653946,0.7369962432935151,0.7456853478146882,-0.04198506637187949,-0.03329596185070638,-0.008689104521173108,"D,D,F,F"
1,25,cartoon,sketch,cartoon__sketch,0.15,0.7789813096653946,0.7119962432935152,0.7362065508155348,-0.0669850663718794,-0.04277475884985982,-0.02421030752201958,"F,F,F,F"
1,50,photo,art_painting,photo__art_painting,0.0,0.8188822188869986,0.8063775990177904,0.8063775990177904,-0.012504619869208256,-0.012504619869208256,0.0,"D,D,D,D"
1,50,photo,art_painting,photo__art_painting,0.02,0.8038822188869986,0.7863775990177905,0.7863775990177905,-0.01750461986920815,-0.01750461986920815,0.0,"D,D,D,D"
1,50,photo,art_painting,photo__art_painting,0.05,0.7851922296373651,0.7563775990177904,0.7629566469207639,-0.028814630619574677,-0.0222355827166012,-0.006579047902973478,"D,F,D,D"
1,50,photo,art_painting,photo__art_painting,0.1,0.7789813096653946,0.7183509644176445,0.7419836760546641,-0.06063034524775013,-0.036997633610730496,-0.023632711637019632,"F,F,F,D"
1,50,photo,art_painting,photo__art_painting,0.15,0.7789813096653946,0.7048354824662191,0.7294836760546641,-0.0741458271991755,-0.04949763361073045,-0.024648193588445055,"F,F,F,D"
1,50,photo,cartoon,photo__cartoon,0.0,0.8188822188869986,0.8063775990177904,0.8063775990177904,-0.012504619869208256,-0.012504619869208256,0.0,"D,D,D,D"
1,50,photo,cartoon,photo__cartoon,0.02,0.8038822188869986,0.7863775990177905,0.7881266059811735,-0.01750461986920815,-0.015755612905825167,-0.001749006963382982,"D,D,F,D"
1,50,photo,cartoon,photo__cartoon,0.05,0.7851922296373651,0.7563775990177904,0.7695567242764595,-0.028814630619574677,-0.015635505360905633,-0.013179125258669044,"F,D,F,D"
1,50,photo,cartoon,photo__cartoon,0.1,0.7789813096653946,0.7300873264471803,0.7526908696482886,-0.048893983218214254,-0.02629044001710601,-0.022603543201108245,"F,F,F,D"
1,50,photo,cartoon,photo__cartoon,0.15,0.7789813096653946,0.7175873264471803,0.7401908696482886,-0.06139398321821432,-0.038790440017105965,-0.022603543201108356,"F,F,F,D"
1,50,photo,sketch,photo__sketch,0.0,0.8188822188869986,0.8063775990177904,0.8077731488286961,-0.012504619869208256,-0.011109070058302528,-0.0013955498109057274,"D,D,F,D"
1,50,photo,sketch,photo__sketch,0.02,0.8038822188869986,0.7863775990177905,0.7927731488286961,-0.01750461986920815,-0.011109070058302528,-0.006395549810905621,"D,D,F,D"
1,50,photo,sketch,photo__sketch,0.05,0.7851922296373651,0.7669270645928666,0.7776142850445719,-0.018265165044498488,-0.007577944592793262,-0.010687220451705226,"D,F,F,F"
1,50,photo,sketch,photo__sketch,0.1,0.7789813096653946,0.762653994450974,0.7744407926648186,-0.016327315214420546,-0.004540517000576005,-0.01178679821384454,"F,F,F,F"
1,50,photo,sketch,photo__sketch,0.15,0.7789813096653946,0.762653994450974,0.7744407926648186,-0.016327315214420546,-0.004540517000576005,-0.01178679821384454,"F,F,F,F"
1,50,art_painting,cartoon,art_painting__cartoon,0.0,0.8188822188869986,0.8063775990177904,0.8083186045769859,-0.012504619869208256,-0.010563614310012737,-0.0019410055591955189,"D,D,F,D"
1,50,art_painting,cartoon,art_painting__cartoon,0.02,0.8038822188869986,0.7863775990177905,0.7933186045769859,-0.01750461986920815,-0.010563614310012737,-0.006941005559195412,"D,D,F,D"
1,50,art_painting,cartoon,art_painting__cartoon,0.05,0.7851922296373651,0.7563775990177904,0.7730432859715708,-0.028814630619574677,-0.012148943665794332,-0.016665686953780345,"F,F,F,D"
1,50,art_painting,cartoon,art_painting__cartoon,0.1,0.7789813096653946,0.7333061300370911,0.7605432859715708,-0.045675179628303475,-0.018438023693823746,-0.02723715593447973,"F,F,F,D"
1,50,art_painting,cartoon,art_painting__cartoon,0.15,0.7789813096653946,0.720806130037091,0.7525104699403203,-0.05817517962830354,-0.026470839725074247,-0.031704339903229295,"F,F,F,F"
1,50,art_painting,sketch,art_painting__sketch,0.0,0.8188822188869986,0.8063775990177904,0.8063775990177904,-0.012504619869208256,-0.012504619869208256,0.0,"D,D,D,D"
1,50,art_painting,sketch,art_painting__sketch,0.02,0.8038822188869986,0.7863775990177905,0.7884106073152503,-0.01750461986920815,-0.015471611571748367,-0.002033008297459782,"D,D,F,D"
1,50,art_painting,sketch,art_painting__sketch,0.05,0.7851922296373651,0.7563775990177904,0.7659106073152503,-0.028814630619574677,-0.019281622322114833,-0.009533008297459844,"D,D,F,D"
1,50,art_painting,sketch,art_painting__sketch,0.1,0.7789813096653946,0.7265817813909399,0.7515255889990742,-0.05239952827445471,-0.027455720666320405,-0.024943807608134305,"F,F,F,F"
1,50,art_painting,sketch,art_painting__sketch,0.15,0.7789813096653946,0.7254094659686642,0.7515255889990742,-0.053571843696730403,-0.027455720666320405,-0.02611612303041,"F,F,F,F"
1,50,cartoon,sketch,cartoon__sketch,0.0,0.8188822188869986,0.8103280302168433,0.8119809562222842,-0.008554188670155338,-0.006901262664714469,-0.001652926005440869,"D,D,F,D"
1,50,cartoon,sketch,cartoon__sketch,0.02,0.8038822188869986,0.7953280302168433,0.7969809562222842,-0.008554188670155338,-0.006901262664714469,-0.001652926005440869,"D,D,F,D"
1,50,cartoon,sketch,cartoon__sketch,0.05,0.7851922296373651,0.7728280302168433,0.7744809562222842,-0.012364199420521804,-0.010711273415080935,-0.001652926005440869,"D,D,F,D"
1,50,cartoon,sketch,cartoon__sketch,0.1,0.7789813096653946,0.7353280302168435,0.7376612513392417,-0.04365327944855113,-0.04132005832615293,-0.002333221122398199,"D,D,F,F"
1,50,cartoon,sketch,cartoon__sketch,0.15,0.7789813096653946,0.7059464846350286,0.7126612513392416,-0.07303482503036596,-0.06632005832615295,-0.006714766704213004,"D,D,F,F"
1,100,photo,art_painting,photo__art_painting,0.0,0.8188822188869986,0.8063775990177904,0.8063775990177904,-0.012504619869208256,-0.012504619869208256,0.0,"D,D,D,D"
1,100,photo,art_painting,photo__art_painting,0.02,0.8038822188869986,0.7863775990177905,0.7863775990177905,-0.01750461986920815,-0.01750461986920815,0.0,"D,D,D,D"
1,100,photo,art_painting,photo__art_painting,0.05,0.7851922296373651,0.7596256407689309,0.765786062540047,-0.025566588868434215,-0.019406167097318128,-0.006160421771116087,"F,F,D,D"
1,100,photo,art_painting,photo__art_painting,0.1,0.7789813096653946,0.7390792600195066,0.7461916668539355,-0.03990204964588795,-0.03278964281145913,-0.007112406834428819,"F,F,F,D"
1,100,photo,art_painting,photo__art_painting,0.15,0.7789813096653946,0.7265792600195066,0.7336916668539354,-0.052402049645888016,-0.045289642811459196,-0.007112406834428819,"F,F,F,D"
1,100,photo,cartoon,photo__cartoon,0.0,0.8188822188869986,0.8063775990177904,0.8063775990177904,-0.012504619869208256,-0.012504619869208256,0.0,"D,D,D,D"
1,100,photo,cartoon,photo__cartoon,0.02,0.8038822188869986,0.7863775990177905,0.7863775990177905,-0.01750461986920815,-0.01750461986920815,0.0,"D,D,D,D"
1,100,photo,cartoon,photo__cartoon,0.05,0.7851922296373651,0.762088694956123,0.7672653718505211,-0.023103534681242155,-0.017926857786843997,-0.005176676894398158,"F,D,F,D"
1,100,photo,cartoon,photo__cartoon,0.1,0.7789813096653946,0.7382277171839349,0.7476562943172489,-0.04075359248145971,-0.03132501534814569,-0.00942857713331402,"F,F,F,D"
1,100,photo,cartoon,photo__cartoon,0.15,0.7789813096653946,0.7257277171839349,0.7351562943172488,-0.053253592481459666,-0.04382501534814576,-0.009428577133313909,"F,F,F,D"
1,100,photo,sketch,photo__sketch,0.0,0.8188822188869986,0.8063775990177904,0.8063775990177904,-0.012504619869208256,-0.012504619869208256,0.0,"D,D,D,D"
1,100,photo,sketch,photo__sketch,0.02,0.8038822188869986,0.788525192355899,0.7864983594335955,-0.015357026531099605,-0.01738385945340315,0.0020268329223035453,"D,D,F,D"
1,100,photo,sketch,photo__sketch,0.05,0.7851922296373651,0.7754107822316804,0.7647112722102498,-0.009781447405684762,-0.02048095742711531,0.010699510021430547,"D,F,F,D"
1,100,photo,sketch,photo__sketch,0.1,0.7789813096653946,0.7629107822316803,0.7496163000782836,-0.016070527433714288,-0.02936500958711097,0.01329448215339668,"F,F,F,F"
1,100,photo,sketch,photo__sketch,0.15,0.7789813096653946,0.7554995403278666,0.7496163000782836,-0.02348176933752799,-0.02936500958711097,0.005883240249582977,"F,F,F,F"
1,100,art_painting,cartoon,art_painting__cartoon,0.0,0.8188822188869986,0.8063775990177904,0.8063775990177904,-0.012504619869208256,-0.012504619869208256,0.0,"D,D,D,D"
1,100,art_painting,cartoon,art_painting__cartoon,0.02,0.8038822188869986,0.7863775990177905,0.7863775990177905,-0.01750461986920815,-0.01750461986920815,0.0,"D,D,D,D"
1,100,art_painting,cartoon,art_painting__cartoon,0.05,0.7851922296373651,0.7563775990177904,0.7593663461880553,-0.028814630619574677,-0.025825883449309806,-0.0029887471702648716,"D,F,F,D"
1,100,art_painting,cartoon,art_painting__cartoon,0.1,0.7789813096653946,0.733355162765555,0.7440362058320926,-0.04562614689983957,-0.03494510383330196,-0.01068104306653761,"F,F,F,D"
1,100,art_painting,cartoon,art_painting__cartoon,0.15,0.7789813096653946,0.7208551627655551,0.7315362058320926,-0.058126146899839526,-0.04744510383330203,-0.010681043066537499,"F,F,F,D"
1,100,art_painting,sketch,art_painting__sketch,0.0,0.8188822188869986,0.8063775990177904,0.8063775990177904,-0.012504619869208256,-0.012504619869208256,0.0,"D,D,D,D"
1,100,art_painting,sketch,art_painting__sketch,0.02,0.8038822188869986,0.7863775990177905,0.788783139670927,-0.01750461986920815,-0.015099079216071676,-0.002405540653136473,"D,D,F,D"
1,100,art_painting,sketch,art_painting__sketch,0.05,0.7851922296373651,0.7632349338206872,0.7662831396709271,-0.021957295816677935,-0.01890908996643803,-0.0030482058502399045,"D,D,F,D"
1,100,art_painting,sketch,art_painting__sketch,0.1,0.7789813096653946,0.7515590241589085,0.7577705121771526,-0.027422285506486066,-0.02121079748824195,-0.006211488018244116,"F,F,F,F"
1,100,art_painting,sketch,art_painting__sketch,0.15,0.7789813096653946,0.7515590241589085,0.7577705121771526,-0.027422285506486066,-0.02121079748824195,-0.006211488018244116,"F,F,F,F"
1,100,cartoon,sketch,cartoon__sketch,0.0,0.8188822188869986,0.8063775990177904,0.8067363210599183,-0.012504619869208256,-0.01214589782708031,-0.0003587220421279458,"D,D,F,D"
1,100,cartoon,sketch,cartoon__sketch,0.02,0.8038822188869986,0.7863775990177905,0.7917363210599183,-0.01750461986920815,-0.01214589782708031,-0.005358722042127839,"D,D,F,D"
1,100,cartoon,sketch,cartoon__sketch,0.05,0.7851922296373651,0.7610810712550784,0.7692363210599183,-0.024111158382286724,-0.015955908577446776,-0.008155249804839948,"D,D,F,D"
1,100,cartoon,sketch,cartoon__sketch,0.1,0.7789813096653946,0.725184825136642,0.7317363210599184,-0.05379648452875263,-0.04724498860547621,-0.006551495923276418,"D,D,F,D"
1,100,cartoon,sketch,cartoon__sketch,0.15,0.7789813096653946,0.7001848251366418,0.6942363210599184,-0.07879648452875276,-0.08474498860547619,0.0059485040767234265,"D,D,F,D"
2,25,photo,art_painting,photo__art_painting,0.0,0.8143105174795101,0.8136349097518751,0.8136172593519416,-0.0006756077276349748,-0.0006932581275684857,1.765039993351092e-05,"D,F,F,D"
2,25,photo,art_painting,photo__art_painting,0.02,0.8043105174795102,0.7989975029414189,0.8036172593519416,-0.0053130145380912985,-0.0006932581275685967,-0.004619756410522702,"D,F,F,D"
2,25,photo,art_painting,photo__art_painting,0.05,0.7909124801036402,0.7874033398968454,0.7939695572356235,-0.003509140206794825,0.0030570771319832213,-0.0065662173387780465,"F,F,F,D"
2,25,photo,art_painting,photo__art_painting,0.1,0.7784124801036403,0.7749033398968455,0.7814695572356235,-0.003509140206794825,0.0030570771319832213,-0.0065662173387780465,"F,F,F,D"
2,25,photo,art_painting,photo__art_painting,0.15,0.7750601093420804,0.7624033398968455,0.7689695572356234,-0.012656769445234861,-0.006090552106456926,-0.0065662173387779355,"F,F,F,D"
2,25,photo,cartoon,photo__cartoon,0.0,0.8143105174795101,0.8094757127782497,0.8171241499413426,-0.004834804701260409,0.002813632461832527,-0.007648437163092936,"D,F,F,D"
2,25,photo,cartoon,photo__cartoon,0.02,0.8043105174795102,0.7999262721887646,0.8071241499413426,-0.004384245290745659,0.002813632461832416,-0.007197877752578075,"D,F,F,D"
2,25,photo,cartoon,photo__cartoon,0.05,0.7909124801036402,0.7924262721887645,0.7987519580291061,0.0015137920851242548,0.00783947792546591,-0.006325685840341655,"F,F,F,D"
2,25,photo,cartoon,photo__cartoon,0.1,0.7784124801036403,0.7799262721887645,0.7862519580291062,0.0015137920851242548,0.00783947792546591,-0.006325685840341655,"F,F,F,D"
2,25,photo,cartoon,photo__cartoon,0.15,0.7750601093420804,0.7674262721887646,0.7737519580291061,-0.007633837153315781,-0.0013081513129742373,-0.006325685840341544,"F,F,F,D"
2,25,photo,sketch,photo__sketch,0.0,0.8143105174795101,0.8077576186749658,0.8142484646113182,-0.006552898804544349,-6.205286819194189e-05,-0.006490845936352407,"D,F,F,D"
2,25,photo,sketch,photo__sketch,0.02,0.8043105174795102,0.7960440702343675,0.8042484646113182,-0.008266447245142694,-6.205286819205291e-05,-0.008204394376950641,"D,F,F,D"
2,25,photo,sketch,photo__sketch,0.05,0.7909124801036402,0.7873934256790429,0.7908504272354482,-0.003519054424597323,-6.205286819205291e-05,-0.0034570015564052703,"F,F,F,D"
2,25,photo,sketch,photo__sketch,0.1,0.7784124801036403,0.7873934256790429,0.7833147392320776,0.008980945575402632,0.004902259128437336,0.004078686446965296,"F,F,F,F"
2,25,photo,sketch,photo__sketch,0.15,0.7750601093420804,0.7873934256790429,0.7833147392320776,0.012333316336962552,0.008254629889997256,0.004078686446965296,"F,F,F,F"
2,25,art_painting,cartoon,art_painting__cartoon,0.0,0.8143105174795101,0.8242862473496028,0.8215971719023597,0.009975729870092653,0.007286654422849592,0.002689075447243061,"D,F,F,D"
2,25,art_painting,cartoon,art_painting__cartoon,0.02,0.8043105174795102,0.8146928236496322,0.8115971719023596,0.010382306170122035,0.00728665442284937,0.0030956517472726652,"D,F,F,D"
2,25,art_painting,cartoon,art_painting__cartoon,0.05,0.7909124801036402,0.8071928236496322,0.8032249799901232,0.01628034354599195,0.012312499886482975,0.003967843659508974,"F,F,F,D"
2,25,art_painting,cartoon,art_painting__cartoon,0.1,0.7784124801036403,0.8006998597483338,0.791881981450348,0.022287379644693517,0.013469501346707768,0.008817878297985748,"F,F,F,F"
2,25,art_painting,cartoon,art_painting__cartoon,0.15,0.7750601093420804,0.8006998597483338,0.791881981450348,0.025639750406253436,0.016821872108267688,0.008817878297985748,"F,F,F,F"
2,25,art_painting,sketch,art_painting__sketch,0.0,0.8143105174795101,0.8140005254006232,0.8092787240049885,-0.0003099920788869337,-0.005031793474521651,0.004721801395634717,"D,F,F,D"
2,25,art_painting,sketch,art_painting__sketch,0.02,0.8043105174795102,0.8040005254006232,0.7992787240049885,-0.0003099920788870447,-0.005031793474521762,0.004721801395634717,"D,F,F,D"
2,25,art_painting,sketch,art_painting__sketch,0.05,0.7909124801036402,0.789000525400623,0.7859246697396041,-0.0019119547030171935,-0.0049878103640361715,0.003075855661018978,"F,F,F,D"
2,25,art_painting,sketch,art_painting__sketch,0.1,0.7784124801036403,0.7828754881741705,0.7834008176493383,0.004463008070530239,0.004988337545698052,-0.0005253294751678128,"F,F,F,F"
2,25,art_painting,sketch,art_painting__sketch,0.15,0.7750601093420804,0.7828754881741705,0.7834008176493383,0.007815378832090158,0.008340708307257971,-0.0005253294751678128,"F,F,F,F"
2,25,cartoon,sketch,cartoon__sketch,0.0,0.8143105174795101,0.8047430283979465,0.8082561359904253,-0.009567489081563574,-0.00605438148908477,-0.0035131075924788036,"D,F,F,D"
2,25,cartoon,sketch,cartoon__sketch,0.02,0.8043105174795102,0.7897430283979465,0.7982561359904253,-0.01456748908156369,-0.006054381489084881,-0.008513107592478808,"D,F,F,D"
2,25,cartoon,sketch,cartoon__sketch,0.05,0.7909124801036402,0.7748363288495481,0.7837532660005061,-0.01607615125409212,-0.007159214103134137,-0.008916937150957982,"F,F,F,D"
2,25,cartoon,sketch,cartoon__sketch,0.1,0.7784124801036403,0.7623363288495482,0.7712532660005061,-0.01607615125409212,-0.007159214103134137,-0.008916937150957982,"F,F,F,D"
2,25,cartoon,sketch,cartoon__sketch,0.15,0.7750601093420804,0.755766650772205,0.7702857357943683,-0.01929345856987541,-0.004774373547712041,-0.01451908502216337,"F,F,F,F"
2,50,photo,art_painting,photo__art_painting,0.0,0.8143105174795101,0.8092017408882217,0.8124683905126006,-0.005108776591288389,-0.001842126966909552,-0.0032666496243788368,"D,F,D,D"
2,50,photo,art_painting,photo__art_painting,0.02,0.8043105174795102,0.7945643340777655,0.7974683905126005,-0.009746183401744712,-0.006842126966909667,-0.002904056434835045,"D,F,D,D"
2,50,photo,art_painting,photo__art_painting,0.05,0.7909124801036402,0.783994510623196,0.783871721026019,-0.006917969480444208,-0.00704075907762125,0.00012278959717704208,"F,F,F,D"
2,50,photo,art_painting,photo__art_painting,0.1,0.7784124801036403,0.7714945106231961,0.771371721026019,-0.006917969480444208,-0.00704075907762125,0.00012278959717704208,"F,F,F,D"
2,50,photo,art_painting,photo__art_painting,0.15,0.7750601093420804,0.7589945106231961,0.758871721026019,-0.016065598718884244,-0.016188388316061397,0.0001227895971771531,"F,F,F,D"
2,50,photo,cartoon,photo__cartoon,0.0,0.8143105174795101,0.8100877346660724,0.813604404956323,-0.004222782813437687,-0.0007061125231870857,-0.003516670290250601,"D,F,F,D"
2,50,photo,cartoon,photo__cartoon,0.02,0.8043105174795102,0.800738565188932,0.803604404956323,-0.003571952290578162,-0.0007061125231871968,-0.0028658397673909652,"D,F,F,D"
2,50,photo,cartoon,photo__cartoon,0.05,0.7909124801036402,0.793238565188932,0.7940039439586746,0.0023260850852917514,0.0030914638550343376,-0.0007653787697425862,"F,F,F,D"
2,50,photo,cartoon,photo__cartoon,0.1,0.7784124801036403,0.780738565188932,0.7815039439586746,0.0023260850852917514,0.0030914638550343376,-0.0007653787697425862,"F,F,F,D"
2,50,photo,cartoon,photo__cartoon,0.15,0.7750601093420804,0.7700444127563182,0.7690039439586747,-0.005015696585762175,-0.006056165383405698,0.0010404687976435234,"F,F,F,D"
2,50,photo,sketch,photo__sketch,0.0,0.8143105174795101,0.8152392289793581,0.8150369769837204,0.0009287114998479673,0.0007264595042102417,0.00020225199563772556,"D,F,F,D"
2,50,photo,sketch,photo__sketch,0.02,0.8043105174795102,0.805239228979358,0.8050369769837203,0.0009287114998477453,0.0007264595042101307,0.00020225199563761453,"D,F,F,D"
2,50,photo,sketch,photo__sketch,0.05,0.7909124801036402,0.7928580579965661,0.7927470302300836,0.0019455778929258205,0.0018345501264434017,0.00011102776648241885,"F,F,F,D"
2,50,photo,sketch,photo__sketch,0.1,0.7784124801036403,0.7887151372038934,0.7916906172596363,0.010302657100253132,0.013278137155996017,-0.002975480055742885,"F,F,F,F"
2,50,photo,sketch,photo__sketch,0.15,0.7750601093420804,0.7887151372038934,0.7916906172596363,0.013655027861813052,0.016630507917555937,-0.002975480055742885,"F,F,F,F"
2,50,art_painting,cartoon,art_painting__cartoon,0.0,0.8143105174795101,0.8092853350246635,0.8138037512030319,-0.005025182454846622,-0.0005067662764781655,-0.004518416178368456,"D,F,F,D"
2,50,art_painting,cartoon,art_painting__cartoon,0.02,0.8043105174795102,0.7942853350246635,0.8042103275030612,-0.010025182454846737,-0.00010018997644900551,-0.009924992478397732,"F,F,F,D"
2,50,art_painting,cartoon,art_painting__cartoon,0.05,0.7909124801036402,0.778617242510185,0.7967103275030611,-0.012295237593455188,0.005797847399420908,-0.018093084992876096,"F,F,F,D"
2,50,art_painting,cartoon,art_painting__cartoon,0.1,0.7784124801036403,0.7661172425101851,0.7842103275030612,-0.012295237593455188,0.005797847399420908,-0.018093084992876096,"F,F,F,D"
2,50,art_painting,cartoon,art_painting__cartoon,0.15,0.7750601093420804,0.7656639365459482,0.7741994030097317,-0.00939617279613214,-0.000860706332348693,-0.008535466463783448,"F,F,F,F"
2,50,art_painting,sketch,art_painting__sketch,0.0,0.8143105174795101,0.8026038174811329,0.8110471397868363,-0.011706699998377257,-0.003263377692673819,-0.008443322305703438,"D,F,F,D"
2,50,art_painting,sketch,art_painting__sketch,0.02,0.8043105174795102,0.7903766063116733,0.8018901766474276,-0.013933911167836932,-0.002420340832082646,-0.011513570335754286,"D,F,F,F"
2,50,art_painting,sketch,art_painting__sketch,0.05,0.7909124801036402,0.7822405926271727,0.7970647596433993,-0.008671887476467521,0.0061522795397590535,-0.014824167016226575,"F,F,F,F"
2,50,art_painting,sketch,art_painting__sketch,0.1,0.7784124801036403,0.7813000477032335,0.7970647596433993,0.002887567599593188,0.01865227953975901,-0.01576471194016582,"F,F,F,F"
2,50,art_painting,sketch,art_painting__sketch,0.15,0.7750601093420804,0.7813000477032335,0.7970647596433993,0.006239938361153108,0.02200465030131893,-0.01576471194016582,"F,F,F,F"
2,50,cartoon,sketch,cartoon__sketch,0.0,0.8143105174795101,0.8003310237173361,0.8019869115126811,-0.013979493762174,-0.012323605966829021,-0.001655887795344979,"D,D,F,D"
2,50,cartoon,sketch,cartoon__sketch,0.02,0.8043105174795102,0.7853310237173361,0.7869869115126811,-0.018979493762174116,-0.017323605966829136,-0.001655887795344979,"D,D,F,D"
2,50,cartoon,sketch,cartoon__sketch,0.05,0.7909124801036402,0.762831023717336,0.7688924524588295,-0.028081456386304215,-0.022020027644810702,-0.006061428741493513,"D,F,F,D"
2,50,cartoon,sketch,cartoon__sketch,0.1,0.7784124801036403,0.7272158008646941,0.7659347444779371,-0.05119667923894622,-0.012477735625703201,-0.03871894361324302,"F,F,F,F"
2,50,cartoon,sketch,cartoon__sketch,0.15,0.7750601093420804,0.7196321667285723,0.7659347444779371,-0.05542794261350803,-0.009125364864143282,-0.04630257774936475,"F,F,F,F"
2,100,photo,art_painting,photo__art_painting,0.0,0.8143105174795101,0.8100239291159108,0.8126213702411437,-0.004286588363599297,-0.0016891472383664397,-0.0025974411252328578,"D,F,D,D"
2,100,photo,art_painting,photo__art_painting,0.02,0.8043105174795102,0.7950239291159108,0.7976213702411437,-0.009286588363599413,-0.006689147238366555,-0.0025974411252328578,"D,F,D,D"
2,100,photo,art_painting,photo__art_painting,0.05,0.7909124801036402,0.7783825314457405,0.7805563794938868,-0.012529948657899692,-0.01035610060975345,-0.002173848048146243,"F,F,D,D"
2,100,photo,art_painting,photo__art_painting,0.1,0.7784124801036403,0.7658825314457406,0.7636802503070841,-0.012529948657899692,-0.014732229796556195,0.0022022811386565033,"F,F,F,D"
2,100,photo,art_painting,photo__art_painting,0.15,0.7750601093420804,0.7533825314457405,0.7511802503070841,-0.02167757789633984,-0.02387985903499623,0.0022022811386563923,"F,F,F,D"
2,100,photo,cartoon,photo__cartoon,0.0,0.8143105174795101,0.8098854084601055,0.8095422334023769,-0.004425109019404627,-0.004768284077133256,0.00034317505772862855,"D,F,D,D"
2,100,photo,cartoon,photo__cartoon,0.02,0.8043105174795102,0.7998854084601055,0.7985718865127618,-0.004425109019404738,-0.005738630966748426,0.0013135219473436877,"F,F,F,D"
2,100,photo,cartoon,photo__cartoon,0.05,0.7909124801036402,0.7902377063437873,0.7910718865127617,-0.0006747737598529202,0.0001594064091214875,-0.0008341801689744077,"F,F,F,D"
2,100,photo,cartoon,photo__cartoon,0.1,0.7784124801036403,0.7777377063437874,0.7785718865127618,-0.0006747737598529202,0.0001594064091214875,-0.0008341801689744077,"F,F,F,D"
2,100,photo,cartoon,photo__cartoon,0.15,0.7750601093420804,0.7652377063437874,0.7660718865127618,-0.009822402998292956,-0.008988222829318548,-0.0008341801689744077,"F,F,F,D"
2,100,photo,sketch,photo__sketch,0.0,0.8143105174795101,0.8101749115778201,0.803577656898811,-0.004135605901690043,-0.01073286058069911,0.006597254679009068,"D,F,F,D"
2,100,photo,sketch,photo__sketch,0.02,0.8043105174795102,0.8053550563090532,0.7935776568988111,0.0010445388295430291,-0.01073286058069911,0.01177739941024214,"D,F,F,D"
2,100,photo,sketch,photo__sketch,0.05,0.7909124801036402,0.8053550563090532,0.7800089419329086,0.014442576205413005,-0.010903538170731641,0.025346114376144646,"F,F,F,D"
2,100,photo,sketch,photo__sketch,0.1,0.7784124801036403,0.8053550563090532,0.7767136061521848,0.02694257620541296,-0.0016988739514555151,0.028641450156868475,"F,F,F,F"
2,100,photo,sketch,photo__sketch,0.15,0.7750601093420804,0.8053550563090532,0.7767136061521848,0.03029494696697288,0.0016534968101044045,0.028641450156868475,"F,F,F,F"
2,100,art_painting,cartoon,art_painting__cartoon,0.0,0.8143105174795101,0.7968275913965692,0.8111397916175822,-0.017482926082940886,-0.0031707258619279033,-0.014312200221012983,"D,F,D,D"
2,100,art_painting,cartoon,art_painting__cartoon,0.02,0.8043105174795102,0.7804629932224455,0.7961397916175822,-0.02384752425706471,-0.008170725861928019,-0.015676798395136693,"D,F,D,D"
2,100,art_painting,cartoon,art_painting__cartoon,0.05,0.7909124801036402,0.7626435146969963,0.7839233964062484,-0.02826896540664392,-0.006989083697391818,-0.021279881709252102,"F,F,F,D"
2,100,art_painting,cartoon,art_painting__cartoon,0.1,0.7784124801036403,0.7470135882733309,0.7768941863853753,-0.03139889183030942,-0.0015182937182649514,-0.029880598112044465,"F,F,F,F"
2,100,art_painting,cartoon,art_painting__cartoon,0.15,0.7750601093420804,0.7442885437699259,0.7768941863853753,-0.030771565572154436,0.0018340770432949682,-0.032605642615449404,"F,F,F,F"
2,100,art_painting,sketch,art_painting__sketch,0.0,0.8143105174795101,0.8054076873094125,0.8057752312010861,-0.008902830170097631,-0.008535286278424037,-0.000367543891673594,"D,F,F,D"
2,100,art_painting,sketch,art_painting__sketch,0.02,0.8043105174795102,0.7954076873094125,0.7989668592528334,-0.008902830170097742,-0.005343658226676817,-0.0035591719434209246,"D,F,F,F"
2,100,art_painting,sketch,art_painting__sketch,0.05,0.7909124801036402,0.7827554145989235,0.7914668592528333,-0.008157065504716732,0.0005543791491930961,-0.008711444653909828,"D,F,F,F"
2,100,art_painting,sketch,art_painting__sketch,0.1,0.7784124801036403,0.7808012612900903,0.7893302574856897,0.0023887811864500286,0.010917777382049465,-0.008528996195599436,"F,F,F,F"
2,100,art_painting,sketch,art_painting__sketch,0.15,0.7750601093420804,0.7808012612900903,0.7893302574856897,0.005741151948009948,0.014270148143609385,-0.008528996195599436,"F,F,F,F"
2,100,cartoon,sketch,cartoon__sketch,0.0,0.8143105174795101,0.7968275913965692,0.7968275913965692,-0.017482926082940886,-0.017482926082940886,0.0,"D,D,D,D"
2,100,cartoon,sketch,cartoon__sketch,0.02,0.8043105174795102,0.7768275913965692,0.7802873518894882,-0.027482926082941006,-0.024023165590022044,-0.003459760492918962,"D,D,F,D"
2,100,cartoon,sketch,cartoon__sketch,0.05,0.7909124801036402,0.7468275913965692,0.7577873518894881,-0.04408488870707106,-0.033125128214152144,-0.010959760492918913,"D,D,F,D"
2,100,cartoon,sketch,cartoon__sketch,0.1,0.7784124801036403,0.7164363488426285,0.7278946760375871,-0.06197613126101176,-0.05051780406605322,-0.01145832719495854,"D,F,F,F"
2,100,cartoon,sketch,cartoon__sketch,0.15,0.7750601093420804,0.6914363488426285,0.7167405592184455,-0.08362376049945186,-0.05831955012363488,-0.025304210375816982,"F,F,F,F"
3,25,photo,art_painting,photo__art_painting,0.0,0.8416302193526375,0.816244009330319,0.8151254370328948,-0.025386210022318445,-0.026504782319742737,0.0011185722974242918,"D,D,D,D"
3,25,photo,art_painting,photo__art_painting,0.02,0.8316302193526375,0.806244009330319,0.7998698894335516,-0.025386210022318445,-0.03176032991908584,0.006374119896767394,"F,F,F,D"
3,25,photo,art_painting,photo__art_painting,0.05,0.819201807251176,0.7912440093303191,0.7938082466104716,-0.02795779792085684,-0.025393560640704416,-0.002564237280152426,"F,F,F,F"
3,25,photo,art_painting,photo__art_painting,0.1,0.817369289745614,0.7733518600736733,0.7938082466104716,-0.04401742967194067,-0.0235610431351424,-0.020456386536798266,"F,F,F,F"
3,25,photo,art_painting,photo__art_painting,0.15,0.817369289745614,0.7629779536241795,0.7938082466104716,-0.05439133612143443,-0.0235610431351424,-0.03083029298629203,"F,F,F,F"
3,25,photo,cartoon,photo__cartoon,0.0,0.8416302193526375,0.8184150549392147,0.8232584072454755,-0.02321516441342275,-0.01837181210716199,-0.004843352306260762,"F,D,F,D"
3,25,photo,cartoon,photo__cartoon,0.02,0.8316302193526375,0.8110027742374604,0.8138212527031139,-0.020627445115177112,-0.017808966649523583,-0.002818478465653529,"F,F,F,D"
3,25,photo,cartoon,photo__cartoon,0.05,0.819201807251176,0.8035027742374604,0.8063212527031139,-0.015699033013715558,-0.012880554548062029,-0.002818478465653529,"F,F,F,D"
3,25,photo,cartoon,photo__cartoon,0.1,0.817369289745614,0.7910027742374603,0.7961721773306638,-0.02636651550815361,-0.021197112414950148,-0.005169403093203462,"F,F,F,F"
3,25,photo,cartoon,photo__cartoon,0.15,0.817369289745614,0.7878864105779768,0.7961721773306638,-0.029482879167637144,-0.021197112414950148,-0.008285766752686996,"F,F,F,F"
3,25,photo,sketch,photo__sketch,0.0,0.8416302193526375,0.8151254370328948,0.8151254370328948,-0.026504782319742737,-0.026504782319742737,0.0,"D,D,D,D"
3,25,photo,sketch,photo__sketch,0.02,0.8316302193526375,0.8008000120923241,0.8039490044513122,-0.03083020726031338,-0.027681214901325246,-0.003148992358988134,"D,D,F,F"
3,25,photo,sketch,photo__sketch,0.05,0.819201807251176,0.7899057540059478,0.7953588938303735,-0.029296053245228215,-0.02384291342080247,-0.005453139824425746,"F,D,F,F"
3,25,photo,sketch,photo__sketch,0.1,0.817369289745614,0.7774057540059478,0.7863656172843534,-0.039963535739666156,-0.031003672461260567,-0.008959863278405589,"F,F,F,F"
3,25,photo,sketch,photo__sketch,0.15,0.817369289745614,0.7761068421919423,0.7863656172843534,-0.0412624475536717,-0.031003672461260567,-0.010258775092411132,"F,F,F,F"
3,25,art_painting,cartoon,art_painting__cartoon,0.0,0.8416302193526375,0.8208540047144733,0.8299908325341403,-0.020776214638164148,-0.011639386818497188,-0.00913682781966696,"D,D,F,D"
3,25,art_painting,cartoon,art_painting__cartoon,0.02,0.8316302193526375,0.8059869083270368,0.8149908325341403,-0.02564331102560069,-0.016639386818497193,-0.009003924207103498,"D,D,F,D"
3,25,art_painting,cartoon,art_painting__cartoon,0.05,0.819201807251176,0.793092251642682,0.7987561113277268,-0.02610955560849393,-0.020445695923449136,-0.005663859685044792,"F,F,F,D"
3,25,art_painting,cartoon,art_painting__cartoon,0.1,0.817369289745614,0.785897610517323,0.7969015857270103,-0.03147167922829097,-0.02046770401860365,-0.011003975209687322,"F,F,F,F"
3,25,art_painting,cartoon,art_painting__cartoon,0.15,0.817369289745614,0.785897610517323,0.7969015857270103,-0.03147167922829097,-0.02046770401860365,-0.011003975209687322,"F,F,F,F"
3,25,art_painting,sketch,art_painting__sketch,0.0,0.8416302193526375,0.8180323249043132,0.8316113001904378,-0.023597894448324275,-0.010018919162199658,-0.013578975286124617,"D,D,F,F"
3,25,art_painting,sketch,art_painting__sketch,0.02,0.8316302193526375,0.8030323249043132,0.8216113001904378,-0.02859789444832428,-0.010018919162199658,-0.01857897528612462,"D,D,F,F"
3,25,art_painting,sketch,art_painting__sketch,0.05,0.819201807251176,0.7805323249043132,0.8066113001904378,-0.03866948234686274,-0.012590507060738165,-0.026078975286124573,"D,D,F,F"
3,25,art_painting,sketch,art_painting__sketch,0.1,0.817369289745614,0.763937383213091,0.7934817077062128,-0.053431906532522944,-0.023887582039401112,-0.029544324493121832,"F,F,F,F"
3,25,art_painting,sketch,art_painting__sketch,0.15,0.817369289745614,0.7637431787965772,0.7934817077062128,-0.0536261109490368,-0.023887582039401112,-0.029738528909635686,"F,F,F,F"
3,25,cartoon,sketch,cartoon__sketch,0.0,0.8416302193526375,0.820798759141257,0.8232697357381608,-0.020831460211380493,-0.01836048361447673,-0.0024709765969037623,"D,D,F,D"
3,25,cartoon,sketch,cartoon__sketch,0.02,0.8316302193526375,0.805798759141257,0.8082697357381607,-0.025831460211380497,-0.023360483614476735,-0.0024709765969037623,"D,D,F,D"
3,25,cartoon,sketch,cartoon__sketch,0.05,0.819201807251176,0.7832987591412571,0.7857697357381609,-0.035903048109918845,-0.03343207151301508,-0.0024709765969037623,"D,D,F,D"
3,25,cartoon,sketch,cartoon__sketch,0.1,0.817369289745614,0.7515138621211763,0.7519431820045674,-0.06585542762443763,-0.06542610774104651,-0.0004293198833911216,"F,D,F,D"
3,25,cartoon,sketch,cartoon__sketch,0.15,0.817369289745614,0.7265138621211764,0.7281613348849918,-0.09085542762443755,-0.08920795486062216,-0.001647472763815383,"F,F,F,D"
3,50,photo,art_painting,photo__art_painting,0.0,0.8416302193526375,0.8151254370328948,0.8165919085553809,-0.026504782319742737,-0.025038310797256602,-0.0014664715224861347,"F,D,D,D"
3,50,photo,art_painting,photo__art_painting,0.02,0.8316302193526375,0.7991288543681887,0.8022900424829504,-0.03250136498444878,-0.02934017686968704,-0.003161188114761737,"F,F,D,D"
3,50,photo,art_painting,photo__art_painting,0.05,0.819201807251176,0.7766288543681888,0.7872900424829504,-0.042572952882987125,-0.03191176476822555,-0.010661188114761577,"F,F,D,D"
3,50,photo,art_painting,photo__art_painting,0.1,0.817369289745614,0.7507616365724556,0.7732069544028233,-0.06660765317315831,-0.04416233534279068,-0.022445317830367628,"F,F,F,D"
3,50,photo,art_painting,photo__art_painting,0.15,0.817369289745614,0.7335041114129472,0.767485704954301,-0.08386517833266671,-0.04988358479131294,-0.03398159354135377,"F,F,F,F"
3,50,photo,cartoon,photo__cartoon,0.0,0.8416302193526375,0.8171987136911175,0.8219247405705812,-0.02443150566151997,-0.019705478782056307,-0.004726026879463663,"F,D,F,D"
3,50,photo,cartoon,photo__cartoon,0.02,0.8316302193526375,0.8071987136911175,0.8119247405705812,-0.02443150566151997,-0.019705478782056307,-0.004726026879463663,"F,D,F,D"
3,50,photo,cartoon,photo__cartoon,0.05,0.819201807251176,0.7921987136911175,0.8022562329475792,-0.027003093560058478,-0.016945574303596778,-0.0100575192564617,"F,F,F,D"
3,50,photo,cartoon,photo__cartoon,0.1,0.817369289745614,0.7771584923132235,0.7897562329475791,-0.04021079743239042,-0.02761305679803483,-0.012597740634355592,"F,F,F,D"
3,50,photo,cartoon,photo__cartoon,0.15,0.817369289745614,0.7646584923132236,0.7772562329475792,-0.05271079743239038,-0.040113056798034785,-0.012597740634355592,"F,F,F,D"
3,50,photo,sketch,photo__sketch,0.0,0.8416302193526375,0.8151254370328948,0.8228743466064607,-0.026504782319742737,-0.01875587274617674,-0.0077489095735659985,"D,D,D,F"
3,50,photo,sketch,photo__sketch,0.02,0.8316302193526375,0.7966133042104171,0.8118590948527091,-0.035016915142220384,-0.01977112449992835,-0.015245790642292034,"D,D,F,F"
3,50,photo,sketch,photo__sketch,0.05,0.819201807251176,0.7882694440965999,0.8033839078430393,-0.030932363154576037,-0.015817899408136715,-0.015114463746439322,"F,D,F,F"
3,50,photo,sketch,photo__sketch,0.1,0.817369289745614,0.7757694440966,0.7945737472247203,-0.04159984564901398,-0.022795542520893664,-0.018804303128120314,"F,F,F,F"
3,50,photo,sketch,photo__sketch,0.15,0.817369289745614,0.7709326586361471,0.7945737472247203,-0.04643663110946683,-0.022795542520893664,-0.023641088588573167,"F,F,F,F"
3,50,art_painting,cartoon,art_painting__cartoon,0.0,0.8416302193526375,0.8151254370328948,0.8220007503287771,-0.026504782319742737,-0.019629469023860424,-0.006875313295882313,"D,D,F,D"
3,50,art_painting,cartoon,art_painting__cartoon,0.02,0.8316302193526375,0.7951254370328948,0.807000750328777,-0.036504782319742635,-0.02462946902386043,-0.011875313295882206,"D,D,F,D"
3,50,art_painting,cartoon,art_painting__cartoon,0.05,0.819201807251176,0.7681452931809626,0.793317139876353,-0.05105651407021339,-0.02588466737482298,-0.02517184669539041,"F,F,F,F"
3,50,art_painting,cartoon,art_painting__cartoon,0.1,0.817369289745614,0.7533062521022081,0.793317139876353,-0.06406303764340582,-0.024052149869260964,-0.040010887774144854,"F,F,F,F"
3,50,art_painting,cartoon,art_painting__cartoon,0.15,0.817369289745614,0.7533062521022081,0.793317139876353,-0.06406303764340582,-0.024052149869260964,-0.040010887774144854,"F,F,F,F"
3,50,art_painting,sketch,art_painting__sketch,0.0,0.8416302193526375,0.8151254370328948,0.8159264065742727,-0.026504782319742737,-0.025703812778364754,-0.0008009695413779827,"D,D,F,D"
3,50,art_painting,sketch,art_painting__sketch,0.02,0.8316302193526375,0.7988963698618563,0.8056742979850274,-0.032733849490781175,-0.025955921367610046,-0.006777928123171129,"D,D,F,F"
3,50,art_painting,sketch,art_painting__sketch,0.05,0.819201807251176,0.7763963698618563,0.7906742979850274,-0.042805437389319634,-0.028527509266148554,-0.01427792812317108,"D,D,F,F"
3,50,art_painting,sketch,art_painting__sketch,0.1,0.817369289745614,0.7514700929011009,0.777142528831933,-0.06589919684451306,-0.04022676091368094,-0.025672435930832127,"F,D,F,F"
3,50,art_painting,sketch,art_painting__sketch,0.15,0.817369289745614,0.7494509191671925,0.7755092701343718,-0.06791837057842143,-0.041860019611242194,-0.026058350967179233,"F,F,F,F"
3,50,cartoon,sketch,cartoon__sketch,0.0,0.8416302193526375,0.8268388787994918,0.8196493465178161,-0.014791340553145682,-0.02198087283482142,0.007189532281675737,"D,D,F,F"
3,50,cartoon,sketch,cartoon__sketch,0.02,0.8316302193526375,0.8118388787994919,0.8096493465178161,-0.019791340553145575,-0.02198087283482142,0.0021895322816758434,"D,D,F,F"
3,50,cartoon,sketch,cartoon__sketch,0.05,0.819201807251176,0.7940403767138539,0.7946493465178159,-0.025161430537322116,-0.024552460733360038,-0.0006089698039620783,"D,D,F,F"
3,50,cartoon,sketch,cartoon__sketch,0.1,0.817369289745614,0.7690403767138538,0.769649346517816,-0.04832891303176012,-0.047719943227797934,-0.0006089698039621894,"D,D,F,F"
3,50,cartoon,sketch,cartoon__sketch,0.15,0.817369289745614,0.7440403767138538,0.7468296969482062,-0.07332891303176015,-0.07053959279740774,-0.0027893202343524104,"F,D,F,F"
3,100,photo,art_painting,photo__art_painting,0.0,0.8416302193526375,0.8243714697514662,0.826073329677974,-0.01725874960117124,-0.01555688967466351,-0.0017018599265077317,"F,F,D,D"
3,100,photo,art_painting,photo__art_painting,0.02,0.8316302193526375,0.8143714697514663,0.816073329677974,-0.01725874960117113,-0.01555688967466351,-0.0017018599265076206,"F,F,D,D"
3,100,photo,art_painting,photo__art_painting,0.05,0.819201807251176,0.7993714697514663,0.8010733296779741,-0.019830337499709638,-0.018128477573201907,-0.0017018599265077317,"F,F,D,D"
3,100,photo,art_painting,photo__art_painting,0.1,0.817369289745614,0.7743714697514663,0.7855803359196989,-0.042997819994147646,-0.03178895382591507,-0.011208866168232579,"F,F,F,D"
3,100,photo,art_painting,photo__art_painting,0.15,0.817369289745614,0.7611416573983343,0.7730803359196989,-0.05622763234727968,-0.04428895382591502,-0.011938678521364654,"F,F,F,D"
3,100,photo,cartoon,photo__cartoon,0.0,0.8416302193526375,0.8216684107914255,0.8262416485723586,-0.01996180856121199,-0.015388570780278887,-0.004573237780933104,"F,D,F,D"
3,100,photo,cartoon,photo__cartoon,0.02,0.8316302193526375,0.8114200323929851,0.8162416485723586,-0.020210186959652376,-0.015388570780278887,-0.004821616179373489,"F,D,F,D"
3,100,photo,cartoon,photo__cartoon,0.05,0.819201807251176,0.7964200323929851,0.8044298562984971,-0.022781774858190884,-0.014771950952678914,-0.00800982390551197,"F,F,F,D"
3,100,photo,cartoon,photo__cartoon,0.1,0.817369289745614,0.7768664843437576,0.7919298562984971,-0.04050280540185636,-0.025439433447116855,-0.015063371954739502,"F,F,F,D"
3,100,photo,cartoon,photo__cartoon,0.15,0.817369289745614,0.7733644432766779,0.781914097147166,-0.0440048464689361,-0.03545519259844798,-0.008549653870488116,"F,F,F,F"
3,100,photo,sketch,photo__sketch,0.0,0.8416302193526375,0.8151254370328948,0.8176835401976383,-0.026504782319742737,-0.02394667915499915,-0.002558103164743586,"D,D,F,F"
3,100,photo,sketch,photo__sketch,0.02,0.8316302193526375,0.7978363184439192,0.8104029344687567,-0.033793900908718255,-0.021227284883880815,-0.01256661602483744,"F,D,F,F"
3,100,photo,sketch,photo__sketch,0.05,0.819201807251176,0.781024642825397,0.8029029344687566,-0.03817716442577901,-0.01629887278241937,-0.021878291643359637,"F,D,F,F"
3,100,photo,sketch,photo__sketch,0.1,0.817369289745614,0.7585704307137391,0.7958773748340623,-0.05879885903187487,-0.02149191491155167,-0.037306944120323204,"F,F,F,F"
3,100,photo,sketch,photo__sketch,0.15,0.817369289745614,0.7583631811124443,0.7958773748340623,-0.059006108633169685,-0.02149191491155167,-0.03751419372161802,"F,F,F,F"
3,100,art_painting,cartoon,art_painting__cartoon,0.0,0.8416302193526375,0.8151254370328948,0.8207622112856467,-0.026504782319742737,-0.02086800806699074,-0.005636774252751997,"D,D,F,D"
3,100,art_painting,cartoon,art_painting__cartoon,0.02,0.8316302193526375,0.7976513660222588,0.8057622112856467,-0.033978853330378644,-0.025868008066990744,-0.0081108452633879,"D,D,F,D"
3,100,art_painting,cartoon,art_painting__cartoon,0.05,0.819201807251176,0.7901513660222589,0.7943721735201876,-0.02905044122891709,-0.024829633730988343,-0.004220807497928747,"F,F,F,D"
3,100,art_painting,cartoon,art_painting__cartoon,0.1,0.817369289745614,0.7776513660222588,0.7931719203055915,-0.03971792372335514,-0.024197369440022487,-0.015520554283332655,"F,F,F,F"
3,100,art_painting,cartoon,art_painting__cartoon,0.15,0.817369289745614,0.7736462366507282,0.7931719203055915,-0.04372305309488578,-0.024197369440022487,-0.01952568365486329,"F,F,F,F"
3,100,art_painting,sketch,art_painting__sketch,0.0,0.8416302193526375,0.8151254370328948,0.8360165734353566,-0.026504782319742737,-0.005613645917280863,-0.020891136402461874,"D,D,F,F"
3,100,art_painting,sketch,art_painting__sketch,0.02,0.8316302193526375,0.7951254370328948,0.8260165734353566,-0.036504782319742635,-0.005613645917280863,-0.030891136402461772,"D,D,F,F"
3,100,art_painting,sketch,art_painting__sketch,0.05,0.819201807251176,0.7771454345346009,0.8111723482653725,-0.04205637271657503,-0.008029458985803428,-0.0340269137307716,"F,D,F,F"
3,100,art_painting,sketch,art_painting__sketch,0.1,0.817369289745614,0.7645287106350098,0.8012382869215369,-0.052840579110604136,-0.01613100282407709,-0.036709576286527046,"F,F,F,F"
3,100,art_painting,sketch,art_painting__sketch,0.15,0.817369289745614,0.7645287106350098,0.8012382869215369,-0.052840579110604136,-0.01613100282407709,-0.036709576286527046,"F,F,F,F"
3,100,cartoon,sketch,cartoon__sketch,0.0,0.8416302193526375,0.8151254370328948,0.8226196634218221,-0.026504782319742737,-0.019010555930815354,-0.007494226388927383,"D,D,F,D"
3,100,cartoon,sketch,cartoon__sketch,0.02,0.8316302193526375,0.7958036026141558,0.8076196634218221,-0.03582661673848164,-0.024010555930815358,-0.011816060807666284,"D,D,F,D"
3,100,cartoon,sketch,cartoon__sketch,0.05,0.819201807251176,0.7733036026141559,0.7918898618859179,-0.0458982046370201,-0.02731194536525805,-0.01858625927176205,"D,D,F,F"
3,100,cartoon,sketch,cartoon__sketch,0.1,0.817369289745614,0.7454054736102109,0.7668898618859179,-0.07196381613540304,-0.05047942785969606,-0.021484388275706978,"D,D,F,F"
3,100,cartoon,sketch,cartoon__sketch,0.15,0.817369289745614,0.7204054736102109,0.7418898618859179,-0.09696381613540306,-0.07547942785969608,-0.021484388275706978,"D,D,F,F"
4,25,photo,art_painting,photo__art_painting,0.0,0.8146520991920625,0.8146520991920625,0.8146520991920625,0.0,0.0,0.0,"D,D,D,D"
4,25,photo,art_painting,photo__art_painting,0.02,0.7946665981949038,0.7979954020304392,0.7953209451509132,0.0033288038355353544,0.0006543469560094106,0.002674456879525944,"F,D,D,D"
4,25,photo,art_painting,photo__art_painting,0.05,0.7765821930688273,0.7754954020304391,0.773312997026348,-0.0010867910383881574,-0.0032691960424792166,0.002182405004091059,"F,F,D,D"
4,25,photo,art_painting,photo__art_painting,0.1,0.769788268602489,0.7392520193019179,0.7555402923699595,-0.030536249300571083,-0.014247976232529491,-0.016288273068041592,"F,F,F,D"
4,25,photo,art_painting,photo__art_painting,0.15,0.769788268602489,0.7217697275780661,0.7432423119330032,-0.04801854102442282,-0.026545956669485782,-0.02147258435493704,"F,F,F,F"
4,25,photo,cartoon,photo__cartoon,0.0,0.8146520991920625,0.8146520991920625,0.8146520991920625,0.0,0.0,0.0,"D,D,D,D"
4,25,photo,cartoon,photo__cartoon,0.02,0.7946665981949038,0.7946520991920624,0.7973275956415239,-1.4499002841450448e-05,0.0026609974466200725,-0.002675496449461523,"D,D,F,D"
4,25,photo,cartoon,photo__cartoon,0.05,0.7765821930688273,0.7694683085813757,0.7792933474594923,-0.007113884487451538,0.0027111543906650493,-0.009825038878116588,"F,D,F,D"
4,25,photo,cartoon,photo__cartoon,0.1,0.769788268602489,0.7471362479425264,0.7661730587803122,-0.022652020659962524,-0.0036152098221767792,-0.019036810837785745,"F,F,F,F"
4,25,photo,cartoon,photo__cartoon,0.15,0.769788268602489,0.7346362479425264,0.7661730587803122,-0.03515202065996259,-0.0036152098221767792,-0.03153681083778581,"F,F,F,F"
4,25,photo,sketch,photo__sketch,0.0,0.8146520991920625,0.8146520991920625,0.8146520991920625,0.0,0.0,0.0,"D,D,D,D"
4,25,photo,sketch,photo__sketch,0.02,0.7946665981949038,0.7946520991920624,0.7946520991920624,-1.4499002841450448e-05,-1.4499002841450448e-05,0.0,"D,D,D,D"
4,25,photo,sketch,photo__sketch,0.05,0.7765821930688273,0.7727080191728549,0.769305138447555,-0.0038741738959723326,-0.007277054621272261,0.0034028807252999282,"D,D,F,D"
4,25,photo,sketch,photo__sketch,0.1,0.769788268602489,0.75720515506837,0.7641296962187808,-0.012583113534118895,-0.005658572383708149,-0.006924541150410746,"F,F,F,F"
4,25,photo,sketch,photo__sketch,0.15,0.769788268602489,0.7534248207184235,0.7641296962187808,-0.016363447884065407,-0.005658572383708149,-0.010704875500357258,"F,F,F,F"
4,25,art_painting,cartoon,art_painting__cartoon,0.0,0.8146520991920625,0.8146520991920625,0.8146520991920625,0.0,0.0,0.0,"D,D,D,D"
4,25,art_painting,cartoon,art_painting__cartoon,0.02,0.7946665981949038,0.7990155264317013,0.7977839993381053,0.004348928236797445,0.0031174011432014703,0.0012315270935959743,"F,D,D,D"
4,25,art_painting,cartoon,art_painting__cartoon,0.05,0.7765821930688273,0.7824103247159593,0.7828340752113813,0.005828131647132029,0.0062518821425540105,-0.00042375049542198173,"F,F,F,D"
4,25,art_painting,cartoon,art_painting__cartoon,0.1,0.769788268602489,0.7682870039864615,0.7763010748337413,-0.001501264616027398,0.006512806231252388,-0.008014070847279786,"F,F,F,F"
4,25,art_painting,cartoon,art_painting__cartoon,0.15,0.769788268602489,0.7682870039864615,0.7763010748337413,-0.001501264616027398,0.006512806231252388,-0.008014070847279786,"F,F,F,F"
4,25,art_painting,sketch,art_painting__sketch,0.0,0.8146520991920625,0.8147096764503046,0.8146520991920625,5.757725824206972e-05,0.0,5.757725824206972e-05,"D,D,D,D"
4,25,art_painting,sketch,art_painting__sketch,0.02,0.7946665981949038,0.7997096764503044,0.7956643370802494,0.005043078255400624,0.0009977388853456004,0.004045339370055023,"D,D,D,F"
4,25,art_painting,sketch,art_painting__sketch,0.05,0.7765821930688273,0.7803647757857046,0.7813418523406679,0.0037825827168773696,0.004759659271840633,-0.0009770765549632632,"D,F,F,F"
4,25,art_painting,sketch,art_painting__sketch,0.1,0.769788268602489,0.775197902823831,0.7772223847538556,0.005409634221342108,0.007434116151366688,-0.0020244819300245798,"F,F,F,F"
4,25,art_painting,sketch,art_painting__sketch,0.15,0.769788268602489,0.775197902823831,0.7772223847538556,0.005409634221342108,0.007434116151366688,-0.0020244819300245798,"F,F,F,F"
4,25,cartoon,sketch,cartoon__sketch,0.0,0.8146520991920625,0.8182296103309571,0.8166425080567363,0.0035775111388945957,0.0019904088646738316,0.0015871022742207641,"D,D,F,D"
4,25,cartoon,sketch,cartoon__sketch,0.02,0.7946665981949038,0.8032296103309571,0.8016425080567363,0.00856301213605326,0.006975909861832497,0.0015871022742207641,"D,D,F,D"
4,25,cartoon,sketch,cartoon__sketch,0.05,0.7765821930688273,0.780729610330957,0.7796423336394667,0.004147417262129749,0.0030601405706394136,0.0010872766914903353,"D,D,F,F"
4,25,cartoon,sketch,cartoon__sketch,0.1,0.769788268602489,0.7474371679246339,0.7660560160504847,-0.022351100677855062,-0.003732252552004267,-0.018618848125850795,"F,F,F,F"
4,25,cartoon,sketch,cartoon__sketch,0.15,0.769788268602489,0.7469331120197358,0.7660560160504847,-0.022855156582753167,-0.003732252552004267,-0.0191229040307489,"F,F,F,F"
4,50,photo,art_painting,photo__art_painting,0.0,0.8146520991920625,0.8146520991920625,0.8146520991920625,0.0,0.0,0.0,"D,D,D,D"
4,50,photo,art_painting,photo__art_painting,0.02,0.7946665981949038,0.7946520991920624,0.7946520991920624,-1.4499002841450448e-05,-1.4499002841450448e-05,0.0,"D,D,D,D"
4,50,photo,art_painting,photo__art_painting,0.05,0.7765821930688273,0.7646520991920623,0.7692937834519732,-0.011930093876764913,-0.0072884096168540635,-0.00464168425991085,"F,D,D,D"
4,50,photo,art_painting,photo__art_painting,0.1,0.769788268602489,0.7269116581880746,0.7376758332748149,-0.04287661041441437,-0.03211243532767405,-0.010764175086740324,"F,F,D,D"
4,50,photo,art_painting,photo__art_painting,0.15,0.769788268602489,0.6924761960029733,0.7221756913434112,-0.07731207259951567,-0.04761257725907775,-0.02969949534043792,"F,F,F,D"
4,50,photo,cartoon,photo__cartoon,0.0,0.8146520991920625,0.8146520991920625,0.8146520991920625,0.0,0.0,0.0,"D,D,D,D"
4,50,photo,cartoon,photo__cartoon,0.02,0.7946665981949038,0.7946520991920624,0.7946520991920624,-1.4499002841450448e-05,-1.4499002841450448e-05,0.0,"D,D,D,D"
4,50,photo,cartoon,photo__cartoon,0.05,0.7765821930688273,0.7646520991920623,0.7740845628569525,-0.011930093876764913,-0.0024976302118747684,-0.009432463664890145,"F,D,F,D"
4,50,photo,cartoon,photo__cartoon,0.1,0.769788268602489,0.7410953038522045,0.7610820208670798,-0.02869296475028449,-0.008706247735409178,-0.01998671701487531,"F,F,F,D"
4,50,photo,cartoon,photo__cartoon,0.15,0.769788268602489,0.7285953038522044,0.7485820208670797,-0.041192964750284555,-0.021206247735409245,-0.01998671701487531,"F,F,F,D"
4,50,photo,sketch,photo__sketch,0.0,0.8146520991920625,0.8146520991920625,0.8146520991920625,0.0,0.0,0.0,"D,D,D,D"
4,50,photo,sketch,photo__sketch,0.02,0.7946665981949038,0.7946520991920624,0.7946520991920624,-1.4499002841450448e-05,-1.4499002841450448e-05,0.0,"D,D,D,D"
4,50,photo,sketch,photo__sketch,0.05,0.7765821930688273,0.7646520991920623,0.765387799478851,-0.011930093876764913,-0.011194393589976204,-0.0007357002867887097,"F,D,D,D"
4,50,photo,sketch,photo__sketch,0.1,0.769788268602489,0.7423608309893615,0.7434609009450599,-0.027427437613127492,-0.026327367657429046,-0.0011000699556984461,"F,F,F,D"
4,50,photo,sketch,photo__sketch,0.15,0.769788268602489,0.7423608309893615,0.7354319639009318,-0.027427437613127492,-0.03435630470155715,0.006928867088429658,"F,F,F,F"
4,50,art_painting,cartoon,art_painting__cartoon,0.0,0.8146520991920625,0.8146520991920625,0.8146520991920625,0.0,0.0,0.0,"D,D,D,D"
4,50,art_painting,cartoon,art_painting__cartoon,0.02,0.7946665981949038,0.7946520991920624,0.7977400162276197,-1.4499002841450448e-05,0.00307341803271588,-0.0030879170355573304,"F,D,D,D"
4,50,art_painting,cartoon,art_painting__cartoon,0.05,0.7765821930688273,0.7646520991920623,0.7812754490811638,-0.011930093876764913,0.0046932560123365,-0.016623349889101413,"F,D,F,D"
4,50,art_painting,cartoon,art_painting__cartoon,0.1,0.769788268602489,0.7446225774449217,0.7755190055893075,-0.025165691157567283,0.005730736986818585,-0.030896428144385868,"F,F,F,F"
4,50,art_painting,cartoon,art_painting__cartoon,0.15,0.769788268602489,0.7321225774449216,0.7755190055893075,-0.03766569115756735,0.005730736986818585,-0.043396428144385935,"F,F,F,F"
4,50,art_painting,sketch,art_painting__sketch,0.0,0.8146520991920625,0.8146520991920625,0.8146520991920625,0.0,0.0,0.0,"D,D,D,D"
4,50,art_painting,sketch,art_painting__sketch,0.02,0.7946665981949038,0.7946520991920624,0.7992296927452978,-1.4499002841450448e-05,0.004563094550393942,-0.004577593553235393,"D,D,D,F"
4,50,art_painting,sketch,art_painting__sketch,0.05,0.7765821930688273,0.7646520991920623,0.7795037667132696,-0.011930093876764913,0.0029215736444423435,-0.014851667521207257,"D,D,F,F"
4,50,art_painting,sketch,art_painting__sketch,0.1,0.769788268602489,0.7312185721275112,0.7769445257291179,-0.038569696474977766,0.007156257126628929,-0.045725953601606695,"F,F,F,F"
4,50,art_painting,sketch,art_painting__sketch,0.15,0.769788268602489,0.7189934180616633,0.7769445257291179,-0.050794850540825665,0.007156257126628929,-0.05795110766745459,"F,F,F,F"
4,50,cartoon,sketch,cartoon__sketch,0.0,0.8146520991920625,0.8146520991920625,0.8146520991920625,0.0,0.0,0.0,"D,D,D,D"
4,50,cartoon,sketch,cartoon__sketch,0.02,0.7946665981949038,0.7946520991920624,0.7953601555086108,-1.4499002841450448e-05,0.0006935573137070161,-0.0007080563165484666,"D,D,F,D"
4,50,cartoon,sketch,cartoon__sketch,0.05,0.7765821930688273,0.7720234723571404,0.7728601555086108,-0.004558720711686837,-0.0037220375602164957,-0.000836683151470341,"D,D,F,D"
4,50,cartoon,sketch,cartoon__sketch,0.1,0.769788268602489,0.7345234723571405,0.7474808821591079,-0.035264796245348395,-0.02230738644338104,-0.012957409801967357,"D,D,F,F"
4,50,cartoon,sketch,cartoon__sketch,0.15,0.769788268602489,0.7116401468662827,0.736090088527967,-0.058148121736206204,-0.033698180074521966,-0.024449941661684238,"F,F,F,F"
4,100,photo,art_painting,photo__art_painting,0.0,0.8146520991920625,0.8146520991920625,0.8146520991920625,0.0,0.0,0.0,"D,D,D,D"
4,100,photo,art_painting,photo__art_painting,0.02,0.7946665981949038,0.7946520991920624,0.7946520991920624,-1.4499002841450448e-05,-1.4499002841450448e-05,0.0,"D,D,D,D"
4,100,photo,art_painting,photo__art_painting,0.05,0.7765821930688273,0.7656431852816706,0.7705253105455693,-0.010939007787156618,-0.006056882523257978,-0.00488212526389864,"F,D,D,D"
4,100,photo,art_painting,photo__art_painting,0.1,0.769788268602489,0.7333487107047284,0.7361737890470869,-0.036439557897760544,-0.03361447955540209,-0.002825078342358456,"F,F,D,D"
4,100,photo,art_painting,photo__art_painting,0.15,0.769788268602489,0.7131340388508121,0.7137950527205292,-0.05665422975167689,-0.05599321588195971,-0.0006610138697171752,"F,F,F,D"
4,100,photo,cartoon,photo__cartoon,0.0,0.8146520991920625,0.8146520991920625,0.8146520991920625,0.0,0.0,0.0,"D,D,D,D"
4,100,photo,cartoon,photo__cartoon,0.02,0.7946665981949038,0.7946520991920624,0.7946520991920624,-1.4499002841450448e-05,-1.4499002841450448e-05,0.0,"D,D,D,D"
4,100,photo,cartoon,photo__cartoon,0.05,0.7765821930688273,0.7693870981863449,0.7763653944534219,-0.007195094882482378,-0.00021679861540535583,-0.006978296267077022,"F,F,F,D"
4,100,photo,cartoon,photo__cartoon,0.1,0.769788268602489,0.7692538488872815,0.7638653944534219,-0.0005344197152074015,-0.005922874149067003,0.005388454433859602,"F,F,F,D"
4,100,photo,cartoon,photo__cartoon,0.15,0.769788268602489,0.7692538488872815,0.752269777113652,-0.0005344197152074015,-0.017518491488836996,0.016984071773629594,"F,F,F,F"
4,100,photo,sketch,photo__sketch,0.0,0.8146520991920625,0.8146520991920625,0.8146520991920625,0.0,0.0,0.0,"D,D,D,D"
4,100,photo,sketch,photo__sketch,0.02,0.7946665981949038,0.7946520991920624,0.7946520991920624,-1.4499002841450448e-05,-1.4499002841450448e-05,0.0,"D,D,D,D"
4,100,photo,sketch,photo__sketch,0.05,0.7765821930688273,0.7680272651738708,0.7776402671182006,-0.008554927894956488,0.0010580740493733032,-0.009613001944329791,"F,F,D,F"
4,100,photo,sketch,photo__sketch,0.1,0.769788268602489,0.7501295196300889,0.7682555486584424,-0.019658748972400053,-0.0015327199440465789,-0.018126029028353474,"F,F,F,F"
4,100,photo,sketch,photo__sketch,0.15,0.769788268602489,0.745296013530055,0.7682555486584424,-0.02449225507243391,-0.0015327199440465789,-0.02295953512838733,"F,F,F,F"
4,100,art_painting,cartoon,art_painting__cartoon,0.0,0.8146520991920625,0.8146520991920625,0.8146520991920625,0.0,0.0,0.0,"D,D,D,D"
4,100,art_painting,cartoon,art_painting__cartoon,0.02,0.7946665981949038,0.7946520991920624,0.7946520991920624,-1.4499002841450448e-05,-1.4499002841450448e-05,0.0,"D,D,D,D"
4,100,art_painting,cartoon,art_painting__cartoon,0.05,0.7765821930688273,0.7646520991920623,0.7704967151512186,-0.011930093876764913,-0.006085477917608606,-0.005844615959156307,"F,D,F,D"
4,100,art_painting,cartoon,art_painting__cartoon,0.1,0.769788268602489,0.7354341421292189,0.7629425800630688,-0.034354126473270075,-0.006845688539420136,-0.02750843793384994,"F,F,F,F"
4,100,art_painting,cartoon,art_painting__cartoon,0.15,0.769788268602489,0.7229341421292188,0.7629425800630688,-0.04685412647327014,-0.006845688539420136,-0.040008437933850005,"F,F,F,F"
4,100,art_painting,sketch,art_painting__sketch,0.0,0.8146520991920625,0.8146520991920625,0.8146520991920625,0.0,0.0,0.0,"D,D,D,D"
4,100,art_painting,sketch,art_painting__sketch,0.02,0.7946665981949038,0.7946520991920624,0.7946520991920624,-1.4499002841450448e-05,-1.4499002841450448e-05,0.0,"D,D,D,D"
4,100,art_painting,sketch,art_painting__sketch,0.05,0.7765821930688273,0.7646520991920623,0.7646520991920623,-0.011930093876764913,-0.011930093876764913,0.0,"D,D,D,D"
4,100,art_painting,sketch,art_painting__sketch,0.1,0.769788268602489,0.7269753662665291,0.7255322210344793,-0.0428129023359598,-0.044256047568009604,0.0014431452320498028,"F,F,F,D"
4,100,art_painting,sketch,art_painting__sketch,0.15,0.769788268602489,0.7265549052701991,0.7192007670293188,-0.04323336333228989,-0.05058750157317016,0.00735413824088027,"F,F,F,F"
4,100,cartoon,sketch,cartoon__sketch,0.0,0.8146520991920625,0.8146520991920625,0.8146520991920625,0.0,0.0,0.0,"D,D,D,D"
4,100,cartoon,sketch,cartoon__sketch,0.02,0.7946665981949038,0.7956213925295483,0.7968008093023489,0.0009547943346445154,0.00213421110744505,-0.0011794167728005345,"D,D,F,D"
4,100,cartoon,sketch,cartoon__sketch,0.05,0.7765821930688273,0.7731213925295483,0.7815410742097135,-0.0034608005392789964,0.004958881140886273,-0.00841968168016527,"D,D,F,F"
4,100,cartoon,sketch,cartoon__sketch,0.1,0.769788268602489,0.7418501535282325,0.7565410742097136,-0.027938115074256475,-0.01324719439277533,-0.014690920681481145,"D,D,F,F"
4,100,cartoon,sketch,cartoon__sketch,0.15,0.769788268602489,0.7179421715795703,0.732153905549146,-0.05184609702291865,-0.037634363053343,-0.014211733969575646,"F,D,F,F"
