state_type,seed,evaluation_split,test_used,ba_photo,ba_art_painting,ba_cartoon,ba_sketch,N,domain,domain_i,domain_j
D,0,validation,False,0.9645774636637501,0.7340881521500979,0.8116371153725156,0.7928877184351361,,,,
D,1,validation,False,0.9608843537414966,0.7531961621008866,0.7930823610573434,0.7183475191714354,,,,
D,2,validation,False,0.9389810800107956,0.6869515173748741,0.7756449666586448,0.7857328015419623,,,,
D,3,validation,False,0.935162694419011,0.7933485989315862,0.7833769551943288,0.7486134995866532,,,,
D,4,validation,False,0.9379450334082465,0.7500283548548953,0.8064552519539161,0.7641797565511917,,,,
F0,0,validation,False,0.9086389345010035,0.7929104032291104,0.8157554711821414,0.7573850493834721,,,,
F0,1,validation,False,0.9185985474877896,0.7107220113560592,0.8431008405341763,0.643503839283553,,,,
F0,2,validation,False,0.8953889305073159,0.71171273054058,0.8208154578247024,0.6723233184957227,,,,
F0,3,validation,False,0.8954490460131649,0.736018528909338,0.8303340507180447,0.8076755333419083,,,,
F0,4,validation,False,0.8607693355428934,0.7149590314810724,0.7865132479652815,0.7169114594207088,,,,
Fi,0,validation,False,0.9107211170217685,0.7415275039054637,0.6678849760906702,0.605680093719532,100.0,art_painting,,
Fi,0,validation,False,0.844058696275445,0.6662611575135422,0.7844100735935545,0.7322829338638133,100.0,cartoon,,
Fi,0,validation,False,0.9240999699842859,0.6902291264764612,0.6322790591954578,0.5489877844907262,100.0,photo,,
Fi,0,validation,False,0.4595616864963758,0.26960818891578625,0.6004874933376201,0.5678546154027984,100.0,sketch,,
Fi,0,validation,False,0.9096394583046418,0.7636766044464396,0.7340112260805037,0.6890948425759506,25.0,art_painting,,
Fi,0,validation,False,0.9035238616519405,0.7529481129974903,0.808124842226155,0.6716441441042545,25.0,cartoon,,
Fi,0,validation,False,0.9302365860446268,0.7402261873589447,0.7266179814164895,0.6386090447430407,25.0,photo,,
Fi,0,validation,False,0.7964264064295846,0.5920991177303601,0.8038727159562987,0.6614955058830285,25.0,sketch,,
Fi,0,validation,False,0.904726381962994,0.7940538980714045,0.709226643455558,0.6114246578790439,50.0,art_painting,,
Fi,0,validation,False,0.8488219042406234,0.7291188169428546,0.7996550921948796,0.7217191014373465,50.0,cartoon,,
Fi,0,validation,False,0.9247696483116792,0.727412525628214,0.6672980299742001,0.5617213261351894,50.0,photo,,
Fi,0,validation,False,0.7181658710659188,0.3605110858168876,0.7103456861369652,0.6055661428701642,50.0,sketch,,
Fi,1,validation,False,0.9061939570043813,0.7179343007645106,0.7036671935951233,0.45873270202575706,100.0,art_painting,,
Fi,1,validation,False,0.7812505784379294,0.49942922823632063,0.7596345868575985,0.5447336927962361,100.0,cartoon,,
Fi,1,validation,False,0.9337287374948268,0.6716922364492783,0.6692099521058863,0.3954488689150821,100.0,photo,,
Fi,1,validation,False,0.44183842271399876,0.2572763805229297,0.5954034762833641,0.498768187775953,100.0,sketch,,
Fi,1,validation,False,0.9288026291204426,0.7171314844583838,0.7843845124155687,0.6052153737843728,25.0,art_painting,,
Fi,1,validation,False,0.8766400134110288,0.6535843199348979,0.8100885720584036,0.6023978410683154,25.0,cartoon,,
Fi,1,validation,False,0.9213268536643716,0.6974486597705091,0.7485030175558853,0.5039364094902697,25.0,photo,,
Fi,1,validation,False,0.8326258200721891,0.61258018676378,0.785755856879984,0.6502002316280047,25.0,sketch,,
Fi,1,validation,False,0.91402430399729,0.7004620487057923,0.7269117406749448,0.5158849590923567,50.0,art_painting,,
Fi,1,validation,False,0.856407782587665,0.5860924440713465,0.8212779946214566,0.5869869101794041,50.0,cartoon,,
Fi,1,validation,False,0.9187744799297318,0.6888587096307891,0.6902437788784751,0.40181189180683063,50.0,photo,,
Fi,1,validation,False,0.6438212642805047,0.46096170462122654,0.7570303408936542,0.5938572640635622,50.0,sketch,,
Fi,2,validation,False,0.9112619463803319,0.7401498190611877,0.6956146419028831,0.5673866733917037,100.0,art_painting,,
Fi,2,validation,False,0.8119418821786532,0.5622201204208548,0.7415481732792307,0.5890634167481086,100.0,cartoon,,
Fi,2,validation,False,0.9249926642267339,0.697632508983218,0.713473877172622,0.5498428776679205,100.0,photo,,
Fi,2,validation,False,0.523249941905591,0.24234287857298878,0.5815208298657035,0.6626523082260941,100.0,sketch,,
Fi,2,validation,False,0.920607385210913,0.7600720579516749,0.7999154801230165,0.6166087929235736,25.0,art_painting,,
Fi,2,validation,False,0.8958957084255035,0.6859585365741317,0.8101463694522665,0.6287541502063262,25.0,cartoon,,
Fi,2,validation,False,0.9056531276458181,0.7095927319161534,0.7436354336536662,0.5495906388843277,25.0,photo,,
Fi,2,validation,False,0.8297190461897278,0.5728715053396456,0.7954676385303461,0.7179695043731849,25.0,sketch,,
Fi,2,validation,False,0.9107551684621445,0.7553622687901614,0.7771429065295522,0.6825247486755367,50.0,art_painting,,
Fi,2,validation,False,0.8755215966005733,0.6450048451560438,0.7825570640184211,0.6365657903632691,50.0,cartoon,,
Fi,2,validation,False,0.9249926642267339,0.7100481984022916,0.691111379155795,0.5130469895377938,50.0,photo,,
Fi,2,validation,False,0.6713901091463461,0.38632342023514893,0.7545786609688931,0.7189611906429788,50.0,sketch,,
Fi,3,validation,False,0.9262502553858029,0.7903645930747266,0.6898323995429985,0.5672977709582746,100.0,art_painting,,
Fi,3,validation,False,0.8448015221414237,0.60091798437102,0.8165690827147315,0.6610443612505815,100.0,cartoon,,
Fi,3,validation,False,0.9709030441987697,0.6955575684057335,0.6703164250938446,0.5384315306496245,100.0,photo,,
Fi,3,validation,False,0.33995721806781715,0.17738990332975296,0.5154046230421157,0.4545200262154773,100.0,sketch,,
Fi,3,validation,False,0.9213241470114186,0.7701533506830331,0.7721814171428903,0.7471906491772541,25.0,art_painting,,
Fi,3,validation,False,0.8702305913095679,0.7025572103677815,0.8445066350870499,0.7731408806667792,25.0,cartoon,,
Fi,3,validation,False,0.9213241470114186,0.7754511545387991,0.734551117399807,0.6126420029627263,25.0,photo,,
Fi,3,validation,False,0.7332300730679882,0.42122986927161543,0.7494690227141678,0.6730816400340238,25.0,sketch,,
Fi,3,validation,False,0.8866654559487868,0.7733100519600351,0.7280249583582634,0.6642687026532464,50.0,art_painting,,
Fi,3,validation,False,0.8454712004688167,0.6403689572189178,0.8331129929826034,0.7046786202795406,50.0,cartoon,,
Fi,3,validation,False,0.9607330140064925,0.7354631247628667,0.7061771154480313,0.5790245938643226,50.0,photo,,
Fi,3,validation,False,0.478660421509619,0.2725299389197942,0.649572985617945,0.6604508229864823,50.0,sketch,,
Fi,4,validation,False,0.8522905268892874,0.6913623191240613,0.6878311327533239,0.5077195082883611,100.0,art_painting,,
Fi,4,validation,False,0.7859639962770425,0.6012835583817882,0.7643482007422115,0.599967599893333,100.0,cartoon,,
Fi,4,validation,False,0.9061599055640054,0.5979999157486873,0.6467148302049146,0.49052057207988964,100.0,photo,,
Fi,4,validation,False,0.41282557688087645,0.28266178719055096,0.5340334065818783,0.47530776749736237,100.0,sketch,,
Fi,4,validation,False,0.9258983905019182,0.7274763750329616,0.7610740054334643,0.6690628885042956,25.0,art_painting,,
Fi,4,validation,False,0.8913475290004768,0.686581989440098,0.8008759299008595,0.6770474024063666,25.0,cartoon,,
Fi,4,validation,False,0.8859276747406416,0.6915623777678254,0.7115591936782816,0.5762622105452336,25.0,photo,,
Fi,4,validation,False,0.7909638827722413,0.6452481521454283,0.747538935873717,0.734966662937075,25.0,sketch,,
Fi,4,validation,False,0.8969773671426301,0.7209113797012737,0.693463046535786,0.5196301377790279,50.0,art_painting,,
Fi,4,validation,False,0.86587137635922,0.6533493785160788,0.7733705841414643,0.7102708480569087,50.0,cartoon,,
Fi,4,validation,False,0.925722458059976,0.6423001685702868,0.6567152381781646,0.4915984655555837,50.0,photo,,
Fi,4,validation,False,0.6489358779363547,0.471344929066115,0.7130480349981492,0.5930204929732389,50.0,sketch,,
Fij,0,validation,False,0.8643169911642817,0.7259189195447752,0.7612435937807643,0.7209518177517513,100.0,,art_painting,cartoon
Fij,0,validation,False,0.8795760301401491,0.7167217973861449,0.7701173652348826,0.6041480126604074,100.0,,art_painting,sketch
Fij,0,validation,False,0.803912048072226,0.5697583511016346,0.7876033176427821,0.6122267164123014,100.0,,cartoon,sketch
Fij,0,validation,False,0.920208436853916,0.7614422516846487,0.6605187884971745,0.5472269954029962,100.0,,photo,art_painting
Fij,0,validation,False,0.9244047513950581,0.7483410017581267,0.7885224242861855,0.7617596544398195,100.0,,photo,cartoon
Fij,0,validation,False,0.9142347212027809,0.7492584517441436,0.733146504978558,0.6731614950520513,100.0,,photo,sketch
Fij,0,validation,False,0.9140247373204627,0.7607585951374526,0.7743554774254059,0.7494765174847319,25.0,,art_painting,cartoon
Fij,0,validation,False,0.8985767338699169,0.7504747120110155,0.7792630454221866,0.7643678702578384,25.0,,art_painting,sketch
Fij,0,validation,False,0.8092848188589488,0.6760870726923919,0.8150777572674974,0.736862218325634,25.0,,cartoon,sketch
Fij,0,validation,False,0.9353516588936898,0.7398439239534514,0.6703746769399801,0.5140585598592395,25.0,,photo,art_painting
Fij,0,validation,False,0.9145525346462896,0.7676701526381697,0.7839937898319995,0.69968135143793,25.0,,photo,cartoon
Fij,0,validation,False,0.8940024903794171,0.7204207213128772,0.7670467753172518,0.7204441511148596,25.0,,photo,sketch
Fij,0,validation,False,0.904726381962994,0.7655637850846021,0.7599399527612299,0.7346774342661463,50.0,,art_painting,cartoon
Fij,0,validation,False,0.8739461919979956,0.7325030771669757,0.7574786762241231,0.6206548667482897,50.0,,art_painting,sketch
Fij,0,validation,False,0.8082973270880469,0.6464374333132048,0.8129450081089937,0.7373610157888354,50.0,,cartoon,sketch
Fij,0,validation,False,0.9152953605122682,0.7339795829303181,0.6563789309641749,0.551467204822895,50.0,,photo,art_painting
Fij,0,validation,False,0.9092745613880208,0.7405473527457591,0.7987835899158411,0.6807977504111556,50.0,,photo,cartoon
Fij,0,validation,False,0.9036787746862434,0.7637206021450214,0.7565429981911143,0.5956699231285915,50.0,,photo,sketch
Fij,1,validation,False,0.8891837782430504,0.6865261784687214,0.739363175179013,0.5264300536654511,100.0,,art_painting,cartoon
Fij,1,validation,False,0.8840817374267239,0.6905328865658795,0.7705117002689305,0.6611097723741003,100.0,,art_painting,sketch
Fij,1,validation,False,0.694374003558812,0.46572934727462834,0.761896250006495,0.6247625346976895,100.0,,cartoon,sketch
Fij,1,validation,False,0.9238765207460584,0.6933928395324422,0.7207001606280904,0.44347600448138563,100.0,,photo,art_painting
Fij,1,validation,False,0.9337287374948268,0.6678339929209641,0.7330006191485134,0.5060089206497008,100.0,,photo,cartoon
Fij,1,validation,False,0.9280988993526734,0.7235239759928348,0.7816727344097778,0.5887025515561805,100.0,,photo,sketch
Fij,1,validation,False,0.9187744799297318,0.68293422060676,0.8140556131677065,0.58255521706998,25.0,,art_painting,cartoon
Fij,1,validation,False,0.8934402082900414,0.6930785266886714,0.7859969213631975,0.7229076180749707,25.0,,art_painting,sketch
Fij,1,validation,False,0.8088904818366124,0.5927461230233086,0.8050372919562443,0.628867165375433,25.0,,cartoon,sketch
Fij,1,validation,False,0.9240524531880007,0.7252633991776625,0.7200570817190078,0.4679159105389223,25.0,,photo,art_painting
Fij,1,validation,False,0.9213268536643716,0.6895634446975486,0.7829716759235436,0.5670896010550811,25.0,,photo,cartoon
Fij,1,validation,False,0.9034683574807522,0.7192043126057266,0.8064407765182345,0.67891022346782,25.0,,photo,sketch
Fij,1,validation,False,0.8988941139902525,0.681342584563323,0.7346403024233534,0.5163607917337355,50.0,,art_painting,cartoon
Fij,1,validation,False,0.8561950920523937,0.6624540422150119,0.7373988171688936,0.6455899124383574,50.0,,art_painting,sketch
Fij,1,validation,False,0.7408939463523924,0.5054823016275154,0.808884085853555,0.6008213368441764,50.0,,cartoon,sketch
Fij,1,validation,False,0.879365612934658,0.6826083645071411,0.6890204332516418,0.4396488239533261,50.0,,photo,art_painting
Fij,1,validation,False,0.9019742850507192,0.6605906929888524,0.7394368085777143,0.4651740735282442,50.0,,photo,cartoon
Fij,1,validation,False,0.8937920731739261,0.7272956140647758,0.7527505167174307,0.6767777738477635,50.0,,photo,sketch
Fij,2,validation,False,0.8764613743161336,0.6814931246783792,0.7443670525568484,0.6748326235283425,100.0,,art_painting,cartoon
Fij,2,validation,False,0.881164466775463,0.7150118643206699,0.735035875816689,0.7919928382475393,100.0,,art_painting,sketch
Fij,2,validation,False,0.7882752774060577,0.5109994998827888,0.7126971450696956,0.7271156529151487,100.0,,cartoon,sketch
Fij,2,validation,False,0.9057950086473843,0.7397368682522402,0.7322654473413756,0.5747461084708918,100.0,,photo,art_painting
Fij,2,validation,False,0.9103902715455234,0.7357409590939722,0.7790867931936917,0.6224288221686677,100.0,,photo,cartoon
Fij,2,validation,False,0.9197016589357286,0.7139682415008212,0.7916321808168485,0.7961181439828148,100.0,,photo,sketch
Fij,2,validation,False,0.920607385210913,0.7628742260105209,0.8095568818351324,0.7097609459367685,25.0,,art_painting,cartoon
Fij,2,validation,False,0.885549745791284,0.7491742005457895,0.782114019503945,0.7146639868556638,25.0,,art_painting,sketch
Fij,2,validation,False,0.8911585645257979,0.6651472346662785,0.8073067146641539,0.6594540892325896,25.0,,cartoon,sketch
Fij,2,validation,False,0.9204314527689706,0.7541807907960978,0.739268314480351,0.5728368708605796,25.0,,photo,art_painting
Fij,2,validation,False,0.9207833176528553,0.7196057167473395,0.7935832528129012,0.5930830736996134,25.0,,photo,cartoon
Fij,2,validation,False,0.8999972254381916,0.7306716264884601,0.7687907728962521,0.7501140778932676,25.0,,photo,sketch
Fij,2,validation,False,0.8910507349646075,0.736782491887251,0.7509029416469194,0.683919577685015,50.0,,art_painting,cartoon
Fij,2,validation,False,0.8852189003150388,0.7100564217131284,0.7667361219808064,0.7631887468039606,50.0,,art_painting,sketch
Fij,2,validation,False,0.8411676869487135,0.5566169808303871,0.7896586959417122,0.6910853031934767,50.0,,cartoon,sketch
Fij,2,validation,False,0.9204314527689706,0.736448115341484,0.743365672840367,0.5905793160468604,50.0,,photo,art_painting
Fij,2,validation,False,0.9251685966686762,0.7399920904528867,0.7720607720922029,0.642956191811507,50.0,,photo,cartoon
Fij,2,validation,False,0.8994563960796282,0.7464435816980995,0.7897994526665746,0.7191611183712717,50.0,,photo,sketch
Fij,3,validation,False,0.9158702413112074,0.7738810423357612,0.7722406808554138,0.6325929821005307,100.0,,art_painting,cartoon
Fij,3,validation,False,0.8759335769903067,0.7021108207619261,0.7583985039992053,0.7216719407886012,100.0,,art_painting,sketch
Fij,3,validation,False,0.7706425037904461,0.475862720055291,0.7660896175193731,0.6870209835708735,100.0,,cartoon,sketch
Fij,3,validation,False,0.9709030441987697,0.7945923800261137,0.6804577057818009,0.4971341706396714,100.0,,photo,art_painting
Fij,3,validation,False,0.961334589453134,0.715134406734676,0.7823834416005669,0.6346053353183345,100.0,,photo,cartoon
Fij,3,validation,False,0.9260062200631086,0.7035317504849544,0.7561302527202398,0.6477845011814745,100.0,,photo,sketch
Fij,3,validation,False,0.9156943088692652,0.751769972194167,0.8062912259206428,0.6698349350852172,25.0,,art_painting,cartoon
Fij,3,validation,False,0.875615763546798,0.6925717812655307,0.7950045066800023,0.6917806636939777,25.0,,art_painting,sketch
Fij,3,validation,False,0.7789428706082131,0.5310562297713011,0.8060702436277778,0.6714739115063304,25.0,,cartoon,sketch
Fij,3,validation,False,0.9361024721345713,0.7968831104057229,0.7118083581677453,0.6071178737886783,25.0,,photo,art_painting
Fij,3,validation,False,0.9405348346235046,0.7836994761245687,0.7911632866151148,0.6361480449487189,25.0,,photo,cartoon
Fij,3,validation,False,0.9015856620735058,0.6881529516755641,0.7675331626769343,0.7471555923417649,25.0,,photo,sketch
Fij,3,validation,False,0.8818812285759687,0.7121552994070109,0.7454563797865996,0.6737321006392533,50.0,,art_painting,cartoon
Fij,3,validation,False,0.8470466050713945,0.6852719039959528,0.778460686510175,0.6870244810912478,50.0,,art_painting,sketch
Fij,3,validation,False,0.7433233177472809,0.4601056657279304,0.7521829468517769,0.7954672666530415,50.0,,cartoon,sketch
Fij,3,validation,False,0.9311763637601871,0.7398797277486537,0.664346854556295,0.4869646568020251,50.0,,photo,art_painting
Fij,3,validation,False,0.9409945290685797,0.7331877134200105,0.7858382271776511,0.5681125068761312,50.0,,photo,cartoon
Fij,3,validation,False,0.9211141631291003,0.6740014570897748,0.7605604617628412,0.7280545525628722,50.0,,photo,sketch
Fij,4,validation,False,0.887301082835804,0.6656915917251327,0.7245641374047473,0.5742248631494301,100.0,,art_painting,cartoon
Fij,4,validation,False,0.8431079884679121,0.648346510869575,0.7066318915757019,0.7081332301676074,100.0,,art_painting,sketch
Fij,4,validation,False,0.7923131056135981,0.5367257698237438,0.7903324253038598,0.689094800545928,100.0,,cartoon,sketch
Fij,4,validation,False,0.8919093777666796,0.6708504565471262,0.6755965645382506,0.4502808603556902,100.0,,photo,art_painting
Fij,4,validation,False,0.8956380104878436,0.6994953576586415,0.7658026286672277,0.7160793987354132,100.0,,photo,cartoon
Fij,4,validation,False,0.8764613743161336,0.713529018782129,0.6871212275537805,0.7040724334681769,100.0,,photo,sketch
Fij,4,validation,False,0.9353987423668021,0.6814290049871629,0.7800344450909483,0.6762858235009327,25.0,,art_painting,cartoon
Fij,4,validation,False,0.8865973530680348,0.6807085433476124,0.7690756492955169,0.7644100655841602,25.0,,art_painting,sketch
Fij,4,validation,False,0.835928809788654,0.6637483406432418,0.8207652965094946,0.6672900011375524,25.0,,cartoon,sketch
Fij,4,validation,False,0.9313182447617534,0.6550548239408102,0.6865260850585092,0.5101065271853772,25.0,,photo,art_painting
Fij,4,validation,False,0.8806497014823726,0.6679954442253717,0.7757200895111697,0.6080847282440799,25.0,,photo,cartoon
Fij,4,validation,False,0.8759335769903067,0.6349070174551094,0.7639556914352997,0.7389029969929785,25.0,,photo,sketch
Fij,4,validation,False,0.8867732855099771,0.6806631427157924,0.7468741250027254,0.54148171664605,50.0,,art_painting,cartoon
Fij,4,validation,False,0.8721708928287667,0.6085277073420811,0.7384952842751911,0.6567797878006144,50.0,,art_painting,sketch
Fij,4,validation,False,0.8066899729858574,0.5969112452049663,0.7859407446142285,0.6539015150101497,50.0,,cartoon,sketch
Fij,4,validation,False,0.8869832693922953,0.6122865061144899,0.6528238784962703,0.481276031782858,50.0,,photo,art_painting
Fij,4,validation,False,0.8757576445483644,0.6829317182739788,0.741512096035283,0.5745104000818174,50.0,,photo,cartoon
Fij,4,validation,False,0.8861376586229597,0.6747557017282441,0.7322253073890318,0.6763246562172105,50.0,,photo,sketch
Fij_CM,0,validation,False,0.8896172113635963,0.7564875230008212,0.7691623770967094,0.7686395101319494,100.0,,art_painting,cartoon
Fij_CM,0,validation,False,0.8792241652562645,0.744280655441019,0.8017268268778875,0.6746363026516599,100.0,,art_painting,sketch
Fij_CM,0,validation,False,0.804899539843128,0.6032744441060006,0.8055289296881376,0.6182796031428403,100.0,,cartoon,sketch
Fij_CM,0,validation,False,0.9200325044119736,0.7559571458853246,0.6604157267024803,0.5180191802051516,100.0,,photo,art_painting
Fij_CM,0,validation,False,0.9092745613880208,0.7618968351938838,0.7866524485057438,0.755655887923571,100.0,,photo,cartoon
Fij_CM,0,validation,False,0.8985767338699169,0.7694018272404536,0.7555420216518042,0.6271464945877377,100.0,,photo,sketch
Fij_CM,0,validation,False,0.9041725205716943,0.7848605166077952,0.7882634866355521,0.7444013403977079,25.0,,art_painting,cartoon
Fij_CM,0,validation,False,0.8989285987538013,0.7758756343595307,0.7953212667188588,0.7673310027844352,25.0,,art_painting,sketch
Fij_CM,0,validation,False,0.8692300675059296,0.7334365587030833,0.8114212032557723,0.7370863535709083,25.0,,cartoon,sketch
Fij_CM,0,validation,False,0.9247696483116792,0.7616782717276488,0.7336901579684023,0.6530270091013385,25.0,,photo,art_painting
Fij_CM,0,validation,False,0.9043484530136366,0.7774461028192372,0.7835634885693413,0.7348525868963078,25.0,,photo,cartoon
Fij_CM,0,validation,False,0.8940024903794171,0.7755500157643577,0.7882327929048861,0.758990875089715,25.0,,photo,sketch
Fij_CM,0,validation,False,0.9041725205716943,0.7908035903547068,0.7973575696769472,0.7205933669291646,50.0,,art_painting,cartoon
Fij_CM,0,validation,False,0.8938265579374748,0.7796089370547905,0.7935627494489271,0.7325052647343082,50.0,,art_painting,sketch
Fij_CM,0,validation,False,0.8336786822008497,0.6975630262578978,0.8121181860471066,0.7388458667161492,50.0,,cartoon,sketch
Fij_CM,0,validation,False,0.9242288189531157,0.7699508187668888,0.6967480201685383,0.598142973405799,50.0,,photo,art_painting
Fij_CM,0,validation,False,0.9043484530136366,0.7686719463904966,0.7809382122244629,0.714097757862226,50.0,,photo,cartoon
Fij_CM,0,validation,False,0.9089567479445121,0.7852763572043114,0.7645939275139549,0.6789422388381395,50.0,,photo,sketch
Fij_CM,1,validation,False,0.8995637923176458,0.7068467025935323,0.751386809245757,0.5389312559455633,100.0,,art_painting,cartoon
Fij_CM,1,validation,False,0.8913475290004768,0.7028487983543533,0.7827045236698897,0.6541811976838906,100.0,,art_painting,sketch
Fij_CM,1,validation,False,0.7754788592942097,0.5327675734532428,0.7945172492258549,0.5482072940730295,100.0,,cartoon,sketch
Fij_CM,1,validation,False,0.9288026291204426,0.7229117408109664,0.7147047783128971,0.4250199546648559,100.0,,photo,art_painting
Fij_CM,1,validation,False,0.9266048269226405,0.6747598519677973,0.7709129792071219,0.5072843361759556,100.0,,photo,cartoon
Fij_CM,1,validation,False,0.887810370147888,0.7060478132075035,0.7735654027205635,0.6310416142371793,100.0,,photo,sketch
Fij_CM,1,validation,False,0.9288026291204426,0.7108417135967355,0.8213634071431436,0.6155852451011988,25.0,,art_painting,cartoon
Fij_CM,1,validation,False,0.8932642758480992,0.72937187792984,0.7981161988907406,0.6786450692760003,25.0,,art_painting,sketch
Fij_CM,1,validation,False,0.8364933652078098,0.6396719626379598,0.8274601253171899,0.6412007500991797,25.0,,cartoon,sketch
Fij_CM,1,validation,False,0.923700588304116,0.7275986022647453,0.7852732411731499,0.5811205919257603,25.0,,photo,art_painting
Fij_CM,1,validation,False,0.9213268536643716,0.714673432196718,0.8105763117249005,0.5842579932691822,25.0,,photo,cartoon
Fij_CM,1,validation,False,0.898542249106368,0.7214321043072026,0.8242615336068438,0.6529808778240195,25.0,,photo,sketch
Fij_CM,1,validation,False,0.9185985474877896,0.7043806939329327,0.8008463832941254,0.5862162550464337,50.0,,art_painting,cartoon
Fij_CM,1,validation,False,0.8811774988081995,0.7001318743435229,0.7812143942471826,0.6435785885973916,50.0,,art_painting,sketch
Fij_CM,1,validation,False,0.7988623326459017,0.5957660001482242,0.8154957898753185,0.6210686996392649,50.0,,cartoon,sketch
Fij_CM,1,validation,False,0.9089222631809635,0.7295123537127802,0.7111525681534773,0.44056781808629497,50.0,,photo,art_painting
Fij_CM,1,validation,False,0.9266048269226405,0.6857327435882032,0.7800783889108756,0.5469945875674643,50.0,,photo,cartoon
Fij_CM,1,validation,False,0.8981903842224834,0.714947401671675,0.7986645603009659,0.6859608244641499,50.0,,photo,sketch
Fij_CM,2,validation,False,0.9066877028898322,0.7442003182589259,0.7490727629342733,0.7076159614584696,100.0,,art_painting,cartoon
Fij_CM,2,validation,False,0.880434672942221,0.7122515262302144,0.7861355170213715,0.7784993137489524,100.0,,art_painting,sketch
Fij_CM,2,validation,False,0.7943646127342296,0.5962000927369203,0.7694840086303204,0.7069135227723116,100.0,,cartoon,sketch
Fij_CM,2,validation,False,0.9107211170217685,0.7501266327531716,0.708140449911434,0.5137065791487008,100.0,,photo,art_painting
Fij_CM,2,validation,False,0.9207833176528553,0.7378100853981046,0.7699613414581249,0.6123074537329896,100.0,,photo,cartoon
Fij_CM,2,validation,False,0.8947062201471863,0.7029726099853538,0.7866241360571322,0.722551458419067,100.0,,photo,sketch
Fij_CM,2,validation,False,0.9154923123618499,0.7397162017509055,0.8219586043057749,0.6903608073828617,25.0,,art_painting,cartoon
Fij_CM,2,validation,False,0.8955648629492583,0.7117722919688505,0.8006287224983452,0.7256373931808993,25.0,,art_painting,sketch
Fij_CM,2,validation,False,0.8909696000511191,0.6941524311961348,0.8141582312128085,0.6818626807174111,25.0,,cartoon,sketch
Fij_CM,2,validation,False,0.9103902715455234,0.7424006564657439,0.7873544993892644,0.5819601710001381,25.0,,photo,art_painting
Fij_CM,2,validation,False,0.9154923123618499,0.7247661118278153,0.8190166063847972,0.5974604547444605,25.0,,photo,cartoon
Fij_CM,2,validation,False,0.8953889305073159,0.7350235535778051,0.7972564233147094,0.7055900495284801,25.0,,photo,sketch
Fij_CM,2,validation,False,0.920607385210913,0.739374299724217,0.7911268235351525,0.6456891035686442,50.0,,art_painting,cartoon
Fij_CM,2,validation,False,0.8996794119946829,0.7146942685930374,0.8047804090015498,0.7691049489843269,50.0,,art_painting,sketch
Fij_CM,2,validation,False,0.8807995698588421,0.6545736811594685,0.796282247123092,0.732083479770346,50.0,,cartoon,sketch
Fij_CM,2,validation,False,0.9155053443945864,0.7495147138389993,0.7347340243285282,0.5809996475709571,50.0,,photo,art_painting
Fij_CM,2,validation,False,0.9105792360202022,0.7274182464548941,0.80228549181764,0.5913258214028868,50.0,,photo,cartoon
Fij_CM,2,validation,False,0.8998212929962494,0.7497011313952778,0.7857328949868453,0.7315071496601727,50.0,,photo,sketch
Fij_CM,3,validation,False,0.905983973122063,0.7669671691666977,0.8059240522053365,0.6938124867282687,100.0,,art_painting,cartoon
Fij_CM,3,validation,False,0.8857857937390751,0.703612353556243,0.7958436277552909,0.8197113726355384,100.0,,art_painting,sketch
Fij_CM,3,validation,False,0.7734759328752655,0.5153036286522988,0.813353860750038,0.7256942934430365,100.0,,cartoon,sketch
Fij_CM,3,validation,False,0.9605570815645502,0.8117457823663637,0.7214049801612287,0.5442867031514388,100.0,,photo,art_painting
Fij_CM,3,validation,False,0.9610167760096253,0.7561014298361396,0.8019877197615699,0.608550462981329,100.0,,photo,cartoon
Fij_CM,3,validation,False,0.9260402715034844,0.7152463603928086,0.7913580727214464,0.7508647947185096,100.0,,photo,sketch
Fij_CM,3,validation,False,0.9054902272366121,0.748082181288331,0.8428385371993107,0.6911953971837874,25.0,,art_painting,cartoon
Fij_CM,3,validation,False,0.8655405308829749,0.7104523925307227,0.8118466038614448,0.7860873035497092,25.0,,art_painting,sketch
Fij_CM,3,validation,False,0.8498564794846377,0.6482212104532833,0.8159541500153928,0.5350416360632746,25.0,,cartoon,sketch
Fij_CM,3,validation,False,0.9213241470114186,0.7851573674769724,0.7643845436591625,0.7043669282943327,25.0,,photo,art_painting
Fij_CM,3,validation,False,0.9356087262491204,0.77559998076214,0.8154628042145422,0.6580171980968527,25.0,,photo,cartoon
Fij_CM,3,validation,False,0.9108022519352569,0.7073754927475049,0.7828532251281443,0.7444314993265071,25.0,,photo,sketch
Fij_CM,3,validation,False,0.8912056479989104,0.7518296451861708,0.8108782083778578,0.7193550579424727,50.0,,art_painting,cartoon
Fij_CM,3,validation,False,0.8810356178066333,0.6868155641413412,0.7865808333598405,0.7476050652296719,50.0,,art_painting,sketch
Fij_CM,3,validation,False,0.7938840961405715,0.5468184498203575,0.7896807354490452,0.7604053572716218,50.0,,cartoon,sketch
Fij_CM,3,validation,False,0.9410285805089555,0.7761411346418641,0.7270446028738201,0.6257285017925646,50.0,,photo,art_painting
Fij_CM,3,validation,False,0.94018296973962,0.764674568439578,0.8055538940244654,0.5724167733885448,50.0,,photo,cartoon
Fij_CM,3,validation,False,0.9112619463803319,0.7081079564583099,0.7793159481793219,0.7796091378809171,50.0,,photo,sketch
Fij_CM,4,validation,False,0.8964495698168032,0.6801256232064248,0.7713291793819845,0.7038659478470627,100.0,,art_painting,cartoon
Fij_CM,4,validation,False,0.8568647703797871,0.6542860425741005,0.7267983146328382,0.6388539405305493,100.0,,art_painting,sketch
Fij_CM,4,validation,False,0.7903963587659758,0.5827096236237799,0.7950500923950619,0.7431408161806506,100.0,,cartoon,sketch
Fij_CM,4,validation,False,0.9114378788222742,0.6626222688609652,0.6669403066476857,0.5313017946336108,100.0,,photo,art_painting
Fij_CM,4,validation,False,0.9053142947946698,0.7021313952121968,0.7838361312556293,0.6177972871921116,100.0,,photo,cartoon
Fij_CM,4,validation,False,0.8912396994392864,0.723124038591073,0.7189163781148834,0.7397420784885266,100.0,,photo,sketch
Fij_CM,4,validation,False,0.9304726339924179,0.7124538075350112,0.7742301027669046,0.688047755040632,25.0,,art_painting,cartoon
Fij_CM,4,validation,False,0.8714671630609975,0.7070383153934187,0.7821553524570665,0.74822870810394,25.0,,art_painting,sketch
Fij_CM,4,validation,False,0.8517286781230845,0.6818994397841289,0.8144168874126114,0.7161790588821138,25.0,,cartoon,sketch
Fij_CM,4,validation,False,0.9206204172436495,0.7019965623566348,0.7353644333283617,0.6149878348033668,25.0,,photo,art_painting
Fij_CM,4,validation,False,0.9058080406801208,0.6959414113664283,0.7971572377517618,0.6657855453229378,25.0,,photo,cartoon
Fij_CM,4,validation,False,0.8865973530680348,0.683149547196205,0.7750674089758866,0.711704475634997,25.0,,photo,sketch
Fij_CM,4,validation,False,0.9302967015504756,0.6950041691131225,0.7805969833680926,0.6961781683255396,50.0,,art_painting,cartoon
Fij_CM,4,validation,False,0.8813534312501419,0.6963829930763926,0.7675515478258033,0.7624901307641336,50.0,,art_painting,sketch
Fij_CM,4,validation,False,0.8162243762911172,0.6261858374474609,0.7892874772201098,0.7126626631531799,50.0,,cartoon,sketch
Fij_CM,4,validation,False,0.9065117704478901,0.6735565541462617,0.694454684228301,0.5244487912263268,50.0,,photo,art_painting
Fij_CM,4,validation,False,0.9105922680529386,0.6980181868954043,0.7715378719687846,0.5953404897634353,50.0,,photo,cartoon
Fij_CM,4,validation,False,0.8908878345554017,0.6706047345353873,0.7481712781382587,0.6320640083746795,50.0,,photo,sketch
